# Source File: event_5170893_a5a557b5-40cc-4b47-8281-ca957c13036d.gsdata
# Data Type:   GS Data
# Record Count: 2100
# Format: dateTime (epoch ms), dateTime (UTC ISO), x, y, z
dateTime,dateTimeISO,x,y,z
1786783632000,2026-08-15T08:47:12.000Z,-39,18,1020
1786783632010,2026-08-15T08:47:12.010Z,25,-52,961
1786783632020,2026-08-15T08:47:12.020Z,71,-50,937
1786783632030,2026-08-15T08:47:12.030Z,-4,-36,922
1786783632040,2026-08-15T08:47:12.040Z,61,-77,969
1786783632050,2026-08-15T08:47:12.050Z,61,-77,969
1786783632060,2026-08-15T08:47:12.060Z,8,-29,950
1786783632070,2026-08-15T08:47:12.070Z,51,40,1013
1786783632080,2026-08-15T08:47:12.080Z,-36,22,978
1786783632090,2026-08-15T08:47:12.090Z,-25,-6,1016
1786783632100,2026-08-15T08:47:12.100Z,-87,25,984
1786783632110,2026-08-15T08:47:12.110Z,3,-6,997
1786783632120,2026-08-15T08:47:12.120Z,-45,-19,941
1786783632130,2026-08-15T08:47:12.130Z,56,-2,992
1786783632140,2026-08-15T08:47:12.140Z,68,-71,1016
1786783632150,2026-08-15T08:47:12.150Z,32,-23,972
1786783632160,2026-08-15T08:47:12.160Z,32,-23,972
1786783632170,2026-08-15T08:47:12.170Z,-41,12,1001
1786783632180,2026-08-15T08:47:12.180Z,26,52,1012
1786783632190,2026-08-15T08:47:12.190Z,-84,36,1003
1786783632200,2026-08-15T08:47:12.200Z,15,-16,998
1786783632210,2026-08-15T08:47:12.210Z,-16,-6,969
1786783632220,2026-08-15T08:47:12.220Z,116,-12,1039
1786783632230,2026-08-15T08:47:12.230Z,71,-83,977
1786783632240,2026-08-15T08:47:12.240Z,112,-27,979
1786783632250,2026-08-15T08:47:12.250Z,112,-27,979
1786783632260,2026-08-15T08:47:12.260Z,39,22,1005
1786783632270,2026-08-15T08:47:12.270Z,-59,29,966
1786783632280,2026-08-15T08:47:12.280Z,-32,44,1017
1786783632290,2026-08-15T08:47:12.290Z,-121,-44,931
1786783632300,2026-08-15T08:47:12.300Z,-25,-71,944
1786783632310,2026-08-15T08:47:12.310Z,46,-77,977
1786783632320,2026-08-15T08:47:12.320Z,46,-65,1015
1786783632330,2026-08-15T08:47:12.330Z,141,-69,984
1786783632340,2026-08-15T08:47:12.340Z,106,-81,980
1786783632350,2026-08-15T08:47:12.350Z,18,-8,1015
1786783632360,2026-08-15T08:47:12.360Z,-65,-8,1035
1786783632370,2026-08-15T08:47:12.370Z,-68,23,1008
1786783632380,2026-08-15T08:47:12.380Z,-61,4,1058
1786783632390,2026-08-15T08:47:12.390Z,-78,-8,1002
1786783632400,2026-08-15T08:47:12.400Z,31,-42,918
1786783632410,2026-08-15T08:47:12.410Z,96,-54,951
1786783632420,2026-08-15T08:47:12.420Z,14,-71,928
1786783632430,2026-08-15T08:47:12.430Z,149,-75,995
1786783632440,2026-08-15T08:47:12.440Z,26,-54,1003
1786783632450,2026-08-15T08:47:12.450Z,-14,2,1006
1786783632460,2026-08-15T08:47:12.460Z,-42,-12,1031
1786783632470,2026-08-15T08:47:12.470Z,-42,-12,1031
1786783632480,2026-08-15T08:47:12.480Z,-121,8,982
1786783632490,2026-08-15T08:47:12.490Z,-147,-8,953
1786783632500,2026-08-15T08:47:12.500Z,66,-12,1007
1786783632510,2026-08-15T08:47:12.510Z,-28,-44,916
1786783632520,2026-08-15T08:47:12.520Z,112,-63,977
1786783632530,2026-08-15T08:47:12.530Z,136,-25,1005
1786783632540,2026-08-15T08:47:12.540Z,55,2,991
1786783632550,2026-08-15T08:47:12.550Z,-144,2,988
1786783632560,2026-08-15T08:47:12.560Z,-44,54,1009
1786783632570,2026-08-15T08:47:12.570Z,-59,14,1050
1786783632580,2026-08-15T08:47:12.580Z,-131,-31,952
1786783632590,2026-08-15T08:47:12.590Z,101,-4,978
1786783632600,2026-08-15T08:47:12.600Z,59,-4,1023
1786783632610,2026-08-15T08:47:12.610Z,80,-48,973
1786783632620,2026-08-15T08:47:12.620Z,104,-16,966
1786783632630,2026-08-15T08:47:12.630Z,15,12,1013
1786783632640,2026-08-15T08:47:12.640Z,-107,36,1022
1786783632650,2026-08-15T08:47:12.650Z,-67,54,982
1786783632660,2026-08-15T08:47:12.660Z,-67,54,982
1786783632670,2026-08-15T08:47:12.670Z,-88,54,968
1786783632680,2026-08-15T08:47:12.680Z,101,42,958
1786783632690,2026-08-15T08:47:12.690Z,67,10,986
1786783632700,2026-08-15T08:47:12.700Z,3,8,952
1786783632710,2026-08-15T08:47:12.710Z,78,14,982
1786783632720,2026-08-15T08:47:12.720Z,62,14,976
1786783632730,2026-08-15T08:47:12.730Z,71,54,973
1786783632740,2026-08-15T08:47:12.740Z,-158,69,990
1786783632750,2026-08-15T08:47:12.750Z,-46,69,1027
1786783632760,2026-08-15T08:47:12.760Z,-32,77,1021
1786783632770,2026-08-15T08:47:12.770Z,-80,54,1020
1786783632780,2026-08-15T08:47:12.780Z,84,12,1030
1786783632790,2026-08-15T08:47:12.790Z,48,-27,931
1786783632800,2026-08-15T08:47:12.800Z,68,-58,907
1786783632810,2026-08-15T08:47:12.810Z,133,-18,932
1786783632820,2026-08-15T08:47:12.820Z,79,34,998
1786783632830,2026-08-15T08:47:12.830Z,-82,27,965
1786783632840,2026-08-15T08:47:12.840Z,-25,60,1006
1786783632850,2026-08-15T08:47:12.850Z,-33,71,1007
1786783632860,2026-08-15T08:47:12.860Z,3,23,920
1786783632870,2026-08-15T08:47:12.870Z,3,23,920
1786783632880,2026-08-15T08:47:12.880Z,48,-8,944
1786783632890,2026-08-15T08:47:12.890Z,89,-48,939
1786783632900,2026-08-15T08:47:12.900Z,125,-50,931
1786783632910,2026-08-15T08:47:12.910Z,88,-38,960
1786783632920,2026-08-15T08:47:12.920Z,-38,29,969
1786783632930,2026-08-15T08:47:12.930Z,-49,22,949
1786783632940,2026-08-15T08:47:12.940Z,-31,-4,979
1786783632950,2026-08-15T08:47:12.950Z,-99,54,936
1786783632960,2026-08-15T08:47:12.960Z,30,12,950
1786783632970,2026-08-15T08:47:12.970Z,-5,-21,938
1786783632980,2026-08-15T08:47:12.980Z,44,-36,991
1786783632990,2026-08-15T08:47:12.990Z,31,-12,965
1786783633000,2026-08-15T08:47:13.000Z,84,-19,978
1786783633010,2026-08-15T08:47:13.010Z,59,4,996
1786783633020,2026-08-15T08:47:13.020Z,-164,42,966
1786783633030,2026-08-15T08:47:13.030Z,-67,65,1066
1786783633040,2026-08-15T08:47:13.040Z,-106,83,1008
1786783633050,2026-08-15T08:47:13.050Z,-202,64,960
1786783633060,2026-08-15T08:47:13.060Z,-13,32,1040
1786783633070,2026-08-15T08:47:13.070Z,63,10,955
1786783633080,2026-08-15T08:47:13.080Z,-13,-31,994
1786783633090,2026-08-15T08:47:13.090Z,11,4,989
1786783633100,2026-08-15T08:47:13.100Z,-21,44,1090
1786783633110,2026-08-15T08:47:13.110Z,-75,18,1079
1786783633120,2026-08-15T08:47:13.120Z,-75,62,1045
1786783633130,2026-08-15T08:47:13.130Z,-102,89,1039
1786783633140,2026-08-15T08:47:13.140Z,-187,67,978
1786783633150,2026-08-15T08:47:13.150Z,-23,38,977
1786783633160,2026-08-15T08:47:13.160Z,-14,-23,1012
1786783633170,2026-08-15T08:47:13.170Z,76,-32,1055
1786783633180,2026-08-15T08:47:13.180Z,88,-31,1002
1786783633190,2026-08-15T08:47:13.190Z,70,-29,954
1786783633200,2026-08-15T08:47:13.200Z,-47,46,1049
1786783633210,2026-08-15T08:47:13.210Z,-18,91,1092
1786783633220,2026-08-15T08:47:13.220Z,-179,36,1041
1786783633230,2026-08-15T08:47:13.230Z,-86,14,1108
1786783633240,2026-08-15T08:47:13.240Z,-28,-12,1017
1786783633250,2026-08-15T08:47:13.250Z,-28,-12,1017
1786783633260,2026-08-15T08:47:13.260Z,74,-81,985
1786783633270,2026-08-15T08:47:13.270Z,128,-27,997
1786783633280,2026-08-15T08:47:13.280Z,159,-25,997
1786783633290,2026-08-15T08:47:13.290Z,49,-34,984
1786783633300,2026-08-15T08:47:13.300Z,-3,14,934
1786783633310,2026-08-15T08:47:13.310Z,-142,48,870
1786783633320,2026-08-15T08:47:13.320Z,-62,69,965
1786783633330,2026-08-15T08:47:13.330Z,-158,75,849
1786783633340,2026-08-15T08:47:13.340Z,-53,58,890
1786783633350,2026-08-15T08:47:13.350Z,22,0,980
1786783633360,2026-08-15T08:47:13.360Z,149,-42,1016
1786783633370,2026-08-15T08:47:13.370Z,124,-69,1002
1786783633380,2026-08-15T08:47:13.380Z,56,40,1004
1786783633390,2026-08-15T08:47:13.390Z,105,40,995
1786783633400,2026-08-15T08:47:13.400Z,-36,73,901
1786783633410,2026-08-15T08:47:13.410Z,-36,73,901
1786783633420,2026-08-15T08:47:13.420Z,-149,10,816
1786783633430,2026-08-15T08:47:13.430Z,163,27,878
1786783633440,2026-08-15T08:47:13.440Z,63,-2,878
1786783633450,2026-08-15T08:47:13.450Z,184,-29,1059
1786783633460,2026-08-15T08:47:13.460Z,-32,8,970
1786783633470,2026-08-15T08:47:13.470Z,161,-6,968
1786783633480,2026-08-15T08:47:13.480Z,-99,52,963
1786783633490,2026-08-15T08:47:13.490Z,-24,79,1124
1786783633500,2026-08-15T08:47:13.500Z,-239,123,1128
1786783633510,2026-08-15T08:47:13.510Z,-154,117,1103
1786783633520,2026-08-15T08:47:13.520Z,-60,96,1014
1786783633530,2026-08-15T08:47:13.530Z,149,77,967
1786783633540,2026-08-15T08:47:13.540Z,63,-29,825
1786783633550,2026-08-15T08:47:13.550Z,123,-85,944
1786783633560,2026-08-15T08:47:13.560Z,3,-48,1008
1786783633570,2026-08-15T08:47:13.570Z,11,-21,1064
1786783633580,2026-08-15T08:47:13.580Z,-81,60,1087
1786783633590,2026-08-15T08:47:13.590Z,-227,77,954
1786783633600,2026-08-15T08:47:13.600Z,-155,48,993
1786783633610,2026-08-15T08:47:13.610Z,-170,23,883
1786783633620,2026-08-15T08:47:13.620Z,10,0,1046
1786783633630,2026-08-15T08:47:13.630Z,9,-2,1100
1786783633640,2026-08-15T08:47:13.640Z,129,-31,1129
1786783633650,2026-08-15T08:47:13.650Z,115,-69,947
1786783633660,2026-08-15T08:47:13.660Z,115,-69,947
1786783633670,2026-08-15T08:47:13.670Z,-2,-56,817
1786783633680,2026-08-15T08:47:13.680Z,-8,-4,915
1786783633690,2026-08-15T08:47:13.690Z,-120,14,963
1786783633700,2026-08-15T08:47:13.700Z,-89,14,1022
1786783633710,2026-08-15T08:47:13.710Z,-47,-93,918
1786783633720,2026-08-15T08:47:13.720Z,-47,-93,918
1786783633730,2026-08-15T08:47:13.730Z,47,-34,897
1786783633740,2026-08-15T08:47:13.740Z,47,-34,897
1786783633750,2026-08-15T08:47:13.750Z,66,-16,911
1786783633760,2026-08-15T08:47:13.760Z,-7,50,948
1786783633770,2026-08-15T08:47:13.770Z,-27,87,975
1786783633780,2026-08-15T08:47:13.780Z,-77,93,987
1786783633790,2026-08-15T08:47:13.790Z,-47,-4,995
1786783633800,2026-08-15T08:47:13.800Z,-156,4,937
1786783633810,2026-08-15T08:47:13.810Z,47,-10,990
1786783633820,2026-08-15T08:47:13.820Z,11,-34,963
1786783633830,2026-08-15T08:47:13.830Z,138,-27,1040
1786783633840,2026-08-15T08:47:13.840Z,-79,-18,935
1786783633850,2026-08-15T08:47:13.850Z,137,16,1056
1786783633860,2026-08-15T08:47:13.860Z,34,50,1018
1786783633870,2026-08-15T08:47:13.870Z,34,50,1018
1786783633880,2026-08-15T08:47:13.880Z,-92,75,1019
1786783633890,2026-08-15T08:47:13.890Z,-115,62,1018
1786783633900,2026-08-15T08:47:13.900Z,-34,25,950
1786783633910,2026-08-15T08:47:13.910Z,-17,16,983
1786783633920,2026-08-15T08:47:13.920Z,73,2,991
1786783633930,2026-08-15T08:47:13.930Z,-37,-8,929
1786783633940,2026-08-15T08:47:13.940Z,150,-8,1000
1786783633950,2026-08-15T08:47:13.950Z,-80,4,929
1786783633960,2026-08-15T08:47:13.960Z,102,2,1081
1786783633970,2026-08-15T08:47:13.970Z,-57,-23,1071
1786783633980,2026-08-15T08:47:13.980Z,-96,-34,1051
1786783633990,2026-08-15T08:47:13.990Z,4,10,1059
1786783634000,2026-08-15T08:47:14.000Z,28,-25,955
1786783634010,2026-08-15T08:47:14.010Z,64,-32,914
1786783634020,2026-08-15T08:47:14.020Z,107,-34,950
1786783634030,2026-08-15T08:47:14.030Z,8,-40,935
1786783634040,2026-08-15T08:47:14.040Z,51,-12,1017
1786783634050,2026-08-15T08:47:14.050Z,-52,10,1040
1786783634060,2026-08-15T08:47:14.060Z,-52,10,1040
1786783634070,2026-08-15T08:47:14.070Z,-90,-50,965
1786783634080,2026-08-15T08:47:14.080Z,-30,-34,948
1786783634090,2026-08-15T08:47:14.090Z,-71,-8,943
1786783634100,2026-08-15T08:47:14.100Z,-14,-31,974
1786783634110,2026-08-15T08:47:14.110Z,47,-60,942
1786783634120,2026-08-15T08:47:14.120Z,115,-79,949
1786783634130,2026-08-15T08:47:14.130Z,102,-40,924
1786783634140,2026-08-15T08:47:14.140Z,101,-8,969
1786783634150,2026-08-15T08:47:14.150Z,-42,38,1000
1786783634160,2026-08-15T08:47:14.160Z,-42,38,1000
1786783634170,2026-08-15T08:47:14.170Z,-72,32,998
1786783634180,2026-08-15T08:47:14.180Z,-150,22,939
1786783634190,2026-08-15T08:47:14.190Z,-48,-18,926
1786783634200,2026-08-15T08:47:14.200Z,43,-18,929
1786783634210,2026-08-15T08:47:14.210Z,60,-27,985
1786783634220,2026-08-15T08:47:14.220Z,67,-31,965
1786783634230,2026-08-15T08:47:14.230Z,-2,-6,957
1786783634240,2026-08-15T08:47:14.240Z,8,40,1012
1786783634250,2026-08-15T08:47:14.250Z,-99,58,1028
1786783634260,2026-08-15T08:47:14.260Z,-111,32,1011
1786783634270,2026-08-15T08:47:14.270Z,-40,65,1040
1786783634280,2026-08-15T08:47:14.280Z,10,48,1027
1786783634290,2026-08-15T08:47:14.290Z,18,29,977
1786783634300,2026-08-15T08:47:14.300Z,-41,22,970
1786783634310,2026-08-15T08:47:14.310Z,-11,20,1005
1786783634320,2026-08-15T08:47:14.320Z,-2,20,1014
1786783634330,2026-08-15T08:47:14.330Z,6,16,1023
1786783634340,2026-08-15T08:47:14.340Z,17,75,1049
1786783634350,2026-08-15T08:47:14.350Z,-38,65,1049
1786783634360,2026-08-15T08:47:14.360Z,-108,85,969
1786783634370,2026-08-15T08:47:14.370Z,-108,85,969
1786783634380,2026-08-15T08:47:14.380Z,3,64,994
1786783634390,2026-08-15T08:47:14.390Z,0,34,1013
1786783634400,2026-08-15T08:47:14.400Z,46,18,1024
1786783634410,2026-08-15T08:47:14.410Z,19,8,982
1786783634420,2026-08-15T08:47:14.420Z,43,52,1017
1786783634430,2026-08-15T08:47:14.430Z,-12,40,987
1786783634440,2026-08-15T08:47:14.440Z,-25,54,1035
1786783634450,2026-08-15T08:47:14.450Z,-51,56,1054
1786783634460,2026-08-15T08:47:14.460Z,-103,58,1031
1786783634470,2026-08-15T08:47:14.470Z,33,4,987
1786783634480,2026-08-15T08:47:14.480Z,-1,-18,923
1786783634490,2026-08-15T08:47:14.490Z,125,-32,985
1786783634500,2026-08-15T08:47:14.500Z,14,-63,919
1786783634510,2026-08-15T08:47:14.510Z,85,-60,948
1786783634520,2026-08-15T08:47:14.520Z,69,-19,936
1786783634530,2026-08-15T08:47:14.530Z,49,-10,1003
1786783634540,2026-08-15T08:47:14.540Z,49,-10,1003
1786783634550,2026-08-15T08:47:14.550Z,-104,-18,941
1786783634560,2026-08-15T08:47:14.560Z,40,-23,1003
1786783634570,2026-08-15T08:47:14.570Z,6,-46,930
1786783634580,2026-08-15T08:47:14.580Z,28,-65,866
1786783634590,2026-08-15T08:47:14.590Z,11,-58,895
1786783634600,2026-08-15T08:47:14.600Z,112,-71,935
1786783634610,2026-08-15T08:47:14.610Z,112,-71,935
1786783634620,2026-08-15T08:47:14.620Z,14,-50,951
1786783634630,2026-08-15T08:47:14.630Z,38,-12,1009
1786783634640,2026-08-15T08:47:14.640Z,-133,-10,970
1786783634650,2026-08-15T08:47:14.650Z,-24,-36,970
1786783634660,2026-08-15T08:47:14.660Z,-24,-36,970
1786783634670,2026-08-15T08:47:14.670Z,15,-61,949
1786783634680,2026-08-15T08:47:14.680Z,5,-63,998
1786783634690,2026-08-15T08:47:14.690Z,50,-81,997
1786783634700,2026-08-15T08:47:14.700Z,-15,-46,972
1786783634710,2026-08-15T08:47:14.710Z,73,-2,1074
1786783634720,2026-08-15T08:47:14.720Z,-7,16,1028
1786783634730,2026-08-15T08:47:14.730Z,-116,12,1060
1786783634740,2026-08-15T08:47:14.740Z,-137,25,1042
1786783634750,2026-08-15T08:47:14.750Z,-74,34,1048
1786783634760,2026-08-15T08:47:14.760Z,-68,0,969
1786783634770,2026-08-15T08:47:14.770Z,-48,16,988
1786783634780,2026-08-15T08:47:14.780Z,-20,-14,1004
1786783634790,2026-08-15T08:47:14.790Z,-20,-14,1004
1786783634800,2026-08-15T08:47:14.800Z,65,-2,1052
1786783634810,2026-08-15T08:47:14.810Z,-36,12,1079
1786783634820,2026-08-15T08:47:14.820Z,-119,44,1085
1786783634830,2026-08-15T08:47:14.830Z,-114,22,1081
1786783634840,2026-08-15T08:47:14.840Z,-150,31,1007
1786783634850,2026-08-15T08:47:14.850Z,-55,10,1013
1786783634860,2026-08-15T08:47:14.860Z,-51,-16,954
1786783634870,2026-08-15T08:47:14.870Z,88,-36,978
1786783634880,2026-08-15T08:47:14.880Z,21,-25,931
1786783634890,2026-08-15T08:47:14.890Z,41,-21,945
1786783634900,2026-08-15T08:47:14.900Z,70,-21,1003
1786783634910,2026-08-15T08:47:14.910Z,70,-21,1003
1786783634920,2026-08-15T08:47:14.920Z,-77,23,996
1786783634930,2026-08-15T08:47:14.930Z,-42,10,1049
1786783634940,2026-08-15T08:47:14.940Z,-35,-48,967
1786783634950,2026-08-15T08:47:14.950Z,-24,-23,955
1786783634960,2026-08-15T08:47:14.960Z,6,-23,941
1786783634970,2026-08-15T08:47:14.970Z,63,-58,955
1786783634980,2026-08-15T08:47:14.980Z,103,-75,955
1786783634990,2026-08-15T08:47:14.990Z,53,-48,924
1786783635000,2026-08-15T08:47:15.000Z,34,-34,994
1786783635010,2026-08-15T08:47:15.010Z,-104,-34,943
1786783635020,2026-08-15T08:47:15.020Z,-40,-14,1017
1786783635030,2026-08-15T08:47:15.030Z,-161,8,994
1786783635040,2026-08-15T08:47:15.040Z,-40,-6,1030
1786783635050,2026-08-15T08:47:15.050Z,-20,-81,995
1786783635060,2026-08-15T08:47:15.060Z,-20,-81,995
1786783635070,2026-08-15T08:47:15.070Z,107,-58,1037
1786783635080,2026-08-15T08:47:15.080Z,1,-65,969
1786783635090,2026-08-15T08:47:15.090Z,43,-50,1031
1786783635100,2026-08-15T08:47:15.100Z,59,-21,1060
1786783635110,2026-08-15T08:47:15.110Z,-61,-27,1037
1786783635120,2026-08-15T08:47:15.120Z,-88,0,1027
1786783635130,2026-08-15T08:47:15.130Z,-47,18,1029
1786783635140,2026-08-15T08:47:15.140Z,-13,-21,927
1786783635150,2026-08-15T08:47:15.150Z,-13,-21,927
1786783635160,2026-08-15T08:47:15.160Z,-13,-21,927
1786783635170,2026-08-15T08:47:15.170Z,32,-29,962
1786783635180,2026-08-15T08:47:15.180Z,98,-10,1003
1786783635190,2026-08-15T08:47:15.190Z,53,0,1009
1786783635200,2026-08-15T08:47:15.200Z,-13,29,1042
1786783635210,2026-08-15T08:47:15.210Z,-62,67,1005
1786783635220,2026-08-15T08:47:15.220Z,-82,32,975
1786783635230,2026-08-15T08:47:15.230Z,7,29,929
1786783635240,2026-08-15T08:47:15.240Z,-8,12,915
1786783635250,2026-08-15T08:47:15.250Z,137,-8,936
1786783635260,2026-08-15T08:47:15.260Z,122,4,943
1786783635270,2026-08-15T08:47:15.270Z,122,4,943
1786783635280,2026-08-15T08:47:15.280Z,92,16,951
1786783635290,2026-08-15T08:47:15.290Z,11,42,1005
1786783635300,2026-08-15T08:47:15.300Z,-31,75,996
1786783635310,2026-08-15T08:47:15.310Z,-107,60,977
1786783635320,2026-08-15T08:47:15.320Z,-40,29,953
1786783635330,2026-08-15T08:47:15.330Z,-29,-4,889
1786783635340,2026-08-15T08:47:15.340Z,24,-48,919
1786783635350,2026-08-15T08:47:15.350Z,24,-48,919
1786783635360,2026-08-15T08:47:15.360Z,37,-69,941
1786783635370,2026-08-15T08:47:15.370Z,37,-69,941
1786783635380,2026-08-15T08:47:15.380Z,57,-31,969
1786783635390,2026-08-15T08:47:15.390Z,-68,6,964
1786783635400,2026-08-15T08:47:15.400Z,-150,6,944
1786783635410,2026-08-15T08:47:15.410Z,-119,-32,932
1786783635420,2026-08-15T08:47:15.420Z,-86,-36,965
1786783635430,2026-08-15T08:47:15.430Z,19,-34,991
1786783635440,2026-08-15T08:47:15.440Z,-52,-52,950
1786783635450,2026-08-15T08:47:15.450Z,32,-77,964
1786783635460,2026-08-15T08:47:15.460Z,-64,-34,921
1786783635470,2026-08-15T08:47:15.470Z,93,-29,978
1786783635480,2026-08-15T08:47:15.480Z,-28,-12,959
1786783635490,2026-08-15T08:47:15.490Z,-164,0,932
1786783635500,2026-08-15T08:47:15.500Z,-140,16,990
1786783635510,2026-08-15T08:47:15.510Z,-113,-12,979
1786783635520,2026-08-15T08:47:15.520Z,-70,-52,930
1786783635530,2026-08-15T08:47:15.530Z,-59,-44,939
1786783635540,2026-08-15T08:47:15.540Z,129,-27,1009
1786783635550,2026-08-15T08:47:15.550Z,-34,-54,946
1786783635560,2026-08-15T08:47:15.560Z,43,-19,1016
1786783635570,2026-08-15T08:47:15.570Z,43,-19,1016
1786783635580,2026-08-15T08:47:15.580Z,-41,-6,1065
1786783635590,2026-08-15T08:47:15.590Z,-96,29,1025
1786783635600,2026-08-15T08:47:15.600Z,-177,29,994
1786783635610,2026-08-15T08:47:15.610Z,-6,34,1003
1786783635620,2026-08-15T08:47:15.620Z,5,8,984
1786783635630,2026-08-15T08:47:15.630Z,-76,-19,939
1786783635640,2026-08-15T08:47:15.640Z,4,-29,1010
1786783635650,2026-08-15T08:47:15.650Z,83,-29,1004
1786783635660,2026-08-15T08:47:15.660Z,83,-29,1004
1786783635670,2026-08-15T08:47:15.670Z,-37,-25,1056
1786783635680,2026-08-15T08:47:15.680Z,-32,52,1076
1786783635690,2026-08-15T08:47:15.690Z,-105,48,1053
1786783635700,2026-08-15T08:47:15.700Z,-113,10,1035
1786783635710,2026-08-15T08:47:15.710Z,-76,2,1011
1786783635720,2026-08-15T08:47:15.720Z,-27,-2,1019
1786783635730,2026-08-15T08:47:15.730Z,56,-23,1004
1786783635740,2026-08-15T08:47:15.740Z,26,-42,985
1786783635750,2026-08-15T08:47:15.750Z,95,-10,995
1786783635760,2026-08-15T08:47:15.760Z,56,-27,1028
1786783635770,2026-08-15T08:47:15.770Z,13,-36,1040
1786783635780,2026-08-15T08:47:15.780Z,-147,29,1059
1786783635790,2026-08-15T08:47:15.790Z,-41,12,1074
1786783635800,2026-08-15T08:47:15.800Z,-28,0,1050
1786783635810,2026-08-15T08:47:15.810Z,84,4,987
1786783635820,2026-08-15T08:47:15.820Z,46,-6,949
1786783635830,2026-08-15T08:47:15.830Z,66,-34,1002
1786783635840,2026-08-15T08:47:15.840Z,105,-56,988
1786783635850,2026-08-15T08:47:15.850Z,89,-44,968
1786783635860,2026-08-15T08:47:15.860Z,-25,14,976
1786783635870,2026-08-15T08:47:15.870Z,-25,14,976
1786783635880,2026-08-15T08:47:15.880Z,-21,0,983
1786783635890,2026-08-15T08:47:15.890Z,-69,6,997
1786783635900,2026-08-15T08:47:15.900Z,-64,6,977
1786783635910,2026-08-15T08:47:15.910Z,63,-8,1009
1786783635920,2026-08-15T08:47:15.920Z,55,-36,964
1786783635930,2026-08-15T08:47:15.930Z,99,-44,997
1786783635940,2026-08-15T08:47:15.940Z,35,-38,996
1786783635950,2026-08-15T08:47:15.950Z,81,-42,1013
1786783635960,2026-08-15T08:47:15.960Z,-19,-18,1021
1786783635970,2026-08-15T08:47:15.970Z,-52,32,1022
1786783635980,2026-08-15T08:47:15.980Z,4,23,1054
1786783635990,2026-08-15T08:47:15.990Z,-45,-8,1006
1786783636000,2026-08-15T08:47:16.000Z,-83,20,986
1786783636010,2026-08-15T08:47:16.010Z,11,2,1030
1786783636020,2026-08-15T08:47:16.020Z,101,-60,1046
1786783636030,2026-08-15T08:47:16.030Z,12,-21,1019
1786783636040,2026-08-15T08:47:16.040Z,12,0,988
1786783636050,2026-08-15T08:47:16.050Z,-43,20,1029
1786783636060,2026-08-15T08:47:16.060Z,-33,38,1016
1786783636070,2026-08-15T08:47:16.070Z,-33,38,1016
1786783636080,2026-08-15T08:47:16.080Z,-95,52,1044
1786783636090,2026-08-15T08:47:16.090Z,-126,10,917
1786783636100,2026-08-15T08:47:16.100Z,86,2,993
1786783636110,2026-08-15T08:47:16.110Z,-83,0,904
1786783636120,2026-08-15T08:47:16.120Z,95,-19,988
1786783636130,2026-08-15T08:47:16.130Z,-36,-34,930
1786783636140,2026-08-15T08:47:16.140Z,74,-19,966
1786783636150,2026-08-15T08:47:16.150Z,9,-16,999
1786783636160,2026-08-15T08:47:16.160Z,-84,56,966
1786783636170,2026-08-15T08:47:16.170Z,-33,23,972
1786783636180,2026-08-15T08:47:16.180Z,-73,12,942
1786783636190,2026-08-15T08:47:16.190Z,-5,10,938
1786783636200,2026-08-15T08:47:16.200Z,21,-23,914
1786783636210,2026-08-15T08:47:16.210Z,11,-56,929
1786783636220,2026-08-15T08:47:16.220Z,111,-58,991
1786783636230,2026-08-15T08:47:16.230Z,20,-31,896
1786783636240,2026-08-15T08:47:16.240Z,99,-71,964
1786783636250,2026-08-15T08:47:16.250Z,-14,-25,911
1786783636260,2026-08-15T08:47:16.260Z,-35,12,975
1786783636270,2026-08-15T08:47:16.270Z,-35,12,975
1786783636280,2026-08-15T08:47:16.280Z,-69,-18,932
1786783636290,2026-08-15T08:47:16.290Z,-47,-23,929
1786783636300,2026-08-15T08:47:16.300Z,-6,-31,913
1786783636310,2026-08-15T08:47:16.310Z,79,-54,941
1786783636320,2026-08-15T08:47:16.320Z,36,-52,975
1786783636330,2026-08-15T08:47:16.330Z,29,-29,924
1786783636340,2026-08-15T08:47:16.340Z,-55,-4,966
1786783636350,2026-08-15T08:47:16.350Z,-42,2,952
1786783636360,2026-08-15T08:47:16.360Z,-128,8,936
1786783636370,2026-08-15T08:47:16.370Z,-128,8,936
1786783636380,2026-08-15T08:47:16.380Z,-45,-10,936
1786783636390,2026-08-15T08:47:16.390Z,57,-25,953
1786783636400,2026-08-15T08:47:16.400Z,98,-21,988
1786783636410,2026-08-15T08:47:16.410Z,-12,-32,955
1786783636420,2026-08-15T08:47:16.420Z,40,-48,940
1786783636430,2026-08-15T08:47:16.430Z,-17,-34,945
1786783636440,2026-08-15T08:47:16.440Z,-11,44,1054
1786783636450,2026-08-15T08:47:16.450Z,-103,50,1045
1786783636460,2026-08-15T08:47:16.460Z,-71,34,1051
1786783636470,2026-08-15T08:47:16.470Z,-42,65,1031
1786783636480,2026-08-15T08:47:16.480Z,-56,67,982
1786783636490,2026-08-15T08:47:16.490Z,-96,64,923
1786783636500,2026-08-15T08:47:16.500Z,71,12,967
1786783636510,2026-08-15T08:47:16.510Z,30,25,1040
1786783636520,2026-08-15T08:47:16.520Z,-11,40,990
1786783636530,2026-08-15T08:47:16.530Z,-1,34,988
1786783636540,2026-08-15T08:47:16.540Z,-96,100,997
1786783636550,2026-08-15T08:47:16.550Z,-55,115,1054
1786783636560,2026-08-15T08:47:16.560Z,-87,91,1025
1786783636570,2026-08-15T08:47:16.570Z,-84,73,1047
1786783636580,2026-08-15T08:47:16.580Z,7,77,1003
1786783636590,2026-08-15T08:47:16.590Z,24,60,1013
1786783636600,2026-08-15T08:47:16.600Z,4,38,991
1786783636610,2026-08-15T08:47:16.610Z,67,10,981
1786783636620,2026-08-15T08:47:16.620Z,43,29,976
1786783636630,2026-08-15T08:47:16.630Z,31,62,1016
1786783636640,2026-08-15T08:47:16.640Z,-80,52,965
1786783636650,2026-08-15T08:47:16.650Z,-95,46,1028
1786783636660,2026-08-15T08:47:16.660Z,-95,46,1028
1786783636670,2026-08-15T08:47:16.670Z,-54,32,1011
1786783636680,2026-08-15T08:47:16.680Z,12,-29,979
1786783636690,2026-08-15T08:47:16.690Z,35,-52,996
1786783636700,2026-08-15T08:47:16.700Z,116,-46,1028
1786783636710,2026-08-15T08:47:16.710Z,51,-56,990
1786783636720,2026-08-15T08:47:16.720Z,88,-34,998
1786783636730,2026-08-15T08:47:16.730Z,-16,14,988
1786783636740,2026-08-15T08:47:16.740Z,-42,20,959
1786783636750,2026-08-15T08:47:16.750Z,-75,2,974
1786783636760,2026-08-15T08:47:16.760Z,-34,2,997
1786783636770,2026-08-15T08:47:16.770Z,-34,2,997
1786783636780,2026-08-15T08:47:16.780Z,10,8,969
1786783636790,2026-08-15T08:47:16.790Z,20,-46,1016
1786783636800,2026-08-15T08:47:16.800Z,46,-44,1064
1786783636810,2026-08-15T08:47:16.810Z,-5,-44,1038
1786783636820,2026-08-15T08:47:16.820Z,-105,-25,1036
1786783636830,2026-08-15T08:47:16.830Z,-36,34,1044
1786783636840,2026-08-15T08:47:16.840Z,-55,44,1037
1786783636850,2026-08-15T08:47:16.850Z,-108,27,1000
1786783636860,2026-08-15T08:47:16.860Z,-80,25,918
1786783636870,2026-08-15T08:47:16.870Z,29,29,937
1786783636880,2026-08-15T08:47:16.880Z,95,23,964
1786783636890,2026-08-15T08:47:16.890Z,139,-27,1028
1786783636900,2026-08-15T08:47:16.900Z,-10,-14,960
1786783636910,2026-08-15T08:47:16.910Z,-10,-14,960
1786783636920,2026-08-15T08:47:16.920Z,4,14,1015
1786783636930,2026-08-15T08:47:16.930Z,-55,40,995
1786783636940,2026-08-15T08:47:16.940Z,-86,36,993
1786783636950,2026-08-15T08:47:16.950Z,2,56,1049
1786783636960,2026-08-15T08:47:16.960Z,-3,50,934
1786783636970,2026-08-15T08:47:16.970Z,27,29,952
1786783636980,2026-08-15T08:47:16.980Z,35,18,952
1786783636990,2026-08-15T08:47:16.990Z,61,46,992
1786783637000,2026-08-15T08:47:17.000Z,51,-27,966
1786783637010,2026-08-15T08:47:17.010Z,100,36,988
1786783637020,2026-08-15T08:47:17.020Z,-37,73,1016
1786783637030,2026-08-15T08:47:17.030Z,23,79,1006
1786783637040,2026-08-15T08:47:17.040Z,-86,42,978
1786783637050,2026-08-15T08:47:17.050Z,-81,34,1012
1786783637060,2026-08-15T08:47:17.060Z,-24,38,920
1786783637070,2026-08-15T08:47:17.070Z,-24,38,920
1786783637080,2026-08-15T08:47:17.080Z,78,-18,936
1786783637090,2026-08-15T08:47:17.090Z,88,-12,965
1786783637100,2026-08-15T08:47:17.100Z,63,8,931
1786783637110,2026-08-15T08:47:17.110Z,-38,10,909
1786783637120,2026-08-15T08:47:17.120Z,43,31,920
1786783637130,2026-08-15T08:47:17.130Z,-41,67,923
1786783637140,2026-08-15T08:47:17.140Z,-51,31,963
1786783637150,2026-08-15T08:47:17.150Z,-1,10,946
1786783637160,2026-08-15T08:47:17.160Z,-1,10,946
1786783637170,2026-08-15T08:47:17.170Z,25,10,943
1786783637180,2026-08-15T08:47:17.180Z,66,-46,977
1786783637190,2026-08-15T08:47:17.190Z,-78,-44,905
1786783637200,2026-08-15T08:47:17.200Z,-6,-8,984
1786783637210,2026-08-15T08:47:17.210Z,19,-6,1000
1786783637220,2026-08-15T08:47:17.220Z,-109,40,958
1786783637230,2026-08-15T08:47:17.230Z,-3,22,1005
1786783637240,2026-08-15T08:47:17.240Z,-36,64,1006
1786783637250,2026-08-15T08:47:17.250Z,-93,69,931
1786783637260,2026-08-15T08:47:17.260Z,-27,14,914
1786783637270,2026-08-15T08:47:17.270Z,-27,14,914
1786783637280,2026-08-15T08:47:17.280Z,32,20,1058
1786783637290,2026-08-15T08:47:17.290Z,-27,-19,996
1786783637300,2026-08-15T08:47:17.300Z,29,-2,1020
1786783637310,2026-08-15T08:47:17.310Z,1,64,1021
1786783637320,2026-08-15T08:47:17.320Z,-48,89,1031
1786783637330,2026-08-15T08:47:17.330Z,-88,75,1027
1786783637340,2026-08-15T08:47:17.340Z,-139,73,1020
1786783637350,2026-08-15T08:47:17.350Z,-74,77,1012
1786783637360,2026-08-15T08:47:17.360Z,-29,64,951
1786783637370,2026-08-15T08:47:17.370Z,38,23,1013
1786783637380,2026-08-15T08:47:17.380Z,38,23,1013
1786783637390,2026-08-15T08:47:17.390Z,52,38,983
1786783637400,2026-08-15T08:47:17.400Z,24,40,989
1786783637410,2026-08-15T08:47:17.410Z,-13,40,1014
1786783637420,2026-08-15T08:47:17.420Z,-21,95,1031
1786783637430,2026-08-15T08:47:17.430Z,-131,87,994
1786783637440,2026-08-15T08:47:17.440Z,18,73,1031
1786783637450,2026-08-15T08:47:17.450Z,-29,44,931
1786783637460,2026-08-15T08:47:17.460Z,-29,44,931
1786783637470,2026-08-15T08:47:17.470Z,33,6,942
1786783637480,2026-08-15T08:47:17.480Z,26,12,916
1786783637490,2026-08-15T08:47:17.490Z,118,34,959
1786783637500,2026-08-15T08:47:17.500Z,-16,54,918
1786783637510,2026-08-15T08:47:17.510Z,59,56,920
1786783637520,2026-08-15T08:47:17.520Z,-97,50,931
1786783637530,2026-08-15T08:47:17.530Z,22,65,997
1786783637540,2026-08-15T08:47:17.540Z,-43,77,931
1786783637550,2026-08-15T08:47:17.550Z,8,2,883
1786783637560,2026-08-15T08:47:17.560Z,88,0,942
1786783637570,2026-08-15T08:47:17.570Z,-39,4,950
1786783637580,2026-08-15T08:47:17.580Z,8,-10,927
1786783637590,2026-08-15T08:47:17.590Z,-6,12,946
1786783637600,2026-08-15T08:47:17.600Z,24,67,997
1786783637610,2026-08-15T08:47:17.610Z,-9,79,995
1786783637620,2026-08-15T08:47:17.620Z,-87,56,977
1786783637630,2026-08-15T08:47:17.630Z,-75,81,982
1786783637640,2026-08-15T08:47:17.640Z,-27,58,996
1786783637650,2026-08-15T08:47:17.650Z,31,29,970
1786783637660,2026-08-15T08:47:17.660Z,-7,-6,992
1786783637670,2026-08-15T08:47:17.670Z,13,-31,990
1786783637680,2026-08-15T08:47:17.680Z,158,12,1062
1786783637690,2026-08-15T08:47:17.690Z,32,-6,1048
1786783637700,2026-08-15T08:47:17.700Z,0,10,1030
1786783637710,2026-08-15T08:47:17.710Z,-65,42,1058
1786783637720,2026-08-15T08:47:17.720Z,-97,67,1043
1786783637730,2026-08-15T08:47:17.730Z,-95,42,1023
1786783637740,2026-08-15T08:47:17.740Z,-58,38,969
1786783637750,2026-08-15T08:47:17.750Z,-13,42,985
1786783637760,2026-08-15T08:47:17.760Z,65,-18,1006
1786783637770,2026-08-15T08:47:17.770Z,-15,-29,962
1786783637780,2026-08-15T08:47:17.780Z,69,-18,1010
1786783637790,2026-08-15T08:47:17.790Z,46,14,1030
1786783637800,2026-08-15T08:47:17.800Z,-99,48,1003
1786783637810,2026-08-15T08:47:17.810Z,-62,44,1047
1786783637820,2026-08-15T08:47:17.820Z,-107,34,1001
1786783637830,2026-08-15T08:47:17.830Z,-102,46,942
1786783637840,2026-08-15T08:47:17.840Z,-17,44,921
1786783637850,2026-08-15T08:47:17.850Z,59,0,955
1786783637860,2026-08-15T08:47:17.860Z,-2,6,957
1786783637870,2026-08-15T08:47:17.870Z,108,12,963
1786783637880,2026-08-15T08:47:17.880Z,-6,32,926
1786783637890,2026-08-15T08:47:17.890Z,-6,32,926
1786783637900,2026-08-15T08:47:17.900Z,-56,89,982
1786783637910,2026-08-15T08:47:17.910Z,-120,67,962
1786783637920,2026-08-15T08:47:17.920Z,-66,50,976
1786783637930,2026-08-15T08:47:17.930Z,-53,32,977
1786783637940,2026-08-15T08:47:17.940Z,-12,38,952
1786783637950,2026-08-15T08:47:17.950Z,32,-14,971
1786783637960,2026-08-15T08:47:17.960Z,53,-42,958
1786783637970,2026-08-15T08:47:17.970Z,47,2,988
1786783637980,2026-08-15T08:47:17.980Z,63,18,986
1786783637990,2026-08-15T08:47:17.990Z,20,22,985
1786783638000,2026-08-15T08:47:18.000Z,-59,40,1022
1786783638010,2026-08-15T08:47:18.010Z,-52,64,1020
1786783638020,2026-08-15T08:47:18.020Z,-45,22,1017
1786783638030,2026-08-15T08:47:18.030Z,-65,16,982
1786783638040,2026-08-15T08:47:18.040Z,82,8,1034
1786783638050,2026-08-15T08:47:18.050Z,15,4,1018
1786783638060,2026-08-15T08:47:18.060Z,15,4,1018
1786783638070,2026-08-15T08:47:18.070Z,83,2,1042
1786783638080,2026-08-15T08:47:18.080Z,-41,29,998
1786783638090,2026-08-15T08:47:18.090Z,41,27,1026
1786783638100,2026-08-15T08:47:18.100Z,-54,23,1017
1786783638110,2026-08-15T08:47:18.110Z,-19,34,1040
1786783638120,2026-08-15T08:47:18.120Z,-65,27,972
1786783638130,2026-08-15T08:47:18.130Z,-25,36,902
1786783638140,2026-08-15T08:47:18.140Z,-30,-6,977
1786783638150,2026-08-15T08:47:18.150Z,104,-19,1006
1786783638160,2026-08-15T08:47:18.160Z,41,-14,1002
1786783638170,2026-08-15T08:47:18.170Z,45,-12,955
1786783638180,2026-08-15T08:47:18.180Z,45,-12,955
1786783638190,2026-08-15T08:47:18.190Z,-53,58,1029
1786783638200,2026-08-15T08:47:18.200Z,-69,71,1030
1786783638210,2026-08-15T08:47:18.210Z,-50,42,1026
1786783638220,2026-08-15T08:47:18.220Z,-43,50,983
1786783638230,2026-08-15T08:47:18.230Z,-15,34,984
1786783638240,2026-08-15T08:47:18.240Z,19,18,977
1786783638250,2026-08-15T08:47:18.250Z,63,-16,1027
1786783638260,2026-08-15T08:47:18.260Z,63,-16,1027
1786783638270,2026-08-15T08:47:18.270Z,24,56,977
1786783638280,2026-08-15T08:47:18.280Z,38,52,945
1786783638290,2026-08-15T08:47:18.290Z,-78,79,975
1786783638300,2026-08-15T08:47:18.300Z,57,104,1008
1786783638310,2026-08-15T08:47:18.310Z,-100,69,938
1786783638320,2026-08-15T08:47:18.320Z,-61,16,800
1786783638330,2026-08-15T08:47:18.330Z,23,12,806
1786783638340,2026-08-15T08:47:18.340Z,-41,3,745
1786783638350,2026-08-15T08:47:18.350Z,44,35,729
1786783638360,2026-08-15T08:47:18.360Z,-14,44,813
1786783638370,2026-08-15T08:47:18.370Z,12,79,791
1786783638380,2026-08-15T08:47:18.380Z,-282,133,874
1786783638390,2026-08-15T08:47:18.390Z,-282,133,874
1786783638400,2026-08-15T08:47:18.400Z,-352,117,978
1786783638410,2026-08-15T08:47:18.410Z,-402,98,998
1786783638420,2026-08-15T08:47:18.420Z,-423,102,929
1786783638430,2026-08-15T08:47:18.430Z,-343,65,901
1786783638440,2026-08-15T08:47:18.440Z,-218,4,861
1786783638450,2026-08-15T08:47:18.450Z,9,-6,855
1786783638460,2026-08-15T08:47:18.460Z,-205,10,874
1786783638470,2026-08-15T08:47:18.470Z,-87,46,947
1786783638480,2026-08-15T08:47:18.480Z,-337,25,926
1786783638490,2026-08-15T08:47:18.490Z,-298,181,879
1786783638500,2026-08-15T08:47:18.500Z,-416,141,872
1786783638510,2026-08-15T08:47:18.510Z,-342,69,914
1786783638520,2026-08-15T08:47:18.520Z,-264,-8,1014
1786783638530,2026-08-15T08:47:18.530Z,-280,-52,1068
1786783638540,2026-08-15T08:47:18.540Z,-280,-52,1068
1786783638550,2026-08-15T08:47:18.550Z,-277,-137,1017
1786783638560,2026-08-15T08:47:18.560Z,-248,-4,1133
1786783638570,2026-08-15T08:47:18.570Z,-190,65,1148
1786783638580,2026-08-15T08:47:18.580Z,-152,60,1228
1786783638590,2026-08-15T08:47:18.590Z,-354,75,1242
1786783638600,2026-08-15T08:47:18.600Z,-413,91,1165
1786783638610,2026-08-15T08:47:18.610Z,-471,65,1274
1786783638620,2026-08-15T08:47:18.620Z,-431,95,1269
1786783638630,2026-08-15T08:47:18.630Z,-440,33,1254
1786783638640,2026-08-15T08:47:18.640Z,-516,20,1250
1786783638650,2026-08-15T08:47:18.650Z,-395,58,1230
1786783638660,2026-08-15T08:47:18.660Z,-418,6,1149
1786783638670,2026-08-15T08:47:18.670Z,-241,34,1225
1786783638680,2026-08-15T08:47:18.680Z,-289,52,1213
1786783638690,2026-08-15T08:47:18.690Z,-403,65,1223
1786783638700,2026-08-15T08:47:18.700Z,-429,83,1172
1786783638710,2026-08-15T08:47:18.710Z,-467,69,1091
1786783638720,2026-08-15T08:47:18.720Z,-424,93,1182
1786783638730,2026-08-15T08:47:18.730Z,-566,119,1087
1786783638740,2026-08-15T08:47:18.740Z,-580,81,1026
1786783638750,2026-08-15T08:47:18.750Z,-180,67,1126
1786783638760,2026-08-15T08:47:18.760Z,-524,60,797
1786783638770,2026-08-15T08:47:18.770Z,-411,111,885
1786783638780,2026-08-15T08:47:18.780Z,-411,111,885
1786783638790,2026-08-15T08:47:18.790Z,-291,113,963
1786783638800,2026-08-15T08:47:18.800Z,-338,148,990
1786783638810,2026-08-15T08:47:18.810Z,-536,109,837
1786783638820,2026-08-15T08:47:18.820Z,-620,31,851
1786783638830,2026-08-15T08:47:18.830Z,-517,-38,985
1786783638840,2026-08-15T08:47:18.840Z,-499,-38,993
1786783638850,2026-08-15T08:47:18.850Z,-689,-10,822
1786783638860,2026-08-15T08:47:18.860Z,-391,-25,953
1786783638870,2026-08-15T08:47:18.870Z,-498,-30,743
1786783638880,2026-08-15T08:47:18.880Z,-363,38,805
1786783638890,2026-08-15T08:47:18.890Z,-538,81,904
1786783638900,2026-08-15T08:47:18.900Z,-595,46,945
1786783638910,2026-08-15T08:47:18.910Z,-705,58,1017
1786783638920,2026-08-15T08:47:18.920Z,-682,23,1040
1786783638930,2026-08-15T08:47:18.930Z,-676,36,992
1786783638940,2026-08-15T08:47:18.940Z,-779,2,843
1786783638950,2026-08-15T08:47:18.950Z,-517,-61,1153
1786783638960,2026-08-15T08:47:18.960Z,-565,4,1116
1786783638970,2026-08-15T08:47:18.970Z,-629,29,1105
1786783638980,2026-08-15T08:47:18.980Z,-597,-8,1008
1786783638990,2026-08-15T08:47:18.990Z,-744,25,904
1786783639000,2026-08-15T08:47:19.000Z,-601,96,1247
1786783639010,2026-08-15T08:47:19.010Z,-601,96,1247
1786783639020,2026-08-15T08:47:19.020Z,-589,98,1226
1786783639030,2026-08-15T08:47:19.030Z,-623,72,1316
1786783639040,2026-08-15T08:47:19.040Z,-700,77,1066
1786783639050,2026-08-15T08:47:19.050Z,-702,25,1106
1786783639060,2026-08-15T08:47:19.060Z,-641,22,1084
1786783639070,2026-08-15T08:47:19.070Z,-575,54,1125
1786783639080,2026-08-15T08:47:19.080Z,-647,100,1198
1786783639090,2026-08-15T08:47:19.090Z,-647,100,1198
1786783639100,2026-08-15T08:47:19.100Z,-487,52,1059
1786783639110,2026-08-15T08:47:19.110Z,-722,77,827
1786783639120,2026-08-15T08:47:19.120Z,-482,-48,1111
1786783639130,2026-08-15T08:47:19.130Z,-571,48,1106
1786783639140,2026-08-15T08:47:19.140Z,-468,111,1203
1786783639150,2026-08-15T08:47:19.150Z,-471,77,1092
1786783639160,2026-08-15T08:47:19.160Z,-494,36,809
1786783639170,2026-08-15T08:47:19.170Z,-501,36,768
1786783639180,2026-08-15T08:47:19.180Z,-336,38,918
1786783639190,2026-08-15T08:47:19.190Z,-367,36,1010
1786783639200,2026-08-15T08:47:19.200Z,-479,10,978
1786783639210,2026-08-15T08:47:19.210Z,-328,8,920
1786783639220,2026-08-15T08:47:19.220Z,-536,-19,699
1786783639230,2026-08-15T08:47:19.230Z,-533,8,813
1786783639240,2026-08-15T08:47:19.240Z,-386,25,935
1786783639250,2026-08-15T08:47:19.250Z,-570,38,1041
1786783639260,2026-08-15T08:47:19.260Z,-359,75,1071
1786783639270,2026-08-15T08:47:19.270Z,-511,31,937
1786783639280,2026-08-15T08:47:19.280Z,-578,-23,809
1786783639290,2026-08-15T08:47:19.290Z,-452,-67,829
1786783639300,2026-08-15T08:47:19.300Z,-598,-25,922
1786783639310,2026-08-15T08:47:19.310Z,-171,16,1159
1786783639320,2026-08-15T08:47:19.320Z,-448,23,1038
1786783639330,2026-08-15T08:47:19.330Z,-518,4,932
1786783639340,2026-08-15T08:47:19.340Z,-582,-8,924
1786783639350,2026-08-15T08:47:19.350Z,-564,-34,981
1786783639360,2026-08-15T08:47:19.360Z,-486,42,1102
1786783639370,2026-08-15T08:47:19.370Z,-614,44,1109
1786783639380,2026-08-15T08:47:19.380Z,-614,44,1109
1786783639390,2026-08-15T08:47:19.390Z,-601,-12,1095
1786783639400,2026-08-15T08:47:19.400Z,-621,-38,960
1786783639410,2026-08-15T08:47:19.410Z,-554,-63,949
1786783639420,2026-08-15T08:47:19.420Z,-550,-12,1012
1786783639430,2026-08-15T08:47:19.430Z,-423,18,1086
1786783639440,2026-08-15T08:47:19.440Z,-423,18,1086
1786783639450,2026-08-15T08:47:19.450Z,-557,31,972
1786783639460,2026-08-15T08:47:19.460Z,-691,8,823
1786783639470,2026-08-15T08:47:19.470Z,-530,-14,1055
1786783639480,2026-08-15T08:47:19.480Z,-636,-4,1106
1786783639490,2026-08-15T08:47:19.490Z,-514,25,1111
1786783639500,2026-08-15T08:47:19.500Z,-507,2,977
1786783639510,2026-08-15T08:47:19.510Z,-547,-58,940
1786783639520,2026-08-15T08:47:19.520Z,-550,-38,951
1786783639530,2026-08-15T08:47:19.530Z,-575,-27,955
1786783639540,2026-08-15T08:47:19.540Z,-414,31,1051
1786783639550,2026-08-15T08:47:19.550Z,-517,22,959
1786783639560,2026-08-15T08:47:19.560Z,-459,23,1052
1786783639570,2026-08-15T08:47:19.570Z,-614,29,816
1786783639580,2026-08-15T08:47:19.580Z,-431,58,987
1786783639590,2026-08-15T08:47:19.590Z,-528,62,998
1786783639600,2026-08-15T08:47:19.600Z,-466,58,1007
1786783639610,2026-08-15T08:47:19.610Z,-470,85,1116
1786783639620,2026-08-15T08:47:19.620Z,-516,69,1030
1786783639630,2026-08-15T08:47:19.630Z,-342,71,1018
1786783639640,2026-08-15T08:47:19.640Z,-459,52,964
1786783639650,2026-08-15T08:47:19.650Z,-608,64,1024
1786783639660,2026-08-15T08:47:19.660Z,-373,89,1104
1786783639670,2026-08-15T08:47:19.670Z,-403,165,1116
1786783639680,2026-08-15T08:47:19.680Z,-403,165,1116
1786783639690,2026-08-15T08:47:19.690Z,-415,156,1042
1786783639700,2026-08-15T08:47:19.700Z,-657,187,880
1786783639710,2026-08-15T08:47:19.710Z,-677,308,947
1786783639720,2026-08-15T08:47:19.720Z,-317,271,1126
1786783639730,2026-08-15T08:47:19.730Z,-568,325,1117
1786783639740,2026-08-15T08:47:19.740Z,-524,319,1051
1786783639750,2026-08-15T08:47:19.750Z,-472,181,1025
1786783639760,2026-08-15T08:47:19.760Z,-592,218,849
1786783639770,2026-08-15T08:47:19.770Z,-482,273,979
1786783639780,2026-08-15T08:47:19.780Z,-522,363,991
1786783639790,2026-08-15T08:47:19.790Z,-442,359,983
1786783639800,2026-08-15T08:47:19.800Z,-390,264,1077
1786783639810,2026-08-15T08:47:19.810Z,-520,200,1075
1786783639820,2026-08-15T08:47:19.820Z,-558,369,909
1786783639830,2026-08-15T08:47:19.830Z,-598,450,850
1786783639840,2026-08-15T08:47:19.840Z,-484,446,938
1786783639850,2026-08-15T08:47:19.850Z,-558,359,997
1786783639860,2026-08-15T08:47:19.860Z,-407,294,1178
1786783639870,2026-08-15T08:47:19.870Z,-341,250,1160
1786783639880,2026-08-15T08:47:19.880Z,-692,310,914
1786783639890,2026-08-15T08:47:19.890Z,-692,310,914
1786783639900,2026-08-15T08:47:19.900Z,-515,402,994
1786783639910,2026-08-15T08:47:19.910Z,-551,355,967
1786783639920,2026-08-15T08:47:19.920Z,-390,246,1107
1786783639930,2026-08-15T08:47:19.930Z,-546,284,952
1786783639940,2026-08-15T08:47:19.940Z,-392,317,1116
1786783639950,2026-08-15T08:47:19.950Z,-491,325,888
1786783639960,2026-08-15T08:47:19.960Z,-491,325,888
1786783639970,2026-08-15T08:47:19.970Z,-551,411,1009
1786783639980,2026-08-15T08:47:19.980Z,-468,290,997
1786783639990,2026-08-15T08:47:19.990Z,-1041,204,929
1786783640000,2026-08-15T08:47:20.000Z,-84,202,1215
1786783640010,2026-08-15T08:47:20.010Z,-773,269,884
1786783640020,2026-08-15T08:47:20.020Z,-773,269,884
1786783640030,2026-08-15T08:47:20.030Z,-464,306,989
1786783640040,2026-08-15T08:47:20.040Z,-508,206,1107
1786783640050,2026-08-15T08:47:20.050Z,-526,167,998
1786783640060,2026-08-15T08:47:20.060Z,-452,202,991
1786783640070,2026-08-15T08:47:20.070Z,-477,242,1005
1786783640080,2026-08-15T08:47:20.080Z,-436,266,954
1786783640090,2026-08-15T08:47:20.090Z,-516,294,923
1786783640100,2026-08-15T08:47:20.100Z,-479,283,940
1786783640110,2026-08-15T08:47:20.110Z,-485,220,1004
1786783640120,2026-08-15T08:47:20.120Z,-433,133,1020
1786783640130,2026-08-15T08:47:20.130Z,-465,133,972
1786783640140,2026-08-15T08:47:20.140Z,-375,133,1062
1786783640150,2026-08-15T08:47:20.150Z,-467,141,1010
1786783640160,2026-08-15T08:47:20.160Z,-474,238,915
1786783640170,2026-08-15T08:47:20.170Z,-596,185,949
1786783640180,2026-08-15T08:47:20.180Z,-596,185,949
1786783640190,2026-08-15T08:47:20.190Z,-474,121,1076
1786783640200,2026-08-15T08:47:20.200Z,-381,148,1095
1786783640210,2026-08-15T08:47:20.210Z,-444,169,999
1786783640220,2026-08-15T08:47:20.220Z,-416,171,970
1786783640230,2026-08-15T08:47:20.230Z,-463,271,890
1786783640240,2026-08-15T08:47:20.240Z,-402,212,1103
1786783640250,2026-08-15T08:47:20.250Z,-536,169,1111
1786783640260,2026-08-15T08:47:20.260Z,-432,-6,1060
1786783640270,2026-08-15T08:47:20.270Z,-432,-6,1060
1786783640280,2026-08-15T08:47:20.280Z,-391,65,994
1786783640290,2026-08-15T08:47:20.290Z,-565,95,876
1786783640300,2026-08-15T08:47:20.300Z,-563,154,1002
1786783640310,2026-08-15T08:47:20.310Z,-460,133,1104
1786783640320,2026-08-15T08:47:20.320Z,-420,115,1094
1786783640330,2026-08-15T08:47:20.330Z,-463,77,1148
1786783640340,2026-08-15T08:47:20.340Z,-359,69,1012
1786783640350,2026-08-15T08:47:20.350Z,-479,125,1037
1786783640360,2026-08-15T08:47:20.360Z,-745,119,878
1786783640370,2026-08-15T08:47:20.370Z,-391,159,979
1786783640380,2026-08-15T08:47:20.380Z,-412,161,1118
1786783640390,2026-08-15T08:47:20.390Z,-412,161,1118
1786783640400,2026-08-15T08:47:20.400Z,-244,95,1060
1786783640410,2026-08-15T08:47:20.410Z,-302,42,1058
1786783640420,2026-08-15T08:47:20.420Z,-302,42,1058
1786783640430,2026-08-15T08:47:20.430Z,-478,18,977
1786783640440,2026-08-15T08:47:20.440Z,-508,107,915
1786783640450,2026-08-15T08:47:20.450Z,-550,111,957
1786783640460,2026-08-15T08:47:20.460Z,-586,20,901
1786783640470,2026-08-15T08:47:20.470Z,-387,-6,1010
1786783640480,2026-08-15T08:47:20.480Z,-539,-18,902
1786783640490,2026-08-15T08:47:20.490Z,-335,23,1114
1786783640500,2026-08-15T08:47:20.500Z,-542,23,1020
1786783640510,2026-08-15T08:47:20.510Z,-469,102,1088
1786783640520,2026-08-15T08:47:20.520Z,-507,98,1028
1786783640530,2026-08-15T08:47:20.530Z,-464,49,1255
1786783640540,2026-08-15T08:47:20.540Z,-636,10,1131
1786783640550,2026-08-15T08:47:20.550Z,-597,-69,1127
1786783640560,2026-08-15T08:47:20.560Z,-352,-73,1085
1786783640570,2026-08-15T08:47:20.570Z,-594,16,1058
1786783640580,2026-08-15T08:47:20.580Z,-401,96,1101
1786783640590,2026-08-15T08:47:20.590Z,-517,81,867
1786783640600,2026-08-15T08:47:20.600Z,59,95,1242
1786783640610,2026-08-15T08:47:20.610Z,-787,56,932
1786783640620,2026-08-15T08:47:20.620Z,-462,-61,1027
1786783640630,2026-08-15T08:47:20.630Z,-498,-125,901
1786783640640,2026-08-15T08:47:20.640Z,-546,-63,1169
1786783640650,2026-08-15T08:47:20.650Z,-494,10,1037
1786783640660,2026-08-15T08:47:20.660Z,-543,22,974
1786783640670,2026-08-15T08:47:20.670Z,-379,10,1114
1786783640680,2026-08-15T08:47:20.680Z,-545,0,1046
1786783640690,2026-08-15T08:47:20.690Z,-484,105,975
1786783640700,2026-08-15T08:47:20.700Z,-368,14,908
1786783640710,2026-08-15T08:47:20.710Z,-253,32,1080
1786783640720,2026-08-15T08:47:20.720Z,-445,64,1097
1786783640730,2026-08-15T08:47:20.730Z,-492,104,914
1786783640740,2026-08-15T08:47:20.740Z,-198,115,1048
1786783640750,2026-08-15T08:47:20.750Z,-349,4,1137
1786783640760,2026-08-15T08:47:20.760Z,-653,-16,889
1786783640770,2026-08-15T08:47:20.770Z,-292,-67,1074
1786783640780,2026-08-15T08:47:20.780Z,-641,-44,886
1786783640790,2026-08-15T08:47:20.790Z,-527,-4,1159
1786783640800,2026-08-15T08:47:20.800Z,-456,40,982
1786783640810,2026-08-15T08:47:20.810Z,-475,117,1057
1786783640820,2026-08-15T08:47:20.820Z,-473,105,937
1786783640830,2026-08-15T08:47:20.830Z,-451,64,994
1786783640840,2026-08-15T08:47:20.840Z,-262,2,1095
1786783640850,2026-08-15T08:47:20.850Z,-490,79,1006
1786783640860,2026-08-15T08:47:20.860Z,-486,102,957
1786783640870,2026-08-15T08:47:20.870Z,-345,173,972
1786783640880,2026-08-15T08:47:20.880Z,-427,177,1089
1786783640890,2026-08-15T08:47:20.890Z,-389,104,1002
1786783640900,2026-08-15T08:47:20.900Z,-581,42,871
1786783640910,2026-08-15T08:47:20.910Z,-312,-23,920
1786783640920,2026-08-15T08:47:20.920Z,-540,34,909
1786783640930,2026-08-15T08:47:20.930Z,-535,29,1018
1786783640940,2026-08-15T08:47:20.940Z,-403,69,1219
1786783640950,2026-08-15T08:47:20.950Z,-403,69,1219
1786783640960,2026-08-15T08:47:20.960Z,-349,56,1109
1786783640970,2026-08-15T08:47:20.970Z,-245,83,1031
1786783640980,2026-08-15T08:47:20.980Z,-419,38,931
1786783640990,2026-08-15T08:47:20.990Z,-224,32,1293
1786783641000,2026-08-15T08:47:21.000Z,-62,125,1187
1786783641010,2026-08-15T08:47:21.010Z,-593,118,715
1786783641020,2026-08-15T08:47:21.020Z,-527,62,814
1786783641030,2026-08-15T08:47:21.030Z,-527,62,814
1786783641040,2026-08-15T08:47:21.040Z,-394,-69,1026
1786783641050,2026-08-15T08:47:21.050Z,-106,0,1154
1786783641060,2026-08-15T08:47:21.060Z,-479,104,869
1786783641070,2026-08-15T08:47:21.070Z,-718,144,735
1786783641080,2026-08-15T08:47:21.080Z,-233,93,1093
1786783641090,2026-08-15T08:47:21.090Z,-233,93,1093
1786783641100,2026-08-15T08:47:21.100Z,-322,29,1145
1786783641110,2026-08-15T08:47:21.110Z,-270,-54,1028
1786783641120,2026-08-15T08:47:21.120Z,-642,6,835
1786783641130,2026-08-15T08:47:21.130Z,-222,0,1064
1786783641140,2026-08-15T08:47:21.140Z,-51,16,1049
1786783641150,2026-08-15T08:47:21.150Z,-273,65,1058
1786783641160,2026-08-15T08:47:21.160Z,-254,-46,1054
1786783641170,2026-08-15T08:47:21.170Z,-356,54,964
1786783641180,2026-08-15T08:47:21.180Z,-356,54,964
1786783641190,2026-08-15T08:47:21.190Z,-390,14,1032
1786783641200,2026-08-15T08:47:21.200Z,-360,-27,958
1786783641210,2026-08-15T08:47:21.210Z,-265,-36,935
1786783641220,2026-08-15T08:47:21.220Z,-317,-14,931
1786783641230,2026-08-15T08:47:21.230Z,-134,-31,949
1786783641240,2026-08-15T08:47:21.240Z,-367,-25,892
1786783641250,2026-08-15T08:47:21.250Z,-217,-23,1080
1786783641260,2026-08-15T08:47:21.260Z,-514,34,1034
1786783641270,2026-08-15T08:47:21.270Z,-514,34,1034
1786783641280,2026-08-15T08:47:21.280Z,-654,-73,1079
1786783641290,2026-08-15T08:47:21.290Z,-244,-91,1130
1786783641300,2026-08-15T08:47:21.300Z,-345,-87,980
1786783641310,2026-08-15T08:47:21.310Z,-207,-52,984
1786783641320,2026-08-15T08:47:21.320Z,-347,-42,827
1786783641330,2026-08-15T08:47:21.330Z,-140,-18,1067
1786783641340,2026-08-15T08:47:21.340Z,-361,-27,1075
1786783641350,2026-08-15T08:47:21.350Z,-436,-16,1036
1786783641360,2026-08-15T08:47:21.360Z,-627,-25,904
1786783641370,2026-08-15T08:47:21.370Z,-342,-48,878
1786783641380,2026-08-15T08:47:21.380Z,-472,-12,915
1786783641390,2026-08-15T08:47:21.390Z,-416,-101,1006
1786783641400,2026-08-15T08:47:21.400Z,-417,-81,936
1786783641410,2026-08-15T08:47:21.410Z,-484,-81,1081
1786783641420,2026-08-15T08:47:21.420Z,-484,-81,1081
1786783641430,2026-08-15T08:47:21.430Z,-447,-96,1145
1786783641440,2026-08-15T08:47:21.440Z,-522,-16,971
1786783641450,2026-08-15T08:47:21.450Z,-555,48,932
1786783641460,2026-08-15T08:47:21.460Z,-400,63,1255
1786783641470,2026-08-15T08:47:21.470Z,-214,54,1187
1786783641480,2026-08-15T08:47:21.480Z,-306,-61,1047
1786783641490,2026-08-15T08:47:21.490Z,-613,17,590
1786783641500,2026-08-15T08:47:21.500Z,-223,-40,868
1786783641510,2026-08-15T08:47:21.510Z,-420,-10,948
1786783641520,2026-08-15T08:47:21.520Z,-137,4,1134
1786783641530,2026-08-15T08:47:21.530Z,-232,-27,966
1786783641540,2026-08-15T08:47:21.540Z,-409,66,691
1786783641550,2026-08-15T08:47:21.550Z,-410,27,876
1786783641560,2026-08-15T08:47:21.560Z,-366,127,1108
1786783641570,2026-08-15T08:47:21.570Z,-551,102,1101
1786783641580,2026-08-15T08:47:21.580Z,-297,-6,1201
1786783641590,2026-08-15T08:47:21.590Z,-477,113,1010
1786783641600,2026-08-15T08:47:21.600Z,-435,25,909
1786783641610,2026-08-15T08:47:21.610Z,-274,56,882
1786783641620,2026-08-15T08:47:21.620Z,-283,23,880
1786783641630,2026-08-15T08:47:21.630Z,-507,109,794
1786783641640,2026-08-15T08:47:21.640Z,-216,161,1006
1786783641650,2026-08-15T08:47:21.650Z,-454,48,1070
1786783641660,2026-08-15T08:47:21.660Z,-314,173,1102
1786783641670,2026-08-15T08:47:21.670Z,-341,163,1049
1786783641680,2026-08-15T08:47:21.680Z,-577,131,859
1786783641690,2026-08-15T08:47:21.690Z,-226,177,1031
1786783641700,2026-08-15T08:47:21.700Z,-302,22,1048
1786783641710,2026-08-15T08:47:21.710Z,-349,40,1092
1786783641720,2026-08-15T08:47:21.720Z,-389,123,1057
1786783641730,2026-08-15T08:47:21.730Z,-403,129,987
1786783641740,2026-08-15T08:47:21.740Z,-394,135,944
1786783641750,2026-08-15T08:47:21.750Z,-345,107,966
1786783641760,2026-08-15T08:47:21.760Z,-298,98,1062
1786783641770,2026-08-15T08:47:21.770Z,-274,96,1151
1786783641780,2026-08-15T08:47:21.780Z,-488,104,1153
1786783641790,2026-08-15T08:47:21.790Z,-392,102,1233
1786783641800,2026-08-15T08:47:21.800Z,-416,115,1103
1786783641810,2026-08-15T08:47:21.810Z,-496,150,973
1786783641820,2026-08-15T08:47:21.820Z,-498,135,885
1786783641830,2026-08-15T08:47:21.830Z,-422,141,977
1786783641840,2026-08-15T08:47:21.840Z,-333,50,994
1786783641850,2026-08-15T08:47:21.850Z,-275,0,1066
1786783641860,2026-08-15T08:47:21.860Z,-157,48,1065
1786783641870,2026-08-15T08:47:21.870Z,-839,223,824
1786783641880,2026-08-15T08:47:21.880Z,12,465,1473
1786783641890,2026-08-15T08:47:21.890Z,-438,-224,1220
1786783641900,2026-08-15T08:47:21.900Z,-438,-224,1220
1786783641910,2026-08-15T08:47:21.910Z,-456,-610,1392
1786783641920,2026-08-15T08:47:21.920Z,-2150,226,2484
1786783641930,2026-08-15T08:47:21.930Z,612,1978,-316
1786783641940,2026-08-15T08:47:21.940Z,-522,101,-1103
1786783641950,2026-08-15T08:47:21.950Z,-522,101,-1103
1786783641960,2026-08-15T08:47:21.960Z,-862,-1074,-743
1786783641970,2026-08-15T08:47:21.970Z,-1546,-885,-2044
1786783641980,2026-08-15T08:47:21.980Z,-1140,168,-1467
1786783641990,2026-08-15T08:47:21.990Z,723,1786,1319
1786783642000,2026-08-15T08:47:22.000Z,-557,-1426,-103
1786783642010,2026-08-15T08:47:22.010Z,-1710,942,1224
1786783642020,2026-08-15T08:47:22.020Z,-836,1785,1214
1786783642030,2026-08-15T08:47:22.030Z,-487,2582,1072
1786783642040,2026-08-15T08:47:22.040Z,-2418,3072,-879
1786783642050,2026-08-15T08:47:22.050Z,-258,1537,-1553
1786783642060,2026-08-15T08:47:22.060Z,1457,649,329
1786783642070,2026-08-15T08:47:22.070Z,512,1977,-172
1786783642080,2026-08-15T08:47:22.080Z,171,-373,991
1786783642090,2026-08-15T08:47:22.090Z,-1479,-1034,-395
1786783642100,2026-08-15T08:47:22.100Z,245,-978,1044
1786783642110,2026-08-15T08:47:22.110Z,-1631,1761,-43
1786783642120,2026-08-15T08:47:22.120Z,-604,-614,635
1786783642130,2026-08-15T08:47:22.130Z,-1889,-516,601
1786783642140,2026-08-15T08:47:22.140Z,1239,-958,2067
1786783642150,2026-08-15T08:47:22.150Z,-872,-2631,716
1786783642160,2026-08-15T08:47:22.160Z,-328,-3491,1647
1786783642170,2026-08-15T08:47:22.170Z,-916,-623,817
1786783642180,2026-08-15T08:47:22.180Z,-995,419,875
1786783642190,2026-08-15T08:47:22.190Z,811,1239,1299
1786783642200,2026-08-15T08:47:22.200Z,-800,2942,269
1786783642210,2026-08-15T08:47:22.210Z,109,2349,379
1786783642220,2026-08-15T08:47:22.220Z,-1672,3156,1546
1786783642230,2026-08-15T08:47:22.230Z,-1132,1925,2393
1786783642240,2026-08-15T08:47:22.240Z,-754,945,2721
1786783642250,2026-08-15T08:47:22.250Z,-1535,955,2589
1786783642260,2026-08-15T08:47:22.260Z,97,682,2024
1786783642270,2026-08-15T08:47:22.270Z,-1155,-180,1292
1786783642280,2026-08-15T08:47:22.280Z,-1155,-180,1292
1786783642290,2026-08-15T08:47:22.290Z,-304,-1068,578
1786783642300,2026-08-15T08:47:22.300Z,-97,-1751,1228
1786783642310,2026-08-15T08:47:22.310Z,-76,-1995,1223
1786783642320,2026-08-15T08:47:22.320Z,-157,-1772,1740
1786783642330,2026-08-15T08:47:22.330Z,-111,-1180,1152
1786783642340,2026-08-15T08:47:22.340Z,121,-848,1000
1786783642350,2026-08-15T08:47:22.350Z,-832,-337,848
1786783642360,2026-08-15T08:47:22.360Z,-214,198,1208
1786783642370,2026-08-15T08:47:22.370Z,-856,431,1236
1786783642380,2026-08-15T08:47:22.380Z,-576,482,1760
1786783642390,2026-08-15T08:47:22.390Z,-810,421,1198
1786783642400,2026-08-15T08:47:22.400Z,-313,-150,851
1786783642410,2026-08-15T08:47:22.410Z,-313,-150,851
1786783642420,2026-08-15T08:47:22.420Z,34,-737,362
1786783642430,2026-08-15T08:47:22.430Z,250,-1138,-82
1786783642440,2026-08-15T08:47:22.440Z,139,-1160,216
1786783642450,2026-08-15T08:47:22.450Z,89,-1350,86
1786783642460,2026-08-15T08:47:22.460Z,-499,-1325,1
1786783642470,2026-08-15T08:47:22.470Z,-568,-1383,494
1786783642480,2026-08-15T08:47:22.480Z,-443,-1192,898
1786783642490,2026-08-15T08:47:22.490Z,-424,-1063,1186
1786783642500,2026-08-15T08:47:22.500Z,-359,-735,604
1786783642510,2026-08-15T08:47:22.510Z,-203,-643,551
1786783642520,2026-08-15T08:47:22.520Z,-372,-665,238
1786783642530,2026-08-15T08:47:22.530Z,-178,-551,492
1786783642540,2026-08-15T08:47:22.540Z,-499,-616,357
1786783642550,2026-08-15T08:47:22.550Z,-577,-512,690
1786783642560,2026-08-15T08:47:22.560Z,-631,-482,954
1786783642570,2026-08-15T08:47:22.570Z,-487,-494,1195
1786783642580,2026-08-15T08:47:22.580Z,-487,-494,1195
1786783642590,2026-08-15T08:47:22.590Z,-509,-484,819
1786783642600,2026-08-15T08:47:22.600Z,-353,-583,1092
1786783642610,2026-08-15T08:47:22.610Z,-365,-513,815
1786783642620,2026-08-15T08:47:22.620Z,-246,-330,1486
1786783642630,2026-08-15T08:47:22.630Z,-608,-655,1433
1786783642640,2026-08-15T08:47:22.640Z,-362,-533,2170
1786783642650,2026-08-15T08:47:22.650Z,-927,-649,1362
1786783642660,2026-08-15T08:47:22.660Z,-718,-487,1362
1786783642670,2026-08-15T08:47:22.670Z,-663,-323,863
1786783642680,2026-08-15T08:47:22.680Z,-663,-323,863
1786783642690,2026-08-15T08:47:22.690Z,-232,-274,1471
1786783642700,2026-08-15T08:47:22.700Z,-288,-117,1055
1786783642710,2026-08-15T08:47:22.710Z,-478,-414,1508
1786783642720,2026-08-15T08:47:22.720Z,-417,-356,1312
1786783642730,2026-08-15T08:47:22.730Z,-540,-159,1084
1786783642740,2026-08-15T08:47:22.740Z,-708,-58,1071
1786783642750,2026-08-15T08:47:22.750Z,-549,-89,1110
1786783642760,2026-08-15T08:47:22.760Z,-444,-210,1231
1786783642770,2026-08-15T08:47:22.770Z,93,-386,1350
1786783642780,2026-08-15T08:47:22.780Z,93,-386,1350
1786783642790,2026-08-15T08:47:22.790Z,19,-513,1221
1786783642800,2026-08-15T08:47:22.800Z,78,-430,1083
1786783642810,2026-08-15T08:47:22.810Z,-414,-658,788
1786783642820,2026-08-15T08:47:22.820Z,-179,-540,865
1786783642830,2026-08-15T08:47:22.830Z,-179,-540,865
1786783642840,2026-08-15T08:47:22.840Z,-535,-405,474
1786783642850,2026-08-15T08:47:22.850Z,-380,-312,526
1786783642860,2026-08-15T08:47:22.860Z,-106,-299,640
1786783642870,2026-08-15T08:47:22.870Z,-32,-287,663
1786783642880,2026-08-15T08:47:22.880Z,-158,-447,675
1786783642890,2026-08-15T08:47:22.890Z,-158,-447,675
1786783642900,2026-08-15T08:47:22.900Z,-196,-449,727
1786783642910,2026-08-15T08:47:22.910Z,-451,-410,894
1786783642920,2026-08-15T08:47:22.920Z,-446,-532,1351
1786783642930,2026-08-15T08:47:22.930Z,-591,-403,1321
1786783642940,2026-08-15T08:47:22.940Z,-536,-367,1082
1786783642950,2026-08-15T08:47:22.950Z,-486,-497,663
1786783642960,2026-08-15T08:47:22.960Z,-537,-289,504
1786783642970,2026-08-15T08:47:22.970Z,-74,-360,656
1786783642980,2026-08-15T08:47:22.980Z,-180,-425,756
1786783642990,2026-08-15T08:47:22.990Z,127,-357,1048
1786783643000,2026-08-15T08:47:23.000Z,-41,-269,975
1786783643010,2026-08-15T08:47:23.010Z,15,-186,1094
1786783643020,2026-08-15T08:47:23.020Z,-444,-22,630
1786783643030,2026-08-15T08:47:23.030Z,-540,35,728
1786783643040,2026-08-15T08:47:23.040Z,-325,8,892
1786783643050,2026-08-15T08:47:23.050Z,-683,4,892
1786783643060,2026-08-15T08:47:23.060Z,-354,146,901
1786783643070,2026-08-15T08:47:23.070Z,-296,-133,876
1786783643080,2026-08-15T08:47:23.080Z,-359,-288,865
1786783643090,2026-08-15T08:47:23.090Z,-329,-299,679
1786783643100,2026-08-15T08:47:23.100Z,-193,-213,649
1786783643110,2026-08-15T08:47:23.110Z,-291,-109,789
1786783643120,2026-08-15T08:47:23.120Z,-140,-221,954
1786783643130,2026-08-15T08:47:23.130Z,-473,-100,1175
1786783643140,2026-08-15T08:47:23.140Z,-323,-123,1218
1786783643150,2026-08-15T08:47:23.150Z,-500,-61,1178
1786783643160,2026-08-15T08:47:23.160Z,-569,227,946
1786783643170,2026-08-15T08:47:23.170Z,-382,-115,1084
1786783643180,2026-08-15T08:47:23.180Z,-382,-115,1084
1786783643190,2026-08-15T08:47:23.190Z,-562,-212,781
1786783643200,2026-08-15T08:47:23.200Z,35,-453,1333
1786783643210,2026-08-15T08:47:23.210Z,-390,-164,1302
1786783643220,2026-08-15T08:47:23.220Z,-393,-178,1254
1786783643230,2026-08-15T08:47:23.230Z,-105,-697,1476
1786783643240,2026-08-15T08:47:23.240Z,-461,-453,1334
1786783643250,2026-08-15T08:47:23.250Z,-330,-358,1360
1786783643260,2026-08-15T08:47:23.260Z,-327,-681,1600
1786783643270,2026-08-15T08:47:23.270Z,-423,-795,1513
1786783643280,2026-08-15T08:47:23.280Z,-423,-795,1513
1786783643290,2026-08-15T08:47:23.290Z,-424,-781,1006
1786783643300,2026-08-15T08:47:23.300Z,-512,-539,652
1786783643310,2026-08-15T08:47:23.310Z,-338,-441,698
1786783643320,2026-08-15T08:47:23.320Z,-78,-638,1121
1786783643330,2026-08-15T08:47:23.330Z,-99,-708,1216
1786783643340,2026-08-15T08:47:23.340Z,73,-619,983
1786783643350,2026-08-15T08:47:23.350Z,73,-619,983
1786783643360,2026-08-15T08:47:23.360Z,5,-847,631
1786783643370,2026-08-15T08:47:23.370Z,40,-608,668
1786783643380,2026-08-15T08:47:23.380Z,-157,-639,716
1786783643390,2026-08-15T08:47:23.390Z,-157,-639,716
1786783643400,2026-08-15T08:47:23.400Z,-221,-532,639
1786783643410,2026-08-15T08:47:23.410Z,-205,-620,669
1786783643420,2026-08-15T08:47:23.420Z,-232,-547,597
1786783643430,2026-08-15T08:47:23.430Z,-186,-635,551
1786783643440,2026-08-15T08:47:23.440Z,-308,-699,564
1786783643450,2026-08-15T08:47:23.450Z,-571,-562,468
1786783643460,2026-08-15T08:47:23.460Z,-333,-282,465
1786783643470,2026-08-15T08:47:23.470Z,-507,-49,722
1786783643480,2026-08-15T08:47:23.480Z,-609,-111,1185
1786783643490,2026-08-15T08:47:23.490Z,-455,-80,1268
1786783643500,2026-08-15T08:47:23.500Z,-387,-127,1236
1786783643510,2026-08-15T08:47:23.510Z,-125,-430,1169
1786783643520,2026-08-15T08:47:23.520Z,-223,-474,1168
1786783643530,2026-08-15T08:47:23.530Z,-126,-395,1269
1786783643540,2026-08-15T08:47:23.540Z,-183,-373,1214
1786783643550,2026-08-15T08:47:23.550Z,-473,-286,1104
1786783643560,2026-08-15T08:47:23.560Z,-603,-319,1091
1786783643570,2026-08-15T08:47:23.570Z,-821,0,974
1786783643580,2026-08-15T08:47:23.580Z,-693,50,1202
1786783643590,2026-08-15T08:47:23.590Z,-698,-60,906
1786783643600,2026-08-15T08:47:23.600Z,-356,245,1275
1786783643610,2026-08-15T08:47:23.610Z,-729,250,789
1786783643620,2026-08-15T08:47:23.620Z,-235,242,861
1786783643630,2026-08-15T08:47:23.630Z,-354,153,1316
1786783643640,2026-08-15T08:47:23.640Z,-137,-94,1506
1786783643650,2026-08-15T08:47:23.650Z,4,-530,1276
1786783643660,2026-08-15T08:47:23.660Z,-282,-599,1449
1786783643670,2026-08-15T08:47:23.670Z,-782,-217,541
1786783643680,2026-08-15T08:47:23.680Z,-782,-217,541
1786783643690,2026-08-15T08:47:23.690Z,-588,-115,778
1786783643700,2026-08-15T08:47:23.700Z,-681,185,820
1786783643710,2026-08-15T08:47:23.710Z,-470,102,1053
1786783643720,2026-08-15T08:47:23.720Z,-184,-6,842
1786783643730,2026-08-15T08:47:23.730Z,-25,-11,746
1786783643740,2026-08-15T08:47:23.740Z,-260,-80,626
1786783643750,2026-08-15T08:47:23.750Z,-167,-81,772
1786783643760,2026-08-15T08:47:23.760Z,-51,-159,784
1786783643770,2026-08-15T08:47:23.770Z,-7,-309,1001
1786783643780,2026-08-15T08:47:23.780Z,-7,-309,1001
1786783643790,2026-08-15T08:47:23.790Z,-441,-247,710
1786783643800,2026-08-15T08:47:23.800Z,-456,-202,852
1786783643810,2026-08-15T08:47:23.810Z,-550,-218,840
1786783643820,2026-08-15T08:47:23.820Z,-705,-472,656
1786783643830,2026-08-15T08:47:23.830Z,-456,-435,732
1786783643840,2026-08-15T08:47:23.840Z,-467,-330,558
1786783643850,2026-08-15T08:47:23.850Z,-136,-289,459
1786783643860,2026-08-15T08:47:23.860Z,154,-351,870
1786783643870,2026-08-15T08:47:23.870Z,-114,-404,899
1786783643880,2026-08-15T08:47:23.880Z,9,-327,1219
1786783643890,2026-08-15T08:47:23.890Z,-193,-148,1165
1786783643900,2026-08-15T08:47:23.900Z,-577,-137,1023
1786783643910,2026-08-15T08:47:23.910Z,-598,-129,1073
1786783643920,2026-08-15T08:47:23.920Z,-627,-351,1166
1786783643930,2026-08-15T08:47:23.930Z,-517,-283,965
1786783643940,2026-08-15T08:47:23.940Z,-402,-341,828
1786783643950,2026-08-15T08:47:23.950Z,-375,-552,986
1786783643960,2026-08-15T08:47:23.960Z,-362,-754,1174
1786783643970,2026-08-15T08:47:23.970Z,-221,-901,1319
1786783643980,2026-08-15T08:47:23.980Z,-406,-966,1419
1786783643990,2026-08-15T08:47:23.990Z,-918,-505,1741
1786783644000,2026-08-15T08:47:24.000Z,-918,-505,1741
1786783644010,2026-08-15T08:47:24.010Z,-672,-616,1600
1786783644020,2026-08-15T08:47:24.020Z,-608,-574,1347
1786783644030,2026-08-15T08:47:24.030Z,-513,-812,1491
1786783644040,2026-08-15T08:47:24.040Z,-354,-1022,1571
1786783644050,2026-08-15T08:47:24.050Z,-529,-1038,1353
1786783644060,2026-08-15T08:47:24.060Z,-633,-1077,1214
1786783644070,2026-08-15T08:47:24.070Z,-448,-1244,1005
1786783644080,2026-08-15T08:47:24.080Z,-448,-1244,1005
1786783644090,2026-08-15T08:47:24.090Z,-478,-815,831
1786783644100,2026-08-15T08:47:24.100Z,-478,-815,831
1786783644110,2026-08-15T08:47:24.110Z,-496,-667,837
1786783644120,2026-08-15T08:47:24.120Z,-311,-555,838
1786783644130,2026-08-15T08:47:24.130Z,-533,-540,755
1786783644140,2026-08-15T08:47:24.140Z,-270,-516,622
1786783644150,2026-08-15T08:47:24.150Z,-61,-604,748
1786783644160,2026-08-15T08:47:24.160Z,-45,-717,805
1786783644170,2026-08-15T08:47:24.170Z,-47,-516,517
1786783644180,2026-08-15T08:47:24.180Z,-47,-516,517
1786783644190,2026-08-15T08:47:24.190Z,-209,-512,489
1786783644200,2026-08-15T08:47:24.200Z,-217,-280,523
1786783644210,2026-08-15T08:47:24.210Z,-246,-391,365
1786783644220,2026-08-15T08:47:24.220Z,-128,-334,538
1786783644230,2026-08-15T08:47:24.230Z,-257,-282,447
1786783644240,2026-08-15T08:47:24.240Z,-261,-227,401
1786783644250,2026-08-15T08:47:24.250Z,-403,-303,386
1786783644260,2026-08-15T08:47:24.260Z,-423,-354,349
1786783644270,2026-08-15T08:47:24.270Z,-442,-160,374
1786783644280,2026-08-15T08:47:24.280Z,-442,-160,374
1786783644290,2026-08-15T08:47:24.290Z,-312,-20,511
1786783644300,2026-08-15T08:47:24.300Z,-407,72,485
1786783644310,2026-08-15T08:47:24.310Z,-451,-33,476
1786783644320,2026-08-15T08:47:24.320Z,-379,-88,532
1786783644330,2026-08-15T08:47:24.330Z,-473,-37,480
1786783644340,2026-08-15T08:47:24.340Z,-397,119,908
1786783644350,2026-08-15T08:47:24.350Z,-411,141,1111
1786783644360,2026-08-15T08:47:24.360Z,-500,64,1237
1786783644370,2026-08-15T08:47:24.370Z,-455,93,1228
1786783644380,2026-08-15T08:47:24.380Z,-645,77,1166
1786783644390,2026-08-15T08:47:24.390Z,-645,77,1166
1786783644400,2026-08-15T08:47:24.400Z,-613,132,1337
1786783644410,2026-08-15T08:47:24.410Z,-570,197,1532
1786783644420,2026-08-15T08:47:24.420Z,-706,399,1715
1786783644430,2026-08-15T08:47:24.430Z,-590,404,1820
1786783644440,2026-08-15T08:47:24.440Z,-660,353,1816
1786783644450,2026-08-15T08:47:24.450Z,-738,-73,1923
1786783644460,2026-08-15T08:47:24.460Z,-810,-212,1812
1786783644470,2026-08-15T08:47:24.470Z,-815,-222,1793
1786783644480,2026-08-15T08:47:24.480Z,-388,-308,1623
1786783644490,2026-08-15T08:47:24.490Z,-467,-259,1539
1786783644500,2026-08-15T08:47:24.500Z,-555,-160,1423
1786783644510,2026-08-15T08:47:24.510Z,-441,-118,1427
1786783644520,2026-08-15T08:47:24.520Z,-452,-156,1138
1786783644530,2026-08-15T08:47:24.530Z,-483,-159,1010
1786783644540,2026-08-15T08:47:24.540Z,-353,-137,966
1786783644550,2026-08-15T08:47:24.550Z,-217,-288,816
1786783644560,2026-08-15T08:47:24.560Z,-118,-317,902
1786783644570,2026-08-15T08:47:24.570Z,-194,-274,527
1786783644580,2026-08-15T08:47:24.580Z,-194,-274,527
1786783644590,2026-08-15T08:47:24.590Z,-149,-439,457
1786783644600,2026-08-15T08:47:24.600Z,-272,-299,299
1786783644610,2026-08-15T08:47:24.610Z,-80,-388,307
1786783644620,2026-08-15T08:47:24.620Z,-196,-545,474
1786783644630,2026-08-15T08:47:24.630Z,-43,-457,603
1786783644640,2026-08-15T08:47:24.640Z,-43,-457,603
1786783644650,2026-08-15T08:47:24.650Z,-136,-339,753
1786783644660,2026-08-15T08:47:24.660Z,-166,-484,784
1786783644670,2026-08-15T08:47:24.670Z,-284,-512,736
1786783644680,2026-08-15T08:47:24.680Z,-87,-605,775
1786783644690,2026-08-15T08:47:24.690Z,-284,-641,633
1786783644700,2026-08-15T08:47:24.700Z,-362,-664,647
1786783644710,2026-08-15T08:47:24.710Z,-309,-628,743
1786783644720,2026-08-15T08:47:24.720Z,-351,-625,845
1786783644730,2026-08-15T08:47:24.730Z,-368,-581,860
1786783644740,2026-08-15T08:47:24.740Z,-323,-636,801
1786783644750,2026-08-15T08:47:24.750Z,-297,-723,800
1786783644760,2026-08-15T08:47:24.760Z,-175,-805,856
1786783644770,2026-08-15T08:47:24.770Z,-232,-694,1037
1786783644780,2026-08-15T08:47:24.780Z,-530,-559,1037
1786783644790,2026-08-15T08:47:24.790Z,-307,-665,1139
1786783644800,2026-08-15T08:47:24.800Z,-496,-667,1167
1786783644810,2026-08-15T08:47:24.810Z,-512,-662,1192
1786783644820,2026-08-15T08:47:24.820Z,-420,-705,1273
1786783644830,2026-08-15T08:47:24.830Z,-514,-612,1333
1786783644840,2026-08-15T08:47:24.840Z,-407,-595,1413
1786783644850,2026-08-15T08:47:24.850Z,-438,-616,1358
1786783644860,2026-08-15T08:47:24.860Z,-694,-645,1300
1786783644870,2026-08-15T08:47:24.870Z,-777,-499,1340
1786783644880,2026-08-15T08:47:24.880Z,-807,-485,1418
1786783644890,2026-08-15T08:47:24.890Z,-660,-437,1461
1786783644900,2026-08-15T08:47:24.900Z,-660,-437,1461
1786783644910,2026-08-15T08:47:24.910Z,-660,-270,1424
1786783644920,2026-08-15T08:47:24.920Z,-632,-324,1451
1786783644930,2026-08-15T08:47:24.930Z,-675,-376,1315
1786783644940,2026-08-15T08:47:24.940Z,-773,-408,1054
1786783644950,2026-08-15T08:47:24.950Z,-598,-490,978
1786783644960,2026-08-15T08:47:24.960Z,-534,-464,940
1786783644970,2026-08-15T08:47:24.970Z,-504,-351,788
1786783644980,2026-08-15T08:47:24.980Z,-319,-361,811
1786783644990,2026-08-15T08:47:24.990Z,-415,-175,840
1786783645000,2026-08-15T08:47:25.000Z,-490,-44,805
1786783645010,2026-08-15T08:47:25.010Z,-493,-84,672
1786783645020,2026-08-15T08:47:25.020Z,-359,-128,714
1786783645030,2026-08-15T08:47:25.030Z,-316,-245,713
1786783645040,2026-08-15T08:47:25.040Z,-188,-272,651
1786783645050,2026-08-15T08:47:25.050Z,-259,-301,633
1786783645060,2026-08-15T08:47:25.060Z,-354,-308,550
1786783645070,2026-08-15T08:47:25.070Z,-172,-239,599
1786783645080,2026-08-15T08:47:25.080Z,-194,-184,680
1786783645090,2026-08-15T08:47:25.090Z,-267,-170,637
1786783645100,2026-08-15T08:47:25.100Z,-60,-98,937
1786783645110,2026-08-15T08:47:25.110Z,-218,35,691
1786783645120,2026-08-15T08:47:25.120Z,-246,-31,762
1786783645130,2026-08-15T08:47:25.130Z,-344,6,830
1786783645140,2026-08-15T08:47:25.140Z,-327,145,895
1786783645150,2026-08-15T08:47:25.150Z,-370,32,1007
1786783645160,2026-08-15T08:47:25.160Z,-478,48,1111
1786783645170,2026-08-15T08:47:25.170Z,-472,145,993
1786783645180,2026-08-15T08:47:25.180Z,-516,52,969
1786783645190,2026-08-15T08:47:25.190Z,-458,10,1114
1786783645200,2026-08-15T08:47:25.200Z,-442,79,1158
1786783645210,2026-08-15T08:47:25.210Z,-374,121,1246
1786783645220,2026-08-15T08:47:25.220Z,-386,41,1277
1786783645230,2026-08-15T08:47:25.230Z,-393,107,1212
1786783645240,2026-08-15T08:47:25.240Z,-473,150,1145
1786783645250,2026-08-15T08:47:25.250Z,-359,60,1229
1786783645260,2026-08-15T08:47:25.260Z,-359,60,1229
1786783645270,2026-08-15T08:47:25.270Z,-485,102,1197
1786783645280,2026-08-15T08:47:25.280Z,-485,102,1197
1786783645290,2026-08-15T08:47:25.290Z,-582,50,1038
1786783645300,2026-08-15T08:47:25.300Z,-701,12,839
1786783645310,2026-08-15T08:47:25.310Z,-590,-34,1003
1786783645320,2026-08-15T08:47:25.320Z,-368,21,1301
1786783645330,2026-08-15T08:47:25.330Z,-456,-4,1134
1786783645340,2026-08-15T08:47:25.340Z,-403,46,1049
1786783645350,2026-08-15T08:47:25.350Z,-417,-23,876
1786783645360,2026-08-15T08:47:25.360Z,-375,-208,807
1786783645370,2026-08-15T08:47:25.370Z,-470,-83,801
1786783645380,2026-08-15T08:47:25.380Z,-470,-83,801
1786783645390,2026-08-15T08:47:25.390Z,-552,1,724
1786783645400,2026-08-15T08:47:25.400Z,-218,-84,1289
1786783645410,2026-08-15T08:47:25.410Z,-739,-20,586
1786783645420,2026-08-15T08:47:25.420Z,-947,-397,670
1786783645430,2026-08-15T08:47:25.430Z,-947,-397,670
1786783645440,2026-08-15T08:47:25.440Z,-837,-236,816
1786783645450,2026-08-15T08:47:25.450Z,-132,-242,1075
1786783645460,2026-08-15T08:47:25.460Z,-584,-44,927
1786783645470,2026-08-15T08:47:25.470Z,-267,-113,1173
1786783645480,2026-08-15T08:47:25.480Z,-513,-32,966
1786783645490,2026-08-15T08:47:25.490Z,-550,-438,1092
1786783645500,2026-08-15T08:47:25.500Z,-509,-567,1066
1786783645510,2026-08-15T08:47:25.510Z,-623,-527,1018
1786783645520,2026-08-15T08:47:25.520Z,-548,-546,963
1786783645530,2026-08-15T08:47:25.530Z,-332,-510,1163
1786783645540,2026-08-15T08:47:25.540Z,-651,-359,986
1786783645550,2026-08-15T08:47:25.550Z,-452,-265,1134
1786783645560,2026-08-15T08:47:25.560Z,-546,-284,1123
1786783645570,2026-08-15T08:47:25.570Z,-670,-214,1043
1786783645580,2026-08-15T08:47:25.580Z,-649,-246,1103
1786783645590,2026-08-15T08:47:25.590Z,-493,-307,1082
1786783645600,2026-08-15T08:47:25.600Z,-489,-309,1079
1786783645610,2026-08-15T08:47:25.610Z,-605,-267,1045
1786783645620,2026-08-15T08:47:25.620Z,-534,-238,1078
1786783645630,2026-08-15T08:47:25.630Z,-632,-290,1029
1786783645640,2026-08-15T08:47:25.640Z,-658,-234,961
1786783645650,2026-08-15T08:47:25.650Z,-649,-267,932
1786783645660,2026-08-15T08:47:25.660Z,-601,-265,841
1786783645670,2026-08-15T08:47:25.670Z,-287,31,978
1786783645680,2026-08-15T08:47:25.680Z,-287,31,978
1786783645690,2026-08-15T08:47:25.690Z,-410,83,895
1786783645700,2026-08-15T08:47:25.700Z,-435,177,970
1786783645710,2026-08-15T08:47:25.710Z,-399,158,960
1786783645720,2026-08-15T08:47:25.720Z,-571,83,793
1786783645730,2026-08-15T08:47:25.730Z,-661,32,688
1786783645740,2026-08-15T08:47:25.740Z,-676,25,867
1786783645750,2026-08-15T08:47:25.750Z,-543,-63,1127
1786783645760,2026-08-15T08:47:25.760Z,-424,-141,1271
1786783645770,2026-08-15T08:47:25.770Z,-351,163,1004
1786783645780,2026-08-15T08:47:25.780Z,-550,293,652
1786783645790,2026-08-15T08:47:25.790Z,-550,293,652
1786783645800,2026-08-15T08:47:25.800Z,-540,503,692
1786783645810,2026-08-15T08:47:25.810Z,-455,394,915
1786783645820,2026-08-15T08:47:25.820Z,-264,268,1230
1786783645830,2026-08-15T08:47:25.830Z,-450,290,1132
1786783645840,2026-08-15T08:47:25.840Z,-726,462,788
1786783645850,2026-08-15T08:47:25.850Z,-925,446,760
1786783645860,2026-08-15T08:47:25.860Z,-700,454,914
1786783645870,2026-08-15T08:47:25.870Z,-461,381,1029
1786783645880,2026-08-15T08:47:25.880Z,-505,304,1147
1786783645890,2026-08-15T08:47:25.890Z,-290,548,1118
1786783645900,2026-08-15T08:47:25.900Z,-347,577,1025
1786783645910,2026-08-15T08:47:25.910Z,-516,523,1019
1786783645920,2026-08-15T08:47:25.920Z,-561,431,1098
1786783645930,2026-08-15T08:47:25.930Z,-561,431,1098
1786783645940,2026-08-15T08:47:25.940Z,-616,591,1208
1786783645950,2026-08-15T08:47:25.950Z,-584,767,1118
1786783645960,2026-08-15T08:47:25.960Z,-519,787,1059
1786783645970,2026-08-15T08:47:25.970Z,-374,704,1084
1786783645980,2026-08-15T08:47:25.980Z,-351,677,1081
1786783645990,2026-08-15T08:47:25.990Z,-358,512,1096
1786783646000,2026-08-15T08:47:26.000Z,-447,484,1081
1786783646010,2026-08-15T08:47:26.010Z,-500,508,1097
1786783646020,2026-08-15T08:47:26.020Z,-462,427,1012
1786783646030,2026-08-15T08:47:26.030Z,-342,448,977
1786783646040,2026-08-15T08:47:26.040Z,-443,470,968
1786783646050,2026-08-15T08:47:26.050Z,-226,145,1071
1786783646060,2026-08-15T08:47:26.060Z,-356,6,1129
1786783646070,2026-08-15T08:47:26.070Z,-373,91,1063
1786783646080,2026-08-15T08:47:26.080Z,-415,232,973
1786783646090,2026-08-15T08:47:26.090Z,-383,262,905
1786783646100,2026-08-15T08:47:26.100Z,-272,214,901
1786783646110,2026-08-15T08:47:26.110Z,-410,206,856
1786783646120,2026-08-15T08:47:26.120Z,-389,-4,943
1786783646130,2026-08-15T08:47:26.130Z,-407,6,985
1786783646140,2026-08-15T08:47:26.140Z,-483,62,930
1786783646150,2026-08-15T08:47:26.150Z,-522,54,910
1786783646160,2026-08-15T08:47:26.160Z,-473,-95,995
1786783646170,2026-08-15T08:47:26.170Z,-420,-18,973
1786783646180,2026-08-15T08:47:26.180Z,-420,-18,973
1786783646190,2026-08-15T08:47:26.190Z,-311,-71,985
1786783646200,2026-08-15T08:47:26.200Z,-358,-23,964
1786783646210,2026-08-15T08:47:26.210Z,-387,36,948
1786783646220,2026-08-15T08:47:26.220Z,-362,16,968
1786783646230,2026-08-15T08:47:26.230Z,-370,10,1022
1786783646240,2026-08-15T08:47:26.240Z,-386,32,1014
1786783646250,2026-08-15T08:47:26.250Z,-421,18,1003
1786783646260,2026-08-15T08:47:26.260Z,-347,-81,1046
1786783646270,2026-08-15T08:47:26.270Z,-347,-71,996
1786783646280,2026-08-15T08:47:26.280Z,-283,-156,1047
1786783646290,2026-08-15T08:47:26.290Z,-283,-156,1047
1786783646300,2026-08-15T08:47:26.300Z,-278,-113,1114
1786783646310,2026-08-15T08:47:26.310Z,-244,-61,1124
1786783646320,2026-08-15T08:47:26.320Z,-274,-93,1088
1786783646330,2026-08-15T08:47:26.330Z,-233,-115,1110
1786783646340,2026-08-15T08:47:26.340Z,-173,-89,1083
1786783646350,2026-08-15T08:47:26.350Z,-219,-119,1064
1786783646360,2026-08-15T08:47:26.360Z,-165,-142,1119
1786783646370,2026-08-15T08:47:26.370Z,-8,-77,1123
1786783646380,2026-08-15T08:47:26.380Z,-163,-71,998
1786783646390,2026-08-15T08:47:26.390Z,71,-105,1106
1786783646400,2026-08-15T08:47:26.400Z,77,-107,1062
1786783646410,2026-08-15T08:47:26.410Z,0,-95,972
1786783646420,2026-08-15T08:47:26.420Z,203,-165,1014
1786783646430,2026-08-15T08:47:26.430Z,220,-175,1015
1786783646440,2026-08-15T08:47:26.440Z,339,-58,968
1786783646450,2026-08-15T08:47:26.450Z,343,-65,950
1786783646460,2026-08-15T08:47:26.460Z,416,-71,1002
1786783646470,2026-08-15T08:47:26.470Z,430,-29,930
1786783646480,2026-08-15T08:47:26.480Z,417,-61,907
1786783646490,2026-08-15T08:47:26.490Z,346,-58,897
1786783646500,2026-08-15T08:47:26.500Z,422,-87,997
1786783646510,2026-08-15T08:47:26.510Z,260,-48,887
1786783646520,2026-08-15T08:47:26.520Z,147,-75,903
1786783646530,2026-08-15T08:47:26.530Z,82,-117,896
1786783646540,2026-08-15T08:47:26.540Z,-79,-14,852
1786783646550,2026-08-15T08:47:26.550Z,-40,-54,886
1786783646560,2026-08-15T08:47:26.560Z,-30,-77,929
1786783646570,2026-08-15T08:47:26.570Z,-110,4,866
1786783646580,2026-08-15T08:47:26.580Z,-143,-10,850
1786783646590,2026-08-15T08:47:26.590Z,-131,-58,866
1786783646600,2026-08-15T08:47:26.600Z,-110,-40,921
1786783646610,2026-08-15T08:47:26.610Z,-121,14,917
1786783646620,2026-08-15T08:47:26.620Z,-126,-27,960
1786783646630,2026-08-15T08:47:26.630Z,-115,-6,1010
1786783646640,2026-08-15T08:47:26.640Z,-79,117,997
1786783646650,2026-08-15T08:47:26.650Z,-110,79,964
1786783646660,2026-08-15T08:47:26.660Z,-4,54,1009
1786783646670,2026-08-15T08:47:26.670Z,-76,171,947
1786783646680,2026-08-15T08:47:26.680Z,-76,171,947
1786783646690,2026-08-15T08:47:26.690Z,-31,107,1019
1786783646700,2026-08-15T08:47:26.700Z,-9,143,1038
1786783646710,2026-08-15T08:47:26.710Z,-85,202,994
1786783646720,2026-08-15T08:47:26.720Z,7,165,1058
1786783646730,2026-08-15T08:47:26.730Z,-60,210,1052
1786783646740,2026-08-15T08:47:26.740Z,-90,262,1032
1786783646750,2026-08-15T08:47:26.750Z,-47,204,1040
1786783646760,2026-08-15T08:47:26.760Z,34,196,1094
1786783646770,2026-08-15T08:47:26.770Z,-15,244,1045
1786783646780,2026-08-15T08:47:26.780Z,31,212,1002
1786783646790,2026-08-15T08:47:26.790Z,68,200,1031
1786783646800,2026-08-15T08:47:26.800Z,22,240,1030
1786783646810,2026-08-15T08:47:26.810Z,-10,273,983
1786783646820,2026-08-15T08:47:26.820Z,-15,244,1022
1786783646830,2026-08-15T08:47:26.830Z,-31,268,1023
1786783646840,2026-08-15T08:47:26.840Z,-49,310,977
1786783646850,2026-08-15T08:47:26.850Z,-9,234,976
1786783646860,2026-08-15T08:47:26.860Z,30,234,983
1786783646870,2026-08-15T08:47:26.870Z,-13,264,912
1786783646880,2026-08-15T08:47:26.880Z,106,145,919
1786783646890,2026-08-15T08:47:26.890Z,106,145,919
1786783646900,2026-08-15T08:47:26.900Z,126,146,910
1786783646910,2026-08-15T08:47:26.910Z,126,161,873
1786783646920,2026-08-15T08:47:26.920Z,127,121,936
1786783646930,2026-08-15T08:47:26.930Z,65,167,908
1786783646940,2026-08-15T08:47:26.940Z,55,194,889
1786783646950,2026-08-15T08:47:26.950Z,80,167,910
1786783646960,2026-08-15T08:47:26.960Z,81,183,921
1786783646970,2026-08-15T08:47:26.970Z,74,196,894
1786783646980,2026-08-15T08:47:26.980Z,69,165,874
1786783646990,2026-08-15T08:47:26.990Z,82,117,919
1786783647000,2026-08-15T08:47:27.000Z,80,141,914
1786783647010,2026-08-15T08:47:27.010Z,21,127,889
1786783647020,2026-08-15T08:47:27.020Z,63,96,946
1786783647030,2026-08-15T08:47:27.030Z,14,121,979
1786783647040,2026-08-15T08:47:27.040Z,-34,154,946
1786783647050,2026-08-15T08:47:27.050Z,-21,131,948
1786783647060,2026-08-15T08:47:27.060Z,-36,139,996
1786783647070,2026-08-15T08:47:27.070Z,-38,169,969
1786783647080,2026-08-15T08:47:27.080Z,-63,150,958
1786783647090,2026-08-15T08:47:27.090Z,-17,131,1032
1786783647100,2026-08-15T08:47:27.100Z,-45,143,1037
1786783647110,2026-08-15T08:47:27.110Z,-87,154,984
1786783647120,2026-08-15T08:47:27.120Z,-44,104,1035
1786783647130,2026-08-15T08:47:27.130Z,-102,96,1054
1786783647140,2026-08-15T08:47:27.140Z,-102,109,1024
1786783647150,2026-08-15T08:47:27.150Z,-94,54,1019
1786783647160,2026-08-15T08:47:27.160Z,-77,32,1096
1786783647170,2026-08-15T08:47:27.170Z,-124,64,1038
1786783647180,2026-08-15T08:47:27.180Z,-124,64,1038
1786783647190,2026-08-15T08:47:27.190Z,-110,-6,1046
1786783647200,2026-08-15T08:47:27.200Z,-158,12,1036
1786783647210,2026-08-15T08:47:27.210Z,-120,-4,997
1786783647220,2026-08-15T08:47:27.220Z,-116,-44,1011
1786783647230,2026-08-15T08:47:27.230Z,-130,-75,1060
1786783647240,2026-08-15T08:47:27.240Z,-131,-48,999
1786783647250,2026-08-15T08:47:27.250Z,-102,-69,986
1786783647260,2026-08-15T08:47:27.260Z,-93,-107,1042
1786783647270,2026-08-15T08:47:27.270Z,-101,-63,998
1786783647280,2026-08-15T08:47:27.280Z,-86,-95,970
1786783647290,2026-08-15T08:47:27.290Z,-78,-123,1034
1786783647300,2026-08-15T08:47:27.300Z,-78,-123,1034
1786783647310,2026-08-15T08:47:27.310Z,-47,-87,974
1786783647320,2026-08-15T08:47:27.320Z,-13,-117,985
1786783647330,2026-08-15T08:47:27.330Z,-29,-123,1014
1786783647340,2026-08-15T08:47:27.340Z,4,-73,973
1786783647350,2026-08-15T08:47:27.350Z,0,-113,967
1786783647360,2026-08-15T08:47:27.360Z,25,-85,1011
1786783647370,2026-08-15T08:47:27.370Z,16,-61,976
1786783647380,2026-08-15T08:47:27.380Z,36,-98,979
1786783647390,2026-08-15T08:47:27.390Z,36,-98,979
1786783647400,2026-08-15T08:47:27.400Z,34,-73,1007
1786783647410,2026-08-15T08:47:27.410Z,60,-46,980
1786783647420,2026-08-15T08:47:27.420Z,49,-81,993
1786783647430,2026-08-15T08:47:27.430Z,53,-63,1016
1786783647440,2026-08-15T08:47:27.440Z,66,-6,997
1786783647450,2026-08-15T08:47:27.450Z,37,-25,983
1786783647460,2026-08-15T08:47:27.460Z,53,-19,996
1786783647470,2026-08-15T08:47:27.470Z,32,25,978
1786783647480,2026-08-15T08:47:27.480Z,54,0,998
1786783647490,2026-08-15T08:47:27.490Z,25,-6,1000
1786783647500,2026-08-15T08:47:27.500Z,-5,25,997
1786783647510,2026-08-15T08:47:27.510Z,2,48,990
1786783647520,2026-08-15T08:47:27.520Z,4,23,991
1786783647530,2026-08-15T08:47:27.530Z,-44,95,971
1786783647540,2026-08-15T08:47:27.540Z,-44,95,971
1786783647550,2026-08-15T08:47:27.550Z,-32,54,1006
1786783647560,2026-08-15T08:47:27.560Z,-45,81,996
1786783647570,2026-08-15T08:47:27.570Z,-66,119,974
1786783647580,2026-08-15T08:47:27.580Z,-66,123,974
1786783647590,2026-08-15T08:47:27.590Z,-53,105,1000
1786783647600,2026-08-15T08:47:27.600Z,-81,139,987
1786783647610,2026-08-15T08:47:27.610Z,-63,158,975
1786783647620,2026-08-15T08:47:27.620Z,-71,115,1014
1786783647630,2026-08-15T08:47:27.630Z,-80,141,1005
1786783647640,2026-08-15T08:47:27.640Z,-86,177,977
1786783647650,2026-08-15T08:47:27.650Z,-62,158,973
1786783647660,2026-08-15T08:47:27.660Z,-61,161,1007
1786783647670,2026-08-15T08:47:27.670Z,-54,190,973
1786783647680,2026-08-15T08:47:27.680Z,-54,190,973
1786783647690,2026-08-15T08:47:27.690Z,-31,146,1028
1786783647700,2026-08-15T08:47:27.700Z,-75,188,982
1786783647710,2026-08-15T08:47:27.710Z,-32,192,970
1786783647720,2026-08-15T08:47:27.720Z,-22,121,1019
1786783647730,2026-08-15T08:47:27.730Z,-22,121,1019
1786783647740,2026-08-15T08:47:27.740Z,-54,175,951
1786783647750,2026-08-15T08:47:27.750Z,3,137,992
1786783647760,2026-08-15T08:47:27.760Z,-30,141,1007
1786783647770,2026-08-15T08:47:27.770Z,-22,161,954
1786783647780,2026-08-15T08:47:27.780Z,-1,100,982
1786783647790,2026-08-15T08:47:27.790Z,-1,100,982
1786783647800,2026-08-15T08:47:27.800Z,-29,135,946
1786783647810,2026-08-15T08:47:27.810Z,9,105,953
1786783647820,2026-08-15T08:47:27.820Z,43,60,993
1786783647830,2026-08-15T08:47:27.830Z,10,83,978
1786783647840,2026-08-15T08:47:27.840Z,-16,93,937
1786783647850,2026-08-15T08:47:27.850Z,59,67,978
1786783647860,2026-08-15T08:47:27.860Z,14,42,988
1786783647870,2026-08-15T08:47:27.870Z,7,79,922
1786783647880,2026-08-15T08:47:27.880Z,68,48,958
1786783647890,2026-08-15T08:47:27.890Z,37,14,1000
1786783647900,2026-08-15T08:47:27.900Z,2,54,948
1786783647910,2026-08-15T08:47:27.910Z,20,36,947
1786783647920,2026-08-15T08:47:27.920Z,42,10,990
1786783647930,2026-08-15T08:47:27.930Z,11,40,977
1786783647940,2026-08-15T08:47:27.940Z,-7,31,948
1786783647950,2026-08-15T08:47:27.950Z,17,16,987
1786783647960,2026-08-15T08:47:27.960Z,1,2,1018
1786783647970,2026-08-15T08:47:27.970Z,-30,34,948
1786783647980,2026-08-15T08:47:27.980Z,8,12,974
1786783647990,2026-08-15T08:47:27.990Z,27,-10,1019
1786783648000,2026-08-15T08:47:28.000Z,-42,31,959
1786783648010,2026-08-15T08:47:28.010Z,-6,10,988
1786783648020,2026-08-15T08:47:28.020Z,-25,-8,1011
1786783648030,2026-08-15T08:47:28.030Z,-28,0,1049
1786783648040,2026-08-15T08:47:28.040Z,-27,20,979
1786783648050,2026-08-15T08:47:28.050Z,-36,-8,1006
1786783648060,2026-08-15T08:47:28.060Z,-54,18,993
1786783648070,2026-08-15T08:47:28.070Z,-54,18,993
1786783648080,2026-08-15T08:47:28.080Z,-49,-2,995
1786783648090,2026-08-15T08:47:28.090Z,-40,6,1040
1786783648100,2026-08-15T08:47:28.100Z,-95,34,974
1786783648110,2026-08-15T08:47:28.110Z,-95,34,974
1786783648120,2026-08-15T08:47:28.120Z,-71,20,1016
1786783648130,2026-08-15T08:47:28.130Z,-58,23,1044
1786783648140,2026-08-15T08:47:28.140Z,-70,36,977
1786783648150,2026-08-15T08:47:28.150Z,-46,18,1030
1786783648160,2026-08-15T08:47:28.160Z,-63,22,1044
1786783648170,2026-08-15T08:47:28.170Z,-64,56,990
1786783648180,2026-08-15T08:47:28.180Z,-62,52,973
1786783648190,2026-08-15T08:47:28.190Z,-53,32,1038
1786783648200,2026-08-15T08:47:28.200Z,-47,58,996
1786783648210,2026-08-15T08:47:28.210Z,-7,31,992
1786783648220,2026-08-15T08:47:28.220Z,-21,29,1026
1786783648230,2026-08-15T08:47:28.230Z,-24,46,1018
1786783648240,2026-08-15T08:47:28.240Z,-19,77,968
1786783648250,2026-08-15T08:47:28.250Z,16,56,1011
1786783648260,2026-08-15T08:47:28.260Z,-17,71,1007
1786783648270,2026-08-15T08:47:28.270Z,5,98,962
1786783648280,2026-08-15T08:47:28.280Z,3,54,979
1786783648290,2026-08-15T08:47:28.290Z,3,54,979
1786783648300,2026-08-15T08:47:28.300Z,18,79,975
1786783648310,2026-08-15T08:47:28.310Z,-7,91,948
1786783648320,2026-08-15T08:47:28.320Z,40,46,1014
1786783648330,2026-08-15T08:47:28.330Z,-4,91,972
1786783648340,2026-08-15T08:47:28.340Z,-22,111,950
1786783648350,2026-08-15T08:47:28.350Z,-25,91,988
1786783648360,2026-08-15T08:47:28.360Z,-25,91,988
1786783648370,2026-08-15T08:47:28.370Z,29,91,958
1786783648380,2026-08-15T08:47:28.380Z,29,91,958
1786783648390,2026-08-15T08:47:28.390Z,10,65,1013
1786783648400,2026-08-15T08:47:28.400Z,-14,96,960
1786783648410,2026-08-15T08:47:28.410Z,-24,89,965
1786783648420,2026-08-15T08:47:28.420Z,-12,58,1021
1786783648430,2026-08-15T08:47:28.430Z,-28,93,989
1786783648440,2026-08-15T08:47:28.440Z,-38,107,967
1786783648450,2026-08-15T08:47:28.450Z,-11,64,1018
1786783648460,2026-08-15T08:47:28.460Z,-37,95,1010
1786783648470,2026-08-15T08:47:28.470Z,-61,111,965
1786783648480,2026-08-15T08:47:28.480Z,-14,87,968
1786783648490,2026-08-15T08:47:28.490Z,-47,73,1025
1786783648500,2026-08-15T08:47:28.500Z,-52,115,984
1786783648510,2026-08-15T08:47:28.510Z,-54,96,969
1786783648520,2026-08-15T08:47:28.520Z,-58,69,1024
1786783648530,2026-08-15T08:47:28.530Z,-60,100,987
1786783648540,2026-08-15T08:47:28.540Z,-70,79,977
1786783648550,2026-08-15T08:47:28.550Z,-25,56,1007
1786783648560,2026-08-15T08:47:28.560Z,-48,77,1002
1786783648570,2026-08-15T08:47:28.570Z,-68,93,964
1786783648580,2026-08-15T08:47:28.580Z,-44,54,1019
1786783648590,2026-08-15T08:47:28.590Z,-44,54,1019
1786783648600,2026-08-15T08:47:28.600Z,-44,93,967
1786783648610,2026-08-15T08:47:28.610Z,-9,56,982
1786783648620,2026-08-15T08:47:28.620Z,-41,38,1003
1786783648630,2026-08-15T08:47:28.630Z,-10,40,1020
1786783648640,2026-08-15T08:47:28.640Z,-29,64,961
1786783648650,2026-08-15T08:47:28.650Z,-13,40,998
1786783648660,2026-08-15T08:47:28.660Z,6,38,1021
1786783648670,2026-08-15T08:47:28.670Z,-38,69,954
1786783648680,2026-08-15T08:47:28.680Z,-38,69,954
1786783648690,2026-08-15T08:47:28.690Z,-10,44,1002
1786783648700,2026-08-15T08:47:28.700Z,-29,52,965
1786783648710,2026-08-15T08:47:28.710Z,12,31,970
1786783648720,2026-08-15T08:47:28.720Z,11,22,1007
1786783648730,2026-08-15T08:47:28.730Z,-1,36,1010
1786783648740,2026-08-15T08:47:28.740Z,9,48,966
1786783648750,2026-08-15T08:47:28.750Z,-7,31,1015
1786783648760,2026-08-15T08:47:28.760Z,-11,29,1018
1786783648770,2026-08-15T08:47:28.770Z,-10,46,955
1786783648780,2026-08-15T08:47:28.780Z,19,14,982
1786783648790,2026-08-15T08:47:28.790Z,19,16,1017
1786783648800,2026-08-15T08:47:28.800Z,-13,44,985
1786783648810,2026-08-15T08:47:28.810Z,15,27,982
1786783648820,2026-08-15T08:47:28.820Z,-16,16,1015
1786783648830,2026-08-15T08:47:28.830Z,4,32,1020
1786783648840,2026-08-15T08:47:28.840Z,-2,42,966
1786783648850,2026-08-15T08:47:28.850Z,-10,20,1002
1786783648860,2026-08-15T08:47:28.860Z,-11,40,1018
1786783648870,2026-08-15T08:47:28.870Z,-50,56,955
1786783648880,2026-08-15T08:47:28.880Z,-17,22,989
1786783648890,2026-08-15T08:47:28.890Z,-48,52,988
1786783648900,2026-08-15T08:47:28.900Z,-48,52,988
1786783648910,2026-08-15T08:47:28.910Z,-34,42,981
1786783648920,2026-08-15T08:47:28.920Z,-36,36,1028
1786783648930,2026-08-15T08:47:28.930Z,-42,65,991
1786783648940,2026-08-15T08:47:28.940Z,-27,36,991
1786783648950,2026-08-15T08:47:28.950Z,-20,36,1033
1786783648960,2026-08-15T08:47:28.960Z,-72,58,1013
1786783648970,2026-08-15T08:47:28.970Z,-59,73,971
1786783648980,2026-08-15T08:47:28.980Z,-49,52,1004
1786783648990,2026-08-15T08:47:28.990Z,-48,58,1031
1786783649000,2026-08-15T08:47:29.000Z,-42,71,986
1786783649010,2026-08-15T08:47:29.010Z,-51,44,1005
1786783649020,2026-08-15T08:47:29.020Z,-24,34,1050
1786783649030,2026-08-15T08:47:29.030Z,-64,64,995
1786783649040,2026-08-15T08:47:29.040Z,-28,48,1027
1786783649050,2026-08-15T08:47:29.050Z,-28,48,1027
1786783649060,2026-08-15T08:47:29.060Z,-58,89,960
1786783649070,2026-08-15T08:47:29.070Z,-58,89,960
1786783649080,2026-08-15T08:47:29.080Z,-26,48,1017
1786783649090,2026-08-15T08:47:29.090Z,-25,54,1020
1786783649100,2026-08-15T08:47:29.100Z,-25,54,1020
1786783649110,2026-08-15T08:47:29.110Z,3,65,961
1786783649120,2026-08-15T08:47:29.120Z,-16,46,1015
1786783649130,2026-08-15T08:47:29.130Z,-17,81,971
1786783649140,2026-08-15T08:47:29.140Z,-17,71,966
1786783649150,2026-08-15T08:47:29.150Z,11,48,1020
1786783649160,2026-08-15T08:47:29.160Z,8,62,983
1786783649170,2026-08-15T08:47:29.170Z,10,54,949
1786783649180,2026-08-15T08:47:29.180Z,10,54,949
1786783649190,2026-08-15T08:47:29.190Z,-4,50,993
1786783649200,2026-08-15T08:47:29.200Z,-16,67,952
1786783649210,2026-08-15T08:47:29.210Z,15,46,963
1786783649220,2026-08-15T08:47:29.220Z,4,44,1015
1786783649230,2026-08-15T08:47:29.230Z,-9,75,968
1786783649240,2026-08-15T08:47:29.240Z,6,73,963
1786783649250,2026-08-15T08:47:29.250Z,-21,52,983
1786783649260,2026-08-15T08:47:29.260Z,8,69,968
1786783649270,2026-08-15T08:47:29.270Z,-27,64,962
1786783649280,2026-08-15T08:47:29.280Z,-1,34,982
1786783649290,2026-08-15T08:47:29.290Z,-33,56,995
1786783649300,2026-08-15T08:47:29.300Z,-33,56,995
1786783649310,2026-08-15T08:47:29.310Z,-2,52,971
1786783649320,2026-08-15T08:47:29.320Z,-22,48,1013
1786783649330,2026-08-15T08:47:29.330Z,-32,81,977
1786783649340,2026-08-15T08:47:29.340Z,-14,64,987
1786783649350,2026-08-15T08:47:29.350Z,-32,48,1012
1786783649360,2026-08-15T08:47:29.360Z,-24,85,977
1786783649370,2026-08-15T08:47:29.370Z,-34,79,964
1786783649380,2026-08-15T08:47:29.380Z,-18,52,1030
1786783649390,2026-08-15T08:47:29.390Z,-18,52,1030
1786783649400,2026-08-15T08:47:29.400Z,-65,87,972
1786783649410,2026-08-15T08:47:29.410Z,-21,62,992
1786783649420,2026-08-15T08:47:29.420Z,-43,50,1016
1786783649430,2026-08-15T08:47:29.430Z,-39,87,966
1786783649440,2026-08-15T08:47:29.440Z,-17,71,975
1786783649450,2026-08-15T08:47:29.450Z,-22,52,1010
1786783649460,2026-08-15T08:47:29.460Z,-40,107,964
1786783649470,2026-08-15T08:47:29.470Z,-31,89,969
1786783649480,2026-08-15T08:47:29.480Z,-31,62,994
1786783649490,2026-08-15T08:47:29.490Z,-35,64,1010
1786783649500,2026-08-15T08:47:29.500Z,-29,79,961
1786783649510,2026-08-15T08:47:29.510Z,-6,58,976
1786783649520,2026-08-15T08:47:29.520Z,-27,48,1005
1786783649530,2026-08-15T08:47:29.530Z,-23,85,987
1786783649540,2026-08-15T08:47:29.540Z,8,60,988
1786783649550,2026-08-15T08:47:29.550Z,-12,56,1015
1786783649560,2026-08-15T08:47:29.560Z,-45,93,997
1786783649570,2026-08-15T08:47:29.570Z,3,75,970
1786783649580,2026-08-15T08:47:29.580Z,-38,56,986
1786783649590,2026-08-15T08:47:29.590Z,8,56,1014
1786783649600,2026-08-15T08:47:29.600Z,-28,71,968
1786783649610,2026-08-15T08:47:29.610Z,2,34,1000
1786783649620,2026-08-15T08:47:29.620Z,3,27,1029
1786783649630,2026-08-15T08:47:29.630Z,-26,69,994
1786783649640,2026-08-15T08:47:29.640Z,-11,48,990
1786783649650,2026-08-15T08:47:29.650Z,-12,42,1012
1786783649660,2026-08-15T08:47:29.660Z,-14,75,997
1786783649670,2026-08-15T08:47:29.670Z,-32,64,970
1786783649680,2026-08-15T08:47:29.680Z,-11,18,1005
1786783649690,2026-08-15T08:47:29.690Z,-9,31,1013
1786783649700,2026-08-15T08:47:29.700Z,-25,50,971
1786783649710,2026-08-15T08:47:29.710Z,-4,23,1013
1786783649720,2026-08-15T08:47:29.720Z,-16,36,1020
1786783649730,2026-08-15T08:47:29.730Z,-27,73,980
1786783649740,2026-08-15T08:47:29.740Z,-39,48,971
1786783649750,2026-08-15T08:47:29.750Z,-15,20,1018
1786783649760,2026-08-15T08:47:29.760Z,-22,40,990
1786783649770,2026-08-15T08:47:29.770Z,-35,42,957
1786783649780,2026-08-15T08:47:29.780Z,-22,20,1015
1786783649790,2026-08-15T08:47:29.790Z,-34,44,1002
1786783649800,2026-08-15T08:47:29.800Z,-59,58,971
1786783649810,2026-08-15T08:47:29.810Z,-38,25,1009
1786783649820,2026-08-15T08:47:29.820Z,-25,32,1025
1786783649830,2026-08-15T08:47:29.830Z,-43,54,982
1786783649840,2026-08-15T08:47:29.840Z,-28,44,972
1786783649850,2026-08-15T08:47:29.850Z,-23,31,1021
1786783649860,2026-08-15T08:47:29.860Z,-26,62,983
1786783649870,2026-08-15T08:47:29.870Z,-46,64,966
1786783649880,2026-08-15T08:47:29.880Z,-12,29,1030
1786783649890,2026-08-15T08:47:29.890Z,-38,58,1000
1786783649900,2026-08-15T08:47:29.900Z,-39,67,965
1786783649910,2026-08-15T08:47:29.910Z,-25,32,1011
1786783649920,2026-08-15T08:47:29.920Z,-25,32,1011
1786783649930,2026-08-15T08:47:29.930Z,-42,67,963
1786783649940,2026-08-15T08:47:29.940Z,-4,58,977
1786783649950,2026-08-15T08:47:29.950Z,-8,48,1026
1786783649960,2026-08-15T08:47:29.960Z,-8,81,975
1786783649970,2026-08-15T08:47:29.970Z,-33,79,956
1786783649980,2026-08-15T08:47:29.980Z,-24,48,974
1786783649990,2026-08-15T08:47:29.990Z,-36,67,968
1786783650000,2026-08-15T08:47:30.000Z,-4,52,962
1786783650010,2026-08-15T08:47:30.010Z,-1,44,974
1786783650020,2026-08-15T08:47:30.020Z,-3,50,1007
1786783650030,2026-08-15T08:47:30.030Z,-29,73,955
1786783650040,2026-08-15T08:47:30.040Z,-20,77,946
1786783650050,2026-08-15T08:47:30.050Z,16,52,1016
1786783650060,2026-08-15T08:47:30.060Z,-40,89,948
1786783650070,2026-08-15T08:47:30.070Z,-3,67,959
1786783650080,2026-08-15T08:47:30.080Z,7,32,994
1786783650090,2026-08-15T08:47:30.090Z,-5,56,982
1786783650100,2026-08-15T08:47:30.100Z,-5,56,982
1786783650110,2026-08-15T08:47:30.110Z,-3,50,973
1786783650120,2026-08-15T08:47:30.120Z,-10,44,1025
1786783650130,2026-08-15T08:47:30.130Z,-71,93,956
1786783650140,2026-08-15T08:47:30.140Z,-17,60,979
1786783650150,2026-08-15T08:47:30.150Z,14,36,1029
1786783650160,2026-08-15T08:47:30.160Z,-23,67,966
1786783650170,2026-08-15T08:47:30.170Z,-12,48,961
1786783650180,2026-08-15T08:47:30.180Z,-20,38,995
1786783650190,2026-08-15T08:47:30.190Z,-27,73,975
1786783650200,2026-08-15T08:47:30.200Z,-35,81,962
1786783650210,2026-08-15T08:47:30.210Z,-29,65,1001
1786783650220,2026-08-15T08:47:30.220Z,-6,44,1043
1786783650230,2026-08-15T08:47:30.230Z,-66,102,960
1786783650240,2026-08-15T08:47:30.240Z,-26,64,983
1786783650250,2026-08-15T08:47:30.250Z,6,50,1023
1786783650260,2026-08-15T08:47:30.260Z,-30,77,999
1786783650270,2026-08-15T08:47:30.270Z,-3,69,973
1786783650280,2026-08-15T08:47:30.280Z,-13,58,1014
1786783650290,2026-08-15T08:47:30.290Z,-40,100,973
1786783650300,2026-08-15T08:47:30.300Z,-40,100,973
1786783650310,2026-08-15T08:47:30.310Z,-2,54,1003
1786783650320,2026-08-15T08:47:30.320Z,-13,52,1023
1786783650330,2026-08-15T08:47:30.330Z,-41,91,974
1786783650340,2026-08-15T08:47:30.340Z,-5,54,986
1786783650350,2026-08-15T08:47:30.350Z,-16,50,1015
1786783650360,2026-08-15T08:47:30.360Z,-28,81,998
1786783650370,2026-08-15T08:47:30.370Z,-1,71,970
1786783650380,2026-08-15T08:47:30.380Z,-17,48,1013
1786783650390,2026-08-15T08:47:30.390Z,-17,48,1013
1786783650400,2026-08-15T08:47:30.400Z,-50,85,955
1786783650410,2026-08-15T08:47:30.410Z,-18,31,1000
1786783650420,2026-08-15T08:47:30.420Z,19,38,1032
1786783650430,2026-08-15T08:47:30.430Z,-38,77,969
1786783650440,2026-08-15T08:47:30.440Z,-1,56,992
1786783650450,2026-08-15T08:47:30.450Z,-5,58,1020
1786783650460,2026-08-15T08:47:30.460Z,-15,83,995
1786783650470,2026-08-15T08:47:30.470Z,10,48,978
1786783650480,2026-08-15T08:47:30.480Z,-3,22,1021
1786783650490,2026-08-15T08:47:30.490Z,-10,42,1012
1786783650500,2026-08-15T08:47:30.500Z,-40,62,964
1786783650510,2026-08-15T08:47:30.510Z,-1,25,1006
1786783650520,2026-08-15T08:47:30.520Z,-7,44,1019
1786783650530,2026-08-15T08:47:30.530Z,-46,69,976
1786783650540,2026-08-15T08:47:30.540Z,-25,52,971
1786783650550,2026-08-15T08:47:30.550Z,-10,32,1036
1786783650560,2026-08-15T08:47:30.560Z,-26,56,983
1786783650570,2026-08-15T08:47:30.570Z,-48,54,952
1786783650580,2026-08-15T08:47:30.580Z,-3,22,1026
1786783650590,2026-08-15T08:47:30.590Z,-14,48,996
1786783650600,2026-08-15T08:47:30.600Z,-48,44,965
1786783650610,2026-08-15T08:47:30.610Z,-9,32,986
1786783650620,2026-08-15T08:47:30.620Z,-11,38,1033
1786783650630,2026-08-15T08:47:30.630Z,-68,64,964
1786783650640,2026-08-15T08:47:30.640Z,-15,56,965
1786783650650,2026-08-15T08:47:30.650Z,-5,34,1029
1786783650660,2026-08-15T08:47:30.660Z,-38,67,969
1786783650670,2026-08-15T08:47:30.670Z,-20,29,990
1786783650680,2026-08-15T08:47:30.680Z,-20,29,990
1786783650690,2026-08-15T08:47:30.690Z,-34,64,988
1786783650700,2026-08-15T08:47:30.700Z,-32,69,970
1786783650710,2026-08-15T08:47:30.710Z,-31,54,975
1786783650720,2026-08-15T08:47:30.720Z,-21,65,1001
1786783650730,2026-08-15T08:47:30.730Z,-64,83,966
1786783650740,2026-08-15T08:47:30.740Z,-21,58,975
1786783650750,2026-08-15T08:47:30.750Z,-21,56,1017
1786783650760,2026-08-15T08:47:30.760Z,-34,83,964
1786783650770,2026-08-15T08:47:30.770Z,-7,69,963
1786783650780,2026-08-15T08:47:30.780Z,-21,58,988
1786783650790,2026-08-15T08:47:30.790Z,-34,83,977
1786783650800,2026-08-15T08:47:30.800Z,-30,73,957
1786783650810,2026-08-15T08:47:30.810Z,-11,48,986
1786783650820,2026-08-15T08:47:30.820Z,-13,64,1000
1786783650830,2026-08-15T08:47:30.830Z,-51,85,954
1786783650840,2026-08-15T08:47:30.840Z,-3,62,975
1786783650850,2026-08-15T08:47:30.850Z,-8,79,1007
1786783650860,2026-08-15T08:47:30.860Z,-56,91,952
1786783650870,2026-08-15T08:47:30.870Z,14,65,971
1786783650880,2026-08-15T08:47:30.880Z,-19,50,993
1786783650890,2026-08-15T08:47:30.890Z,-1,38,1025
1786783650900,2026-08-15T08:47:30.900Z,-2,40,981
1786783650910,2026-08-15T08:47:30.910Z,-2,40,981
1786783650920,2026-08-15T08:47:30.920Z,-42,71,963
1786783650930,2026-08-15T08:47:30.930Z,-42,71,963
1786783650940,2026-08-15T08:47:30.940Z,-15,52,988
1786783650950,2026-08-15T08:47:30.950Z,-11,46,1018
1786783650960,2026-08-15T08:47:30.960Z,-29,64,1005
1786783650970,2026-08-15T08:47:30.970Z,-4,50,951
1786783650980,2026-08-15T08:47:30.980Z,2,36,1014
1786783650990,2026-08-15T08:47:30.990Z,-12,38,1030
1786783651000,2026-08-15T08:47:31.000Z,-19,46,962
1786783651010,2026-08-15T08:47:31.010Z,-6,29,1003
1786783651020,2026-08-15T08:47:31.020Z,-15,27,1038
1786783651030,2026-08-15T08:47:31.030Z,-36,67,968
1786783651040,2026-08-15T08:47:31.040Z,-8,50,989
1786783651050,2026-08-15T08:47:31.050Z,-6,42,1031
1786783651060,2026-08-15T08:47:31.060Z,-29,52,991
1786783651070,2026-08-15T08:47:31.070Z,-1,23,1031
1786783651080,2026-08-15T08:47:31.080Z,-1,23,1031
1786783651090,2026-08-15T08:47:31.090Z,-12,34,1021
1786783651100,2026-08-15T08:47:31.100Z,-33,58,958
1786783651110,2026-08-15T08:47:31.110Z,8,36,1010
1786783651120,2026-08-15T08:47:31.120Z,-34,58,1027
1786783651130,2026-08-15T08:47:31.130Z,-62,73,967
1786783651140,2026-08-15T08:47:31.140Z,-17,46,1003
1786783651150,2026-08-15T08:47:31.150Z,-4,29,1036
1786783651160,2026-08-15T08:47:31.160Z,-14,64,995
1786783651170,2026-08-15T08:47:31.170Z,-17,54,979
1786783651180,2026-08-15T08:47:31.180Z,-17,54,979
1786783651190,2026-08-15T08:47:31.190Z,-52,71,956
1786783651200,2026-08-15T08:47:31.200Z,-52,71,956
1786783651210,2026-08-15T08:47:31.210Z,-28,40,1002
1786783651220,2026-08-15T08:47:31.220Z,0,44,1027
1786783651230,2026-08-15T08:47:31.230Z,-29,73,974
1786783651240,2026-08-15T08:47:31.240Z,13,48,1001
1786783651250,2026-08-15T08:47:31.250Z,-6,46,1022
1786783651260,2026-08-15T08:47:31.260Z,-29,93,965
1786783651270,2026-08-15T08:47:31.270Z,-21,54,983
1786783651280,2026-08-15T08:47:31.280Z,-11,42,1029
1786783651290,2026-08-15T08:47:31.290Z,-20,75,999
1786783651300,2026-08-15T08:47:31.300Z,-45,77,950
1786783651310,2026-08-15T08:47:31.310Z,-10,42,1012
1786783651320,2026-08-15T08:47:31.320Z,-10,64,1012
1786783651330,2026-08-15T08:47:31.330Z,-57,81,956
1786783651340,2026-08-15T08:47:31.340Z,-5,67,974
1786783651350,2026-08-15T08:47:31.350Z,-26,60,1026
1786783651360,2026-08-15T08:47:31.360Z,-21,89,971
1786783651370,2026-08-15T08:47:31.370Z,-28,48,978
1786783651380,2026-08-15T08:47:31.380Z,-28,48,978
1786783651390,2026-08-15T08:47:31.390Z,-19,67,988
1786783651400,2026-08-15T08:47:31.400Z,-45,64,964
1786783651410,2026-08-15T08:47:31.410Z,-12,52,978
1786783651420,2026-08-15T08:47:31.420Z,-19,60,1016
1786783651430,2026-08-15T08:47:31.430Z,-62,93,967
1786783651440,2026-08-15T08:47:31.440Z,-12,62,973
1786783651450,2026-08-15T08:47:31.450Z,-33,69,1007
1786783651460,2026-08-15T08:47:31.460Z,-45,81,959
1786783651470,2026-08-15T08:47:31.470Z,2,52,972
1786783651480,2026-08-15T08:47:31.480Z,-21,34,1001
1786783651490,2026-08-15T08:47:31.490Z,-34,60,983
1786783651500,2026-08-15T08:47:31.500Z,-31,69,954
1786783651510,2026-08-15T08:47:31.510Z,-18,48,982
1786783651520,2026-08-15T08:47:31.520Z,-12,77,996
1786783651530,2026-08-15T08:47:31.530Z,-55,71,962
1786783651540,2026-08-15T08:47:31.540Z,-7,42,990
1786783651550,2026-08-15T08:47:31.550Z,-21,34,1017
1786783651560,2026-08-15T08:47:31.560Z,-44,65,967
1786783651570,2026-08-15T08:47:31.570Z,-1,52,955
1786783651580,2026-08-15T08:47:31.580Z,-9,38,995
1786783651590,2026-08-15T08:47:31.590Z,-38,81,967
1786783651600,2026-08-15T08:47:31.600Z,-6,67,971
1786783651610,2026-08-15T08:47:31.610Z,-31,40,994
1786783651620,2026-08-15T08:47:31.620Z,-12,31,1035
1786783651630,2026-08-15T08:47:31.630Z,-20,64,961
1786783651640,2026-08-15T08:47:31.640Z,0,44,984
1786783651650,2026-08-15T08:47:31.650Z,-13,42,1012
1786783651660,2026-08-15T08:47:31.660Z,-62,77,951
1786783651670,2026-08-15T08:47:31.670Z,-7,65,973
1786783651680,2026-08-15T08:47:31.680Z,-15,34,1008
1786783651690,2026-08-15T08:47:31.690Z,0,40,1029
1786783651700,2026-08-15T08:47:31.700Z,3,58,966
1786783651710,2026-08-15T08:47:31.710Z,-11,27,986
1786783651720,2026-08-15T08:47:31.720Z,-2,44,1028
1786783651730,2026-08-15T08:47:31.730Z,-16,58,969
1786783651740,2026-08-15T08:47:31.740Z,-15,50,988
1786783651750,2026-08-15T08:47:31.750Z,-2,42,1035
1786783651760,2026-08-15T08:47:31.760Z,-13,67,998
1786783651770,2026-08-15T08:47:31.770Z,-18,58,966
1786783651780,2026-08-15T08:47:31.780Z,-12,32,1012
1786783651790,2026-08-15T08:47:31.790Z,-9,54,1009
1786783651800,2026-08-15T08:47:31.800Z,-2,44,979
1786783651810,2026-08-15T08:47:31.810Z,2,34,1037
1786783651820,2026-08-15T08:47:31.820Z,2,34,1037
1786783651830,2026-08-15T08:47:31.830Z,-48,64,976
1786783651840,2026-08-15T08:47:31.840Z,-8,42,1037
1786783651850,2026-08-15T08:47:31.850Z,-8,42,1037
1786783651860,2026-08-15T08:47:31.860Z,-1,73,992
1786783651870,2026-08-15T08:47:31.870Z,-21,42,983
1786783651880,2026-08-15T08:47:31.880Z,-16,27,1024
1786783651890,2026-08-15T08:47:31.890Z,-12,54,1012
1786783651900,2026-08-15T08:47:31.900Z,-6,50,1008
1786783651910,2026-08-15T08:47:31.910Z,-6,50,1008
1786783651920,2026-08-15T08:47:31.920Z,-26,71,969
1786783651930,2026-08-15T08:47:31.930Z,-26,71,969
1786783651940,2026-08-15T08:47:31.940Z,-26,71,969
1786783651950,2026-08-15T08:47:31.950Z,5,32,1038
1786783651960,2026-08-15T08:47:31.960Z,-20,64,977
1786783651970,2026-08-15T08:47:31.970Z,-11,40,977
1786783651980,2026-08-15T08:47:31.980Z,-17,46,1017
1786783651990,2026-08-15T08:47:31.990Z,-2,62,1003
1786783652000,2026-08-15T08:47:32.000Z,-56,69,954
1786783652010,2026-08-15T08:47:32.010Z,-13,31,1023
1786783652020,2026-08-15T08:47:32.020Z,3,34,1038
1786783652030,2026-08-15T08:47:32.030Z,-73,73,946
1786783652040,2026-08-15T08:47:32.040Z,-4,32,998
1786783652050,2026-08-15T08:47:32.050Z,-4,32,998
1786783652060,2026-08-15T08:47:32.060Z,-15,73,976
1786783652070,2026-08-15T08:47:32.070Z,-4,56,967
1786783652080,2026-08-15T08:47:32.080Z,-17,27,1028
1786783652090,2026-08-15T08:47:32.090Z,-17,27,1028
1786783652100,2026-08-15T08:47:32.100Z,-57,73,950
1786783652110,2026-08-15T08:47:32.110Z,9,23,1015
1786783652120,2026-08-15T08:47:32.120Z,5,54,1020
1786783652130,2026-08-15T08:47:32.130Z,-58,75,958
1786783652140,2026-08-15T08:47:32.140Z,-14,54,970
1786783652150,2026-08-15T08:47:32.150Z,-16,46,1031
1786783652160,2026-08-15T08:47:32.160Z,-29,73,976
1786783652170,2026-08-15T08:47:32.170Z,-23,58,982
1786783652180,2026-08-15T08:47:32.180Z,-23,58,982
1786783652190,2026-08-15T08:47:32.190Z,-15,71,988
1786783652200,2026-08-15T08:47:32.200Z,-51,81,954
1786783652210,2026-08-15T08:47:32.210Z,-25,50,982
1786783652220,2026-08-15T08:47:32.220Z,-3,62,1019
1786783652230,2026-08-15T08:47:32.230Z,-58,89,958
1786783652240,2026-08-15T08:47:32.240Z,-20,62,1004
1786783652250,2026-08-15T08:47:32.250Z,-20,62,1004
1786783652260,2026-08-15T08:47:32.260Z,-39,96,971
1786783652270,2026-08-15T08:47:32.270Z,-10,89,955
1786783652280,2026-08-15T08:47:32.280Z,-31,50,996
1786783652290,2026-08-15T08:47:32.290Z,-30,75,986
1786783652300,2026-08-15T08:47:32.300Z,-48,79,956
1786783652310,2026-08-15T08:47:32.310Z,-5,42,982
1786783652320,2026-08-15T08:47:32.320Z,-21,79,1003
1786783652330,2026-08-15T08:47:32.330Z,-71,85,961
1786783652340,2026-08-15T08:47:32.340Z,-1,67,982
1786783652350,2026-08-15T08:47:32.350Z,-16,50,1020
1786783652360,2026-08-15T08:47:32.360Z,-47,83,963
1786783652370,2026-08-15T08:47:32.370Z,-13,67,958
1786783652380,2026-08-15T08:47:32.380Z,-6,50,1022
1786783652390,2026-08-15T08:47:32.390Z,-6,50,1022
1786783652400,2026-08-15T08:47:32.400Z,-20,62,969
1786783652410,2026-08-15T08:47:32.410Z,-15,52,993
1786783652420,2026-08-15T08:47:32.420Z,-21,38,1022
1786783652430,2026-08-15T08:47:32.430Z,-51,83,954
1786783652440,2026-08-15T08:47:32.440Z,-7,52,973
1786783652450,2026-08-15T08:47:32.450Z,7,34,1020
1786783652460,2026-08-15T08:47:32.460Z,-59,79,953
1786783652470,2026-08-15T08:47:32.470Z,9,50,976
1786783652480,2026-08-15T08:47:32.480Z,-17,27,1007
1786783652490,2026-08-15T08:47:32.490Z,-7,48,1024
1786783652500,2026-08-15T08:47:32.500Z,-57,71,967
1786783652510,2026-08-15T08:47:32.510Z,-5,42,991
1786783652520,2026-08-15T08:47:32.520Z,-20,40,1020
1786783652530,2026-08-15T08:47:32.530Z,-32,62,968
1786783652540,2026-08-15T08:47:32.540Z,-18,36,991
1786783652550,2026-08-15T08:47:32.550Z,11,23,1036
1786783652560,2026-08-15T08:47:32.560Z,-18,58,1000
1786783652570,2026-08-15T08:47:32.570Z,-4,46,972
1786783652580,2026-08-15T08:47:32.580Z,-25,40,1001
1786783652590,2026-08-15T08:47:32.590Z,-18,56,1010
1786783652600,2026-08-15T08:47:32.600Z,4,50,973
1786783652610,2026-08-15T08:47:32.610Z,-18,31,1000
1786783652620,2026-08-15T08:47:32.620Z,16,23,1047
1786783652630,2026-08-15T08:47:32.630Z,-48,62,976
1786783652640,2026-08-15T08:47:32.640Z,-19,36,993
1786783652650,2026-08-15T08:47:32.650Z,-8,48,1021
1786783652660,2026-08-15T08:47:32.660Z,-23,79,987
1786783652670,2026-08-15T08:47:32.670Z,-19,32,1021
1786783652680,2026-08-15T08:47:32.680Z,-19,32,1021
1786783652690,2026-08-15T08:47:32.690Z,-41,58,966
1786783652700,2026-08-15T08:47:32.700Z,-41,58,966
1786783652710,2026-08-15T08:47:32.710Z,3,31,1017
1786783652720,2026-08-15T08:47:32.720Z,-10,48,1025
1786783652730,2026-08-15T08:47:32.730Z,-61,85,970
1786783652740,2026-08-15T08:47:32.740Z,-25,50,1007
1786783652750,2026-08-15T08:47:32.750Z,-29,54,1025
1786783652760,2026-08-15T08:47:32.760Z,-20,64,986
1786783652770,2026-08-15T08:47:32.770Z,-27,60,956
1786783652780,2026-08-15T08:47:32.780Z,-1,34,1033
1786783652790,2026-08-15T08:47:32.790Z,-13,52,1004
1786783652800,2026-08-15T08:47:32.800Z,-51,58,952
1786783652810,2026-08-15T08:47:32.810Z,-30,31,1013
1786783652820,2026-08-15T08:47:32.820Z,-12,56,1015
1786783652830,2026-08-15T08:47:32.830Z,-56,73,965
1786783652840,2026-08-15T08:47:32.840Z,-1,58,974
1786783652850,2026-08-15T08:47:32.850Z,-17,52,1013
1786783652860,2026-08-15T08:47:32.860Z,-29,65,974
1786783652870,2026-08-15T08:47:32.870Z,-9,67,958
1786783652880,2026-08-15T08:47:32.880Z,5,22,1034
1786783652890,2026-08-15T08:47:32.890Z,-22,65,985
1786783652900,2026-08-15T08:47:32.900Z,-33,79,953
1786783652910,2026-08-15T08:47:32.910Z,-21,46,1007
1786783652920,2026-08-15T08:47:32.920Z,-11,73,1003
1786783652930,2026-08-15T08:47:32.930Z,-62,65,960
1786783652940,2026-08-15T08:47:32.940Z,4,54,982
1786783652950,2026-08-15T08:47:32.950Z,-16,46,1024
1786783652960,2026-08-15T08:47:32.960Z,-35,79,962
1786783652970,2026-08-15T08:47:32.970Z,-7,75,954
1786783652980,2026-08-15T08:47:32.980Z,-18,60,1023
1786783652990,2026-08-15T08:47:32.990Z,-37,62,965
