# Source File: event_3813702_da880469-2471-45c2-ae44-d1251e636076.gsdata
# Data Type:   GS Data
# Record Count: 2100
# Format: dateTime (epoch ms), dateTime (UTC ISO), x, y, z
dateTime,dateTimeISO,x,y,z
1785331291000,2026-07-29T13:21:31.000Z,-173,-76,715
1785331291010,2026-07-29T13:21:31.010Z,-173,-76,715
1785331291020,2026-07-29T13:21:31.020Z,-76,37,999
1785331291030,2026-07-29T13:21:31.030Z,48,41,1001
1785331291040,2026-07-29T13:21:31.040Z,-63,-20,967
1785331291050,2026-07-29T13:21:31.050Z,124,-44,902
1785331291060,2026-07-29T13:21:31.060Z,-94,-94,813
1785331291070,2026-07-29T13:21:31.070Z,-43,-109,949
1785331291080,2026-07-29T13:21:31.080Z,-43,-109,949
1785331291090,2026-07-29T13:21:31.090Z,-25,35,1011
1785331291100,2026-07-29T13:21:31.100Z,-57,42,1112
1785331291110,2026-07-29T13:21:31.110Z,-151,90,822
1785331291120,2026-07-29T13:21:31.120Z,87,73,839
1785331291130,2026-07-29T13:21:31.130Z,-115,-14,715
1785331291140,2026-07-29T13:21:31.140Z,103,-98,815
1785331291150,2026-07-29T13:21:31.150Z,9,-137,906
1785331291160,2026-07-29T13:21:31.160Z,-72,-94,872
1785331291170,2026-07-29T13:21:31.170Z,7,-22,992
1785331291180,2026-07-29T13:21:31.180Z,-47,58,1042
1785331291190,2026-07-29T13:21:31.190Z,-109,80,984
1785331291200,2026-07-29T13:21:31.200Z,-9,25,960
1785331291210,2026-07-29T13:21:31.210Z,62,17,967
1785331291220,2026-07-29T13:21:31.220Z,-7,-16,775
1785331291230,2026-07-29T13:21:31.230Z,138,32,887
1785331291240,2026-07-29T13:21:31.240Z,2,62,1022
1785331291250,2026-07-29T13:21:31.250Z,21,13,999
1785331291260,2026-07-29T13:21:31.260Z,52,-42,1147
1785331291270,2026-07-29T13:21:31.270Z,-153,-117,904
1785331291280,2026-07-29T13:21:31.280Z,13,-54,861
1785331291290,2026-07-29T13:21:31.290Z,-24,87,942
1785331291300,2026-07-29T13:21:31.300Z,-24,87,942
1785331291310,2026-07-29T13:21:31.310Z,-36,82,1024
1785331291320,2026-07-29T13:21:31.320Z,116,64,1206
1785331291330,2026-07-29T13:21:31.330Z,-64,83,1153
1785331291340,2026-07-29T13:21:31.340Z,106,43,1038
1785331291350,2026-07-29T13:21:31.350Z,6,-42,936
1785331291360,2026-07-29T13:21:31.360Z,-150,-38,903
1785331291370,2026-07-29T13:21:31.370Z,40,-77,1117
1785331291380,2026-07-29T13:21:31.380Z,-24,-90,1181
1785331291390,2026-07-29T13:21:31.390Z,-318,-60,876
1785331291400,2026-07-29T13:21:31.400Z,225,5,1147
1785331291410,2026-07-29T13:21:31.410Z,-50,87,950
1785331291420,2026-07-29T13:21:31.420Z,-56,49,975
1785331291430,2026-07-29T13:21:31.430Z,56,11,1147
1785331291440,2026-07-29T13:21:31.440Z,-72,-45,1219
1785331291450,2026-07-29T13:21:31.450Z,99,-56,1145
1785331291460,2026-07-29T13:21:31.460Z,-252,-41,983
1785331291470,2026-07-29T13:21:31.470Z,-323,17,980
1785331291480,2026-07-29T13:21:31.480Z,-191,95,1022
1785331291490,2026-07-29T13:21:31.490Z,-73,96,1104
1785331291500,2026-07-29T13:21:31.500Z,-4,73,1142
1785331291510,2026-07-29T13:21:31.510Z,-12,8,956
1785331291520,2026-07-29T13:21:31.520Z,-12,8,956
1785331291530,2026-07-29T13:21:31.530Z,154,-22,1011
1785331291540,2026-07-29T13:21:31.540Z,-83,-81,918
1785331291550,2026-07-29T13:21:31.550Z,2,-32,936
1785331291560,2026-07-29T13:21:31.560Z,-112,-29,948
1785331291570,2026-07-29T13:21:31.570Z,31,49,1041
1785331291580,2026-07-29T13:21:31.580Z,21,-16,1022
1785331291590,2026-07-29T13:21:31.590Z,147,-44,1109
1785331291600,2026-07-29T13:21:31.600Z,-21,-87,750
1785331291610,2026-07-29T13:21:31.610Z,158,-84,777
1785331291620,2026-07-29T13:21:31.620Z,84,-39,714
1785331291630,2026-07-29T13:21:31.630Z,14,-33,745
1785331291640,2026-07-29T13:21:31.640Z,-31,-27,896
1785331291650,2026-07-29T13:21:31.650Z,66,-18,1034
1785331291660,2026-07-29T13:21:31.660Z,135,-26,993
1785331291670,2026-07-29T13:21:31.670Z,-125,-6,707
1785331291680,2026-07-29T13:21:31.680Z,76,43,713
1785331291690,2026-07-29T13:21:31.690Z,11,78,789
1785331291700,2026-07-29T13:21:31.700Z,-107,16,895
1785331291710,2026-07-29T13:21:31.710Z,105,-24,1030
1785331291720,2026-07-29T13:21:31.720Z,180,-27,853
1785331291730,2026-07-29T13:21:31.730Z,13,-33,791
1785331291740,2026-07-29T13:21:31.740Z,141,-17,890
1785331291750,2026-07-29T13:21:31.750Z,63,30,853
1785331291760,2026-07-29T13:21:31.760Z,-68,-8,1040
1785331291770,2026-07-29T13:21:31.770Z,181,18,1151
1785331291780,2026-07-29T13:21:31.780Z,-55,-17,906
1785331291790,2026-07-29T13:21:31.790Z,-67,72,752
1785331291800,2026-07-29T13:21:31.800Z,-67,72,752
1785331291810,2026-07-29T13:21:31.810Z,-67,72,752
1785331291820,2026-07-29T13:21:31.820Z,75,92,1162
1785331291830,2026-07-29T13:21:31.830Z,139,83,1186
1785331291840,2026-07-29T13:21:31.840Z,93,73,1172
1785331291850,2026-07-29T13:21:31.850Z,32,46,1066
1785331291860,2026-07-29T13:21:31.860Z,-146,29,989
1785331291870,2026-07-29T13:21:31.870Z,-50,-20,1056
1785331291880,2026-07-29T13:21:31.880Z,-161,-4,1034
1785331291890,2026-07-29T13:21:31.890Z,1,-46,1078
1785331291900,2026-07-29T13:21:31.900Z,-62,24,1067
1785331291910,2026-07-29T13:21:31.910Z,92,72,1200
1785331291920,2026-07-29T13:21:31.920Z,252,57,1167
1785331291930,2026-07-29T13:21:31.930Z,45,29,987
1785331291940,2026-07-29T13:21:31.940Z,-99,70,1049
1785331291950,2026-07-29T13:21:31.950Z,7,68,1002
1785331291960,2026-07-29T13:21:31.960Z,-166,7,881
1785331291970,2026-07-29T13:21:31.970Z,-92,-12,981
1785331291980,2026-07-29T13:21:31.980Z,-245,-25,1093
1785331291990,2026-07-29T13:21:31.990Z,-88,-12,1217
1785331292000,2026-07-29T13:21:32.000Z,130,-20,1189
1785331292010,2026-07-29T13:21:32.010Z,123,-49,1016
1785331292020,2026-07-29T13:21:32.020Z,-31,29,942
1785331292030,2026-07-29T13:21:32.030Z,240,76,995
1785331292040,2026-07-29T13:21:32.040Z,-219,4,739
1785331292050,2026-07-29T13:21:32.050Z,-170,-19,894
1785331292060,2026-07-29T13:21:32.060Z,-266,16,920
1785331292070,2026-07-29T13:21:32.070Z,-266,16,920
1785331292080,2026-07-29T13:21:32.080Z,140,-21,1164
1785331292090,2026-07-29T13:21:32.090Z,-109,-18,939
1785331292100,2026-07-29T13:21:32.100Z,-52,-42,877
1785331292110,2026-07-29T13:21:32.110Z,153,-16,956
1785331292120,2026-07-29T13:21:32.120Z,32,-27,839
1785331292130,2026-07-29T13:21:32.130Z,-7,-44,847
1785331292140,2026-07-29T13:21:32.140Z,-108,-54,869
1785331292150,2026-07-29T13:21:32.150Z,120,-11,1070
1785331292160,2026-07-29T13:21:32.160Z,143,-13,1065
1785331292170,2026-07-29T13:21:32.170Z,27,15,984
1785331292180,2026-07-29T13:21:32.180Z,113,8,942
1785331292190,2026-07-29T13:21:32.190Z,130,16,921
1785331292200,2026-07-29T13:21:32.200Z,-11,12,968
1785331292210,2026-07-29T13:21:32.210Z,32,32,842
1785331292220,2026-07-29T13:21:32.220Z,-34,50,906
1785331292230,2026-07-29T13:21:32.230Z,-98,56,1050
1785331292240,2026-07-29T13:21:32.240Z,74,32,1096
1785331292250,2026-07-29T13:21:32.250Z,80,-58,915
1785331292260,2026-07-29T13:21:32.260Z,197,-59,780
1785331292270,2026-07-29T13:21:32.270Z,197,-59,780
1785331292280,2026-07-29T13:21:32.280Z,109,-44,877
1785331292290,2026-07-29T13:21:32.290Z,-46,70,1049
1785331292300,2026-07-29T13:21:32.300Z,-36,63,1173
1785331292310,2026-07-29T13:21:32.310Z,40,104,1206
1785331292320,2026-07-29T13:21:32.320Z,-7,78,992
1785331292330,2026-07-29T13:21:32.330Z,-9,16,892
1785331292340,2026-07-29T13:21:32.340Z,3,30,928
1785331292350,2026-07-29T13:21:32.350Z,-74,-60,935
1785331292360,2026-07-29T13:21:32.360Z,52,-125,1119
1785331292370,2026-07-29T13:21:32.370Z,-4,-122,966
1785331292380,2026-07-29T13:21:32.380Z,-34,-61,983
1785331292390,2026-07-29T13:21:32.390Z,82,28,1077
1785331292400,2026-07-29T13:21:32.400Z,-7,130,952
1785331292410,2026-07-29T13:21:32.410Z,46,173,956
1785331292420,2026-07-29T13:21:32.420Z,14,129,934
1785331292430,2026-07-29T13:21:32.430Z,-47,44,845
1785331292440,2026-07-29T13:21:32.440Z,39,-36,930
1785331292450,2026-07-29T13:21:32.450Z,-57,-110,922
1785331292460,2026-07-29T13:21:32.460Z,-183,-115,932
1785331292470,2026-07-29T13:21:32.470Z,-4,-100,924
1785331292480,2026-07-29T13:21:32.480Z,1,-50,920
1785331292490,2026-07-29T13:21:32.490Z,146,39,1003
1785331292500,2026-07-29T13:21:32.500Z,37,68,808
1785331292510,2026-07-29T13:21:32.510Z,259,37,806
1785331292520,2026-07-29T13:21:32.520Z,-68,8,736
1785331292530,2026-07-29T13:21:32.530Z,109,-39,812
1785331292540,2026-07-29T13:21:32.540Z,63,-101,984
1785331292550,2026-07-29T13:21:32.550Z,-54,-79,917
1785331292560,2026-07-29T13:21:32.560Z,-84,-74,1014
1785331292570,2026-07-29T13:21:32.570Z,131,-14,1061
1785331292580,2026-07-29T13:21:32.580Z,-75,1,879
1785331292590,2026-07-29T13:21:32.590Z,-75,1,879
1785331292600,2026-07-29T13:21:32.600Z,13,1,898
1785331292610,2026-07-29T13:21:32.610Z,-69,-28,847
1785331292620,2026-07-29T13:21:32.620Z,-113,-80,737
1785331292630,2026-07-29T13:21:32.630Z,78,-79,891
1785331292640,2026-07-29T13:21:32.640Z,14,-72,1027
1785331292650,2026-07-29T13:21:32.650Z,120,-97,1201
1785331292660,2026-07-29T13:21:32.660Z,139,-106,1062
1785331292670,2026-07-29T13:21:32.670Z,139,-106,1062
1785331292680,2026-07-29T13:21:32.680Z,124,-14,1028
1785331292690,2026-07-29T13:21:32.690Z,-158,91,807
1785331292700,2026-07-29T13:21:32.700Z,-102,160,824
1785331292710,2026-07-29T13:21:32.710Z,-116,168,919
1785331292720,2026-07-29T13:21:32.720Z,-25,93,1010
1785331292730,2026-07-29T13:21:32.730Z,-18,-27,1103
1785331292740,2026-07-29T13:21:32.740Z,-72,-193,1002
1785331292750,2026-07-29T13:21:32.750Z,91,-206,1054
1785331292760,2026-07-29T13:21:32.760Z,-31,-161,1039
1785331292770,2026-07-29T13:21:32.770Z,40,-119,1099
1785331292780,2026-07-29T13:21:32.780Z,-58,-28,1010
1785331292790,2026-07-29T13:21:32.790Z,-58,-28,1010
1785331292800,2026-07-29T13:21:32.800Z,-174,0,794
1785331292810,2026-07-29T13:21:32.810Z,-40,-3,918
1785331292820,2026-07-29T13:21:32.820Z,201,-1,1138
1785331292830,2026-07-29T13:21:32.830Z,272,-60,1144
1785331292840,2026-07-29T13:21:32.840Z,272,-60,1144
1785331292850,2026-07-29T13:21:32.850Z,-53,-43,983
1785331292860,2026-07-29T13:21:32.860Z,-123,-23,860
1785331292870,2026-07-29T13:21:32.870Z,-123,-23,860
1785331292880,2026-07-29T13:21:32.880Z,-144,-81,684
1785331292890,2026-07-29T13:21:32.890Z,-160,-137,832
1785331292900,2026-07-29T13:21:32.900Z,-138,-121,1122
1785331292910,2026-07-29T13:21:32.910Z,242,-107,1209
1785331292920,2026-07-29T13:21:32.920Z,126,-78,1024
1785331292930,2026-07-29T13:21:32.930Z,200,-38,919
1785331292940,2026-07-29T13:21:32.940Z,-39,-3,903
1785331292950,2026-07-29T13:21:32.950Z,-148,1,848
1785331292960,2026-07-29T13:21:32.960Z,-114,-43,994
1785331292970,2026-07-29T13:21:32.970Z,12,-18,1051
1785331292980,2026-07-29T13:21:32.980Z,51,-106,1181
1785331292990,2026-07-29T13:21:32.990Z,19,-106,1069
1785331293000,2026-07-29T13:21:33.000Z,244,-96,1067
1785331293010,2026-07-29T13:21:33.010Z,88,-111,943
1785331293020,2026-07-29T13:21:33.020Z,88,-111,943
1785331293030,2026-07-29T13:21:33.030Z,-68,-123,821
1785331293040,2026-07-29T13:21:33.040Z,101,-144,798
1785331293050,2026-07-29T13:21:33.050Z,-196,-179,758
1785331293060,2026-07-29T13:21:33.060Z,-69,-107,984
1785331293070,2026-07-29T13:21:33.070Z,58,-81,1062
1785331293080,2026-07-29T13:21:33.080Z,150,-12,970
1785331293090,2026-07-29T13:21:33.090Z,150,-12,970
1785331293100,2026-07-29T13:21:33.100Z,96,9,932
1785331293110,2026-07-29T13:21:33.110Z,-15,-19,882
1785331293120,2026-07-29T13:21:33.120Z,-7,-59,790
1785331293130,2026-07-29T13:21:33.130Z,46,-131,863
1785331293140,2026-07-29T13:21:33.140Z,-124,-150,948
1785331293150,2026-07-29T13:21:33.150Z,210,-141,1171
1785331293160,2026-07-29T13:21:33.160Z,14,-127,1107
1785331293170,2026-07-29T13:21:33.170Z,93,-81,1111
1785331293180,2026-07-29T13:21:33.180Z,-109,-55,791
1785331293190,2026-07-29T13:21:33.190Z,4,0,789
1785331293200,2026-07-29T13:21:33.200Z,-241,17,706
1785331293210,2026-07-29T13:21:33.210Z,11,47,990
1785331293220,2026-07-29T13:21:33.220Z,-47,35,1230
1785331293230,2026-07-29T13:21:33.230Z,254,-87,1193
1785331293240,2026-07-29T13:21:33.240Z,-73,-175,995
1785331293250,2026-07-29T13:21:33.250Z,328,-178,920
1785331293260,2026-07-29T13:21:33.260Z,200,-77,895
1785331293270,2026-07-29T13:21:33.270Z,-204,-28,687
1785331293280,2026-07-29T13:21:33.280Z,-174,103,854
1785331293290,2026-07-29T13:21:33.290Z,-174,103,854
1785331293300,2026-07-29T13:21:33.300Z,-64,8,1241
1785331293310,2026-07-29T13:21:33.310Z,-3,-60,1095
1785331293320,2026-07-29T13:21:33.320Z,148,-84,936
1785331293330,2026-07-29T13:21:33.330Z,-142,-166,889
1785331293340,2026-07-29T13:21:33.340Z,64,-163,1005
1785331293350,2026-07-29T13:21:33.350Z,-39,-107,783
1785331293360,2026-07-29T13:21:33.360Z,-105,-41,688
1785331293370,2026-07-29T13:21:33.370Z,11,100,1031
1785331293380,2026-07-29T13:21:33.380Z,98,66,1211
1785331293390,2026-07-29T13:21:33.390Z,250,18,1183
1785331293400,2026-07-29T13:21:33.400Z,244,-67,993
1785331293410,2026-07-29T13:21:33.410Z,169,-66,875
1785331293420,2026-07-29T13:21:33.420Z,-61,-19,887
1785331293430,2026-07-29T13:21:33.430Z,57,6,982
1785331293440,2026-07-29T13:21:33.440Z,-297,-23,926
1785331293450,2026-07-29T13:21:33.450Z,25,-27,1127
1785331293460,2026-07-29T13:21:33.460Z,23,-37,1291
1785331293470,2026-07-29T13:21:33.470Z,-148,-60,924
1785331293480,2026-07-29T13:21:33.480Z,146,-56,860
1785331293490,2026-07-29T13:21:33.490Z,-75,-38,873
1785331293500,2026-07-29T13:21:33.500Z,77,-6,978
1785331293510,2026-07-29T13:21:33.510Z,119,-74,978
1785331293520,2026-07-29T13:21:33.520Z,68,-55,945
1785331293530,2026-07-29T13:21:33.530Z,-168,-58,814
1785331293540,2026-07-29T13:21:33.540Z,-105,-52,1088
1785331293550,2026-07-29T13:21:33.550Z,-46,-53,1227
1785331293560,2026-07-29T13:21:33.560Z,-8,-74,1211
1785331293570,2026-07-29T13:21:33.570Z,48,-98,1123
1785331293580,2026-07-29T13:21:33.580Z,-49,-71,932
1785331293590,2026-07-29T13:21:33.590Z,-49,-71,932
1785331293600,2026-07-29T13:21:33.600Z,62,-14,778
1785331293610,2026-07-29T13:21:33.610Z,-117,-66,854
1785331293620,2026-07-29T13:21:33.620Z,45,-135,1079
1785331293630,2026-07-29T13:21:33.630Z,131,-200,1205
1785331293640,2026-07-29T13:21:33.640Z,340,-230,1210
1785331293650,2026-07-29T13:21:33.650Z,155,-211,874
1785331293660,2026-07-29T13:21:33.660Z,128,-159,803
1785331293670,2026-07-29T13:21:33.670Z,12,-74,782
1785331293680,2026-07-29T13:21:33.680Z,-20,-52,816
1785331293690,2026-07-29T13:21:33.690Z,-159,1,828
1785331293700,2026-07-29T13:21:33.700Z,-114,15,950
1785331293710,2026-07-29T13:21:33.710Z,-84,-51,1052
1785331293720,2026-07-29T13:21:33.720Z,-47,-132,965
1785331293730,2026-07-29T13:21:33.730Z,120,-174,846
1785331293740,2026-07-29T13:21:33.740Z,1,-192,880
1785331293750,2026-07-29T13:21:33.750Z,53,-180,910
1785331293760,2026-07-29T13:21:33.760Z,-107,-181,937
1785331293770,2026-07-29T13:21:33.770Z,-194,-184,876
1785331293780,2026-07-29T13:21:33.780Z,-71,-177,996
1785331293790,2026-07-29T13:21:33.790Z,-63,-165,1041
1785331293800,2026-07-29T13:21:33.800Z,-6,-132,974
1785331293810,2026-07-29T13:21:33.810Z,-6,-132,974
1785331293820,2026-07-29T13:21:33.820Z,137,-135,1098
1785331293830,2026-07-29T13:21:33.830Z,94,-163,981
1785331293840,2026-07-29T13:21:33.840Z,74,-137,916
1785331293850,2026-07-29T13:21:33.850Z,-68,-87,806
1785331293860,2026-07-29T13:21:33.860Z,-181,-1,845
1785331293870,2026-07-29T13:21:33.870Z,-41,-19,935
1785331293880,2026-07-29T13:21:33.880Z,-96,-89,1037
1785331293890,2026-07-29T13:21:33.890Z,12,-252,1128
1785331293900,2026-07-29T13:21:33.900Z,103,-314,1068
1785331293910,2026-07-29T13:21:33.910Z,109,-269,925
1785331293920,2026-07-29T13:21:33.920Z,3,-207,853
1785331293930,2026-07-29T13:21:33.930Z,-96,-23,930
1785331293940,2026-07-29T13:21:33.940Z,112,37,966
1785331293950,2026-07-29T13:21:33.950Z,-241,9,932
1785331293960,2026-07-29T13:21:33.960Z,162,-28,1214
1785331293970,2026-07-29T13:21:33.970Z,128,-153,1066
1785331293980,2026-07-29T13:21:33.980Z,82,-213,819
1785331293990,2026-07-29T13:21:33.990Z,-49,-174,897
1785331294000,2026-07-29T13:21:34.000Z,112,-91,1029
1785331294010,2026-07-29T13:21:34.010Z,-10,2,1050
1785331294020,2026-07-29T13:21:34.020Z,-10,2,1050
1785331294030,2026-07-29T13:21:34.030Z,-69,64,946
1785331294040,2026-07-29T13:21:34.040Z,-152,20,857
1785331294050,2026-07-29T13:21:34.050Z,38,-113,982
1785331294060,2026-07-29T13:21:34.060Z,84,-149,1089
1785331294070,2026-07-29T13:21:34.070Z,59,-198,1127
1785331294080,2026-07-29T13:21:34.080Z,39,-83,929
1785331294090,2026-07-29T13:21:34.090Z,39,-83,929
1785331294100,2026-07-29T13:21:34.100Z,39,98,883
1785331294110,2026-07-29T13:21:34.110Z,-107,119,854
1785331294120,2026-07-29T13:21:34.120Z,-87,61,841
1785331294130,2026-07-29T13:21:34.130Z,198,9,1153
1785331294140,2026-07-29T13:21:34.140Z,12,-31,1031
1785331294150,2026-07-29T13:21:34.150Z,-27,-50,928
1785331294160,2026-07-29T13:21:34.160Z,178,-99,987
1785331294170,2026-07-29T13:21:34.170Z,7,-55,972
1785331294180,2026-07-29T13:21:34.180Z,-43,-47,981
1785331294190,2026-07-29T13:21:34.190Z,-145,-17,865
1785331294200,2026-07-29T13:21:34.200Z,-17,13,907
1785331294210,2026-07-29T13:21:34.210Z,199,104,1030
1785331294220,2026-07-29T13:21:34.220Z,-141,63,867
1785331294230,2026-07-29T13:21:34.230Z,284,50,1092
1785331294240,2026-07-29T13:21:34.240Z,138,23,1019
1785331294250,2026-07-29T13:21:34.250Z,129,-79,882
1785331294260,2026-07-29T13:21:34.260Z,81,-68,913
1785331294270,2026-07-29T13:21:34.270Z,-110,-43,812
1785331294280,2026-07-29T13:21:34.280Z,-132,-17,839
1785331294290,2026-07-29T13:21:34.290Z,-85,93,1026
1785331294300,2026-07-29T13:21:34.300Z,-85,93,1026
1785331294310,2026-07-29T13:21:34.310Z,-85,93,1026
1785331294320,2026-07-29T13:21:34.320Z,43,17,1010
1785331294330,2026-07-29T13:21:34.330Z,23,-75,905
1785331294340,2026-07-29T13:21:34.340Z,-43,-75,902
1785331294350,2026-07-29T13:21:34.350Z,-29,-71,956
1785331294360,2026-07-29T13:21:34.360Z,-47,-72,993
1785331294370,2026-07-29T13:21:34.370Z,-189,-76,1031
1785331294380,2026-07-29T13:21:34.380Z,187,-50,1111
1785331294390,2026-07-29T13:21:34.390Z,-180,-49,1054
1785331294400,2026-07-29T13:21:34.400Z,-152,-109,941
1785331294410,2026-07-29T13:21:34.410Z,-152,-109,941
1785331294420,2026-07-29T13:21:34.420Z,-155,-77,844
1785331294430,2026-07-29T13:21:34.430Z,-18,7,915
1785331294440,2026-07-29T13:21:34.440Z,-18,7,915
1785331294450,2026-07-29T13:21:34.450Z,-218,78,1020
1785331294460,2026-07-29T13:21:34.460Z,75,44,1185
1785331294470,2026-07-29T13:21:34.470Z,75,44,1185
1785331294480,2026-07-29T13:21:34.480Z,113,-120,1018
1785331294490,2026-07-29T13:21:34.490Z,145,-205,901
1785331294500,2026-07-29T13:21:34.500Z,-31,-215,838
1785331294510,2026-07-29T13:21:34.510Z,9,-240,849
1785331294520,2026-07-29T13:21:34.520Z,-173,-133,922
1785331294530,2026-07-29T13:21:34.530Z,-247,-107,998
1785331294540,2026-07-29T13:21:34.540Z,158,-12,1212
1785331294550,2026-07-29T13:21:34.550Z,27,-13,1128
1785331294560,2026-07-29T13:21:34.560Z,176,-37,1045
1785331294570,2026-07-29T13:21:34.570Z,56,-78,998
1785331294580,2026-07-29T13:21:34.580Z,-21,-114,951
1785331294590,2026-07-29T13:21:34.590Z,-51,-121,907
1785331294600,2026-07-29T13:21:34.600Z,146,-152,1003
1785331294610,2026-07-29T13:21:34.610Z,36,-178,882
1785331294620,2026-07-29T13:21:34.620Z,-85,-196,892
1785331294630,2026-07-29T13:21:34.630Z,-19,-146,960
1785331294640,2026-07-29T13:21:34.640Z,-115,-83,933
1785331294650,2026-07-29T13:21:34.650Z,-116,-82,993
1785331294660,2026-07-29T13:21:34.660Z,309,-88,1176
1785331294670,2026-07-29T13:21:34.670Z,-170,-119,902
1785331294680,2026-07-29T13:21:34.680Z,20,-124,1006
1785331294690,2026-07-29T13:21:34.690Z,-190,-70,702
1785331294700,2026-07-29T13:21:34.700Z,-41,-79,876
1785331294710,2026-07-29T13:21:34.710Z,54,-64,918
1785331294720,2026-07-29T13:21:34.720Z,118,-55,1017
1785331294730,2026-07-29T13:21:34.730Z,49,-99,955
1785331294740,2026-07-29T13:21:34.740Z,-40,-96,889
1785331294750,2026-07-29T13:21:34.750Z,-64,-127,855
1785331294760,2026-07-29T13:21:34.760Z,-71,-129,925
1785331294770,2026-07-29T13:21:34.770Z,-131,-120,1018
1785331294780,2026-07-29T13:21:34.780Z,141,-73,1283
1785331294790,2026-07-29T13:21:34.790Z,-217,-103,1045
1785331294800,2026-07-29T13:21:34.800Z,10,-89,1041
1785331294810,2026-07-29T13:21:34.810Z,-37,-100,903
1785331294820,2026-07-29T13:21:34.820Z,184,-76,997
1785331294830,2026-07-29T13:21:34.830Z,184,-76,997
1785331294840,2026-07-29T13:21:34.840Z,-32,-67,1034
1785331294850,2026-07-29T13:21:34.850Z,-295,-46,1097
1785331294860,2026-07-29T13:21:34.860Z,38,-58,1337
1785331294870,2026-07-29T13:21:34.870Z,-54,-109,1055
1785331294880,2026-07-29T13:21:34.880Z,-194,-110,866
1785331294890,2026-07-29T13:21:34.890Z,-62,-135,897
1785331294900,2026-07-29T13:21:34.900Z,-366,-146,744
1785331294910,2026-07-29T13:21:34.910Z,-177,-170,878
1785331294920,2026-07-29T13:21:34.920Z,-105,-130,993
1785331294930,2026-07-29T13:21:34.930Z,11,-115,1142
1785331294940,2026-07-29T13:21:34.940Z,151,-125,1146
1785331294950,2026-07-29T13:21:34.950Z,-66,-83,877
1785331294960,2026-07-29T13:21:34.960Z,-130,-55,771
1785331294970,2026-07-29T13:21:34.970Z,-59,-18,776
1785331294980,2026-07-29T13:21:34.980Z,-48,-36,905
1785331294990,2026-07-29T13:21:34.990Z,-25,-152,1053
1785331295000,2026-07-29T13:21:35.000Z,-25,-152,1053
1785331295010,2026-07-29T13:21:35.010Z,0,-200,962
1785331295020,2026-07-29T13:21:35.020Z,-92,-240,843
1785331295030,2026-07-29T13:21:35.030Z,155,-210,792
1785331295040,2026-07-29T13:21:35.040Z,97,-131,1091
1785331295050,2026-07-29T13:21:35.050Z,-135,-159,1000
1785331295060,2026-07-29T13:21:35.060Z,-31,-128,1034
1785331295070,2026-07-29T13:21:35.070Z,-141,-115,927
1785331295080,2026-07-29T13:21:35.080Z,-91,-48,902
1785331295090,2026-07-29T13:21:35.090Z,-91,-48,902
1785331295100,2026-07-29T13:21:35.100Z,103,-101,1020
1785331295110,2026-07-29T13:21:35.110Z,79,-175,1015
1785331295120,2026-07-29T13:21:35.120Z,-22,-255,940
1785331295130,2026-07-29T13:21:35.130Z,-225,-267,906
1785331295140,2026-07-29T13:21:35.140Z,-75,-187,1022
1785331295150,2026-07-29T13:21:35.150Z,-205,-157,988
1785331295160,2026-07-29T13:21:35.160Z,-325,-110,1102
1785331295170,2026-07-29T13:21:35.170Z,-52,-88,1178
1785331295180,2026-07-29T13:21:35.180Z,-268,-137,1084
1785331295190,2026-07-29T13:21:35.190Z,32,-170,1150
1785331295200,2026-07-29T13:21:35.200Z,54,-172,1119
1785331295210,2026-07-29T13:21:35.210Z,-44,-143,1094
1785331295220,2026-07-29T13:21:35.220Z,-109,-181,1189
1785331295230,2026-07-29T13:21:35.230Z,-258,-114,1054
1785331295240,2026-07-29T13:21:35.240Z,-87,-89,987
1785331295250,2026-07-29T13:21:35.250Z,48,-104,1070
1785331295260,2026-07-29T13:21:35.260Z,-125,-85,1134
1785331295270,2026-07-29T13:21:35.270Z,-1,-171,1194
1785331295280,2026-07-29T13:21:35.280Z,-29,-228,1016
1785331295290,2026-07-29T13:21:35.290Z,-26,-221,934
1785331295300,2026-07-29T13:21:35.300Z,-97,-68,1102
1785331295310,2026-07-29T13:21:35.310Z,-97,-68,1102
1785331295320,2026-07-29T13:21:35.320Z,-206,-12,977
1785331295330,2026-07-29T13:21:35.330Z,-80,-59,1010
1785331295340,2026-07-29T13:21:35.340Z,-134,-132,982
1785331295350,2026-07-29T13:21:35.350Z,-80,-183,1055
1785331295360,2026-07-29T13:21:35.360Z,-108,-206,999
1785331295370,2026-07-29T13:21:35.370Z,-98,-134,1011
1785331295380,2026-07-29T13:21:35.380Z,-25,-136,964
1785331295390,2026-07-29T13:21:35.390Z,-164,-121,935
1785331295400,2026-07-29T13:21:35.400Z,-73,-100,858
1785331295410,2026-07-29T13:21:35.410Z,122,-40,855
1785331295420,2026-07-29T13:21:35.420Z,-159,-41,778
1785331295430,2026-07-29T13:21:35.430Z,-164,-77,931
1785331295440,2026-07-29T13:21:35.440Z,-164,-77,931
1785331295450,2026-07-29T13:21:35.450Z,125,-151,1109
1785331295460,2026-07-29T13:21:35.460Z,308,-155,1110
1785331295470,2026-07-29T13:21:35.470Z,82,-120,764
1785331295480,2026-07-29T13:21:35.480Z,-135,-83,675
1785331295490,2026-07-29T13:21:35.490Z,-205,-81,570
1785331295500,2026-07-29T13:21:35.500Z,-38,-94,641
1785331295510,2026-07-29T13:21:35.510Z,-77,-149,833
1785331295520,2026-07-29T13:21:35.520Z,56,-149,1364
1785331295530,2026-07-29T13:21:35.530Z,-83,-165,1231
1785331295540,2026-07-29T13:21:35.540Z,62,-130,1004
1785331295550,2026-07-29T13:21:35.550Z,-120,-84,728
1785331295560,2026-07-29T13:21:35.560Z,-53,6,777
1785331295570,2026-07-29T13:21:35.570Z,-7,7,879
1785331295580,2026-07-29T13:21:35.580Z,-206,-43,756
1785331295590,2026-07-29T13:21:35.590Z,-206,-43,756
1785331295600,2026-07-29T13:21:35.600Z,-11,-237,1181
1785331295610,2026-07-29T13:21:35.610Z,-11,-237,1181
1785331295620,2026-07-29T13:21:35.620Z,-12,-254,1155
1785331295630,2026-07-29T13:21:35.630Z,-140,-202,984
1785331295640,2026-07-29T13:21:35.640Z,-121,-123,871
1785331295650,2026-07-29T13:21:35.650Z,-30,-88,920
1785331295660,2026-07-29T13:21:35.660Z,-20,-37,976
1785331295670,2026-07-29T13:21:35.670Z,-64,-19,911
1785331295680,2026-07-29T13:21:35.680Z,-256,-125,1107
1785331295690,2026-07-29T13:21:35.690Z,-231,-212,1190
1785331295700,2026-07-29T13:21:35.700Z,92,-234,1284
1785331295710,2026-07-29T13:21:35.710Z,15,-254,1166
1785331295720,2026-07-29T13:21:35.720Z,-155,-114,993
1785331295730,2026-07-29T13:21:35.730Z,-117,-114,952
1785331295740,2026-07-29T13:21:35.740Z,-156,-85,924
1785331295750,2026-07-29T13:21:35.750Z,-181,-85,906
1785331295760,2026-07-29T13:21:35.760Z,-126,-128,1037
1785331295770,2026-07-29T13:21:35.770Z,-203,-212,1053
1785331295780,2026-07-29T13:21:35.780Z,-220,-301,1023
1785331295790,2026-07-29T13:21:35.790Z,52,-219,1079
1785331295800,2026-07-29T13:21:35.800Z,52,-219,1079
1785331295810,2026-07-29T13:21:35.810Z,109,-163,985
1785331295820,2026-07-29T13:21:35.820Z,-113,-127,919
1785331295830,2026-07-29T13:21:35.830Z,98,-95,978
1785331295840,2026-07-29T13:21:35.840Z,-25,-83,874
1785331295850,2026-07-29T13:21:35.850Z,-29,-112,866
1785331295860,2026-07-29T13:21:35.860Z,-102,-211,900
1785331295870,2026-07-29T13:21:35.870Z,-102,-211,900
1785331295880,2026-07-29T13:21:35.880Z,18,-321,1023
1785331295890,2026-07-29T13:21:35.890Z,45,-362,1014
1785331295900,2026-07-29T13:21:35.900Z,71,-296,926
1785331295910,2026-07-29T13:21:35.910Z,-32,-199,829
1785331295920,2026-07-29T13:21:35.920Z,-220,-62,670
1785331295930,2026-07-29T13:21:35.930Z,-186,-30,682
1785331295940,2026-07-29T13:21:35.940Z,-68,-33,753
1785331295950,2026-07-29T13:21:35.950Z,5,-94,900
1785331295960,2026-07-29T13:21:35.960Z,-3,-320,911
1785331295970,2026-07-29T13:21:35.970Z,88,-330,983
1785331295980,2026-07-29T13:21:35.980Z,-30,-343,844
1785331295990,2026-07-29T13:21:35.990Z,-81,-284,832
1785331296000,2026-07-29T13:21:36.000Z,9,-170,902
1785331296010,2026-07-29T13:21:36.010Z,-74,-121,823
1785331296020,2026-07-29T13:21:36.020Z,-231,-122,796
1785331296030,2026-07-29T13:21:36.030Z,1,-98,917
1785331296040,2026-07-29T13:21:36.040Z,31,-240,1107
1785331296050,2026-07-29T13:21:36.050Z,-124,-335,1102
1785331296060,2026-07-29T13:21:36.060Z,-88,-368,1153
1785331296070,2026-07-29T13:21:36.070Z,-193,-302,1154
1785331296080,2026-07-29T13:21:36.080Z,-152,-152,983
1785331296090,2026-07-29T13:21:36.090Z,-152,-152,983
1785331296100,2026-07-29T13:21:36.100Z,-166,-84,958
1785331296110,2026-07-29T13:21:36.110Z,-166,-84,958
1785331296120,2026-07-29T13:21:36.120Z,-132,-205,856
1785331296130,2026-07-29T13:21:36.130Z,-119,-256,921
1785331296140,2026-07-29T13:21:36.140Z,-122,-301,1032
1785331296150,2026-07-29T13:21:36.150Z,-30,-284,1341
1785331296160,2026-07-29T13:21:36.160Z,-153,-225,1119
1785331296170,2026-07-29T13:21:36.170Z,-67,-150,996
1785331296180,2026-07-29T13:21:36.180Z,4,-113,1024
1785331296190,2026-07-29T13:21:36.190Z,-98,-88,865
1785331296200,2026-07-29T13:21:36.200Z,-102,-56,812
1785331296210,2026-07-29T13:21:36.210Z,-270,-96,856
1785331296220,2026-07-29T13:21:36.220Z,-134,-164,1138
1785331296230,2026-07-29T13:21:36.230Z,-67,-221,1337
1785331296240,2026-07-29T13:21:36.240Z,58,-181,1026
1785331296250,2026-07-29T13:21:36.250Z,-261,-118,782
1785331296260,2026-07-29T13:21:36.260Z,-139,-11,918
1785331296270,2026-07-29T13:21:36.270Z,-139,-11,918
1785331296280,2026-07-29T13:21:36.280Z,-43,-26,798
1785331296290,2026-07-29T13:21:36.290Z,-40,-37,697
1785331296300,2026-07-29T13:21:36.300Z,-143,-41,753
1785331296310,2026-07-29T13:21:36.310Z,-106,-71,958
1785331296320,2026-07-29T13:21:36.320Z,0,-16,1254
1785331296330,2026-07-29T13:21:36.330Z,0,-16,1254
1785331296340,2026-07-29T13:21:36.340Z,-171,69,871
1785331296350,2026-07-29T13:21:36.350Z,-22,43,799
1785331296360,2026-07-29T13:21:36.360Z,-68,47,714
1785331296370,2026-07-29T13:21:36.370Z,-154,17,723
1785331296380,2026-07-29T13:21:36.380Z,-97,-14,959
1785331296390,2026-07-29T13:21:36.390Z,-202,-73,1138
1785331296400,2026-07-29T13:21:36.400Z,-60,38,1072
1785331296410,2026-07-29T13:21:36.410Z,-60,38,1072
1785331296420,2026-07-29T13:21:36.420Z,-17,218,700
1785331296430,2026-07-29T13:21:36.430Z,-114,475,886
1785331296440,2026-07-29T13:21:36.440Z,13,330,1000
1785331296450,2026-07-29T13:21:36.450Z,-264,333,825
1785331296460,2026-07-29T13:21:36.460Z,-203,178,888
1785331296470,2026-07-29T13:21:36.470Z,-337,-95,1042
1785331296480,2026-07-29T13:21:36.480Z,130,-283,794
1785331296490,2026-07-29T13:21:36.490Z,-820,-242,912
1785331296500,2026-07-29T13:21:36.500Z,1062,79,1139
1785331296510,2026-07-29T13:21:36.510Z,1469,415,1862
1785331296520,2026-07-29T13:21:36.520Z,-1624,508,573
1785331296530,2026-07-29T13:21:36.530Z,382,410,945
1785331296540,2026-07-29T13:21:36.540Z,-1088,412,307
1785331296550,2026-07-29T13:21:36.550Z,-1371,-260,1274
1785331296560,2026-07-29T13:21:36.560Z,1227,220,1828
1785331296570,2026-07-29T13:21:36.570Z,-1952,-8,945
1785331296580,2026-07-29T13:21:36.580Z,-1656,1258,596
1785331296590,2026-07-29T13:21:36.590Z,-1656,1258,596
1785331296600,2026-07-29T13:21:36.600Z,-914,1378,585
1785331296610,2026-07-29T13:21:36.610Z,-678,692,1085
1785331296620,2026-07-29T13:21:36.620Z,290,179,1006
1785331296630,2026-07-29T13:21:36.630Z,1590,163,1973
1785331296640,2026-07-29T13:21:36.640Z,-844,671,81
1785331296650,2026-07-29T13:21:36.650Z,184,581,797
1785331296660,2026-07-29T13:21:36.660Z,-1007,261,1957
1785331296670,2026-07-29T13:21:36.670Z,-2414,3,439
1785331296680,2026-07-29T13:21:36.680Z,1010,527,1079
1785331296690,2026-07-29T13:21:36.690Z,-1969,34,165
1785331296700,2026-07-29T13:21:36.700Z,15,-129,2313
1785331296710,2026-07-29T13:21:36.710Z,-970,623,38
1785331296720,2026-07-29T13:21:36.720Z,351,1232,-540
1785331296730,2026-07-29T13:21:36.730Z,-351,1623,172
1785331296740,2026-07-29T13:21:36.740Z,-351,1623,172
1785331296750,2026-07-29T13:21:36.750Z,639,871,1677
1785331296760,2026-07-29T13:21:36.760Z,639,871,1677
1785331296770,2026-07-29T13:21:36.770Z,1535,1124,1770
1785331296780,2026-07-29T13:21:36.780Z,-2940,756,41
1785331296790,2026-07-29T13:21:36.790Z,-419,1498,819
1785331296800,2026-07-29T13:21:36.800Z,-419,1498,819
1785331296810,2026-07-29T13:21:36.810Z,-875,1478,810
1785331296820,2026-07-29T13:21:36.820Z,-1323,264,1387
1785331296830,2026-07-29T13:21:36.830Z,-2566,-136,-710
1785331296840,2026-07-29T13:21:36.840Z,940,-213,905
1785331296850,2026-07-29T13:21:36.850Z,-929,-57,466
1785331296860,2026-07-29T13:21:36.860Z,-929,-57,466
1785331296870,2026-07-29T13:21:36.870Z,1483,1317,1567
1785331296880,2026-07-29T13:21:36.880Z,1483,1317,1567
1785331296890,2026-07-29T13:21:36.890Z,-185,1530,711
1785331296900,2026-07-29T13:21:36.900Z,-766,419,1072
1785331296910,2026-07-29T13:21:36.910Z,-933,434,984
1785331296920,2026-07-29T13:21:36.920Z,354,735,1358
1785331296930,2026-07-29T13:21:36.930Z,-675,676,791
1785331296940,2026-07-29T13:21:36.940Z,525,1010,1441
1785331296950,2026-07-29T13:21:36.950Z,-414,641,710
1785331296960,2026-07-29T13:21:36.960Z,-361,58,351
1785331296970,2026-07-29T13:21:36.970Z,-246,-394,849
1785331296980,2026-07-29T13:21:36.980Z,-548,-563,819
1785331296990,2026-07-29T13:21:36.990Z,-139,-75,1067
1785331297000,2026-07-29T13:21:37.000Z,-184,192,992
1785331297010,2026-07-29T13:21:37.010Z,-184,192,992
1785331297020,2026-07-29T13:21:37.020Z,-317,233,696
1785331297030,2026-07-29T13:21:37.030Z,128,385,535
1785331297040,2026-07-29T13:21:37.040Z,128,385,535
1785331297050,2026-07-29T13:21:37.050Z,-390,-250,1926
1785331297060,2026-07-29T13:21:37.060Z,95,-1076,1083
1785331297070,2026-07-29T13:21:37.070Z,-1843,-901,394
1785331297080,2026-07-29T13:21:37.080Z,1362,-804,1691
1785331297090,2026-07-29T13:21:37.090Z,-1155,-830,920
1785331297100,2026-07-29T13:21:37.100Z,-386,-711,1001
1785331297110,2026-07-29T13:21:37.110Z,-110,-981,1028
1785331297120,2026-07-29T13:21:37.120Z,-1274,-1326,459
1785331297130,2026-07-29T13:21:37.130Z,-94,-802,551
1785331297140,2026-07-29T13:21:37.140Z,-986,-469,842
1785331297150,2026-07-29T13:21:37.150Z,-723,-695,814
1785331297160,2026-07-29T13:21:37.160Z,-786,-1094,1032
1785331297170,2026-07-29T13:21:37.170Z,-607,-1186,1126
1785331297180,2026-07-29T13:21:37.180Z,-847,-1244,965
1785331297190,2026-07-29T13:21:37.190Z,-650,-1195,963
1785331297200,2026-07-29T13:21:37.200Z,-338,-560,978
1785331297210,2026-07-29T13:21:37.210Z,-338,-560,978
1785331297220,2026-07-29T13:21:37.220Z,-442,-269,1085
1785331297230,2026-07-29T13:21:37.230Z,880,-227,1339
1785331297240,2026-07-29T13:21:37.240Z,0,-1051,1021
1785331297250,2026-07-29T13:21:37.250Z,-529,-1213,828
1785331297260,2026-07-29T13:21:37.260Z,-77,-1604,1082
1785331297270,2026-07-29T13:21:37.270Z,-657,-1292,1084
1785331297280,2026-07-29T13:21:37.280Z,473,-1032,1195
1785331297290,2026-07-29T13:21:37.290Z,896,-72,1362
1785331297300,2026-07-29T13:21:37.300Z,896,-72,1362
1785331297310,2026-07-29T13:21:37.310Z,-373,2,1020
1785331297320,2026-07-29T13:21:37.320Z,359,-408,1418
1785331297330,2026-07-29T13:21:37.330Z,16,-632,1157
1785331297340,2026-07-29T13:21:37.340Z,-259,-564,952
1785331297350,2026-07-29T13:21:37.350Z,-378,-538,530
1785331297360,2026-07-29T13:21:37.360Z,-357,-465,634
1785331297370,2026-07-29T13:21:37.370Z,-385,-449,655
1785331297380,2026-07-29T13:21:37.380Z,-357,-124,730
1785331297390,2026-07-29T13:21:37.390Z,-816,42,1403
1785331297400,2026-07-29T13:21:37.400Z,-730,130,1496
1785331297410,2026-07-29T13:21:37.410Z,-730,130,1496
1785331297420,2026-07-29T13:21:37.420Z,-128,131,1141
1785331297430,2026-07-29T13:21:37.430Z,-332,136,722
1785331297440,2026-07-29T13:21:37.440Z,-260,322,1050
1785331297450,2026-07-29T13:21:37.450Z,-464,443,1170
1785331297460,2026-07-29T13:21:37.460Z,-285,708,1390
1785331297470,2026-07-29T13:21:37.470Z,-118,586,904
1785331297480,2026-07-29T13:21:37.480Z,-446,176,-111
1785331297490,2026-07-29T13:21:37.490Z,-986,901,290
1785331297500,2026-07-29T13:21:37.500Z,-133,1181,699
1785331297510,2026-07-29T13:21:37.510Z,149,439,1395
1785331297520,2026-07-29T13:21:37.520Z,205,118,1489
1785331297530,2026-07-29T13:21:37.530Z,205,118,1489
1785331297540,2026-07-29T13:21:37.540Z,-871,78,710
1785331297550,2026-07-29T13:21:37.550Z,-583,378,853
1785331297560,2026-07-29T13:21:37.560Z,-710,1022,936
1785331297570,2026-07-29T13:21:37.570Z,-286,1174,938
1785331297580,2026-07-29T13:21:37.580Z,-214,594,936
1785331297590,2026-07-29T13:21:37.590Z,-214,594,936
1785331297600,2026-07-29T13:21:37.600Z,-856,408,978
1785331297610,2026-07-29T13:21:37.610Z,-522,396,1213
1785331297620,2026-07-29T13:21:37.620Z,-1030,335,830
1785331297630,2026-07-29T13:21:37.630Z,-390,406,1456
1785331297640,2026-07-29T13:21:37.640Z,-467,609,1060
1785331297650,2026-07-29T13:21:37.650Z,259,982,1230
1785331297660,2026-07-29T13:21:37.660Z,259,982,1230
1785331297670,2026-07-29T13:21:37.670Z,62,594,934
1785331297680,2026-07-29T13:21:37.680Z,-810,377,290
1785331297690,2026-07-29T13:21:37.690Z,-1585,161,757
1785331297700,2026-07-29T13:21:37.700Z,-301,139,1741
1785331297710,2026-07-29T13:21:37.710Z,-843,233,994
1785331297720,2026-07-29T13:21:37.720Z,-402,54,936
1785331297730,2026-07-29T13:21:37.730Z,29,-5,1083
1785331297740,2026-07-29T13:21:37.740Z,29,-5,1083
1785331297750,2026-07-29T13:21:37.750Z,-512,430,907
1785331297760,2026-07-29T13:21:37.760Z,-331,365,761
1785331297770,2026-07-29T13:21:37.770Z,-696,281,756
1785331297780,2026-07-29T13:21:37.780Z,-464,195,853
1785331297790,2026-07-29T13:21:37.790Z,-439,114,952
1785331297800,2026-07-29T13:21:37.800Z,-439,114,952
1785331297810,2026-07-29T13:21:37.810Z,-391,77,1367
1785331297820,2026-07-29T13:21:37.820Z,-436,272,1420
1785331297830,2026-07-29T13:21:37.830Z,-270,-27,830
1785331297840,2026-07-29T13:21:37.840Z,-384,68,948
1785331297850,2026-07-29T13:21:37.850Z,-587,161,1048
1785331297860,2026-07-29T13:21:37.860Z,-625,3,1140
1785331297870,2026-07-29T13:21:37.870Z,-294,-282,605
1785331297880,2026-07-29T13:21:37.880Z,-294,-282,605
1785331297890,2026-07-29T13:21:37.890Z,-273,121,893
1785331297900,2026-07-29T13:21:37.900Z,-852,-58,852
1785331297910,2026-07-29T13:21:37.910Z,-366,-57,1484
1785331297920,2026-07-29T13:21:37.920Z,-262,-241,1648
1785331297930,2026-07-29T13:21:37.930Z,-131,-632,1431
1785331297940,2026-07-29T13:21:37.940Z,-131,-632,1431
1785331297950,2026-07-29T13:21:37.950Z,-422,-48,399
1785331297960,2026-07-29T13:21:37.960Z,-369,149,449
1785331297970,2026-07-29T13:21:37.970Z,-83,166,647
1785331297980,2026-07-29T13:21:37.980Z,-577,76,741
1785331297990,2026-07-29T13:21:37.990Z,-840,-121,1362
1785331298000,2026-07-29T13:21:38.000Z,-148,-405,1804
1785331298010,2026-07-29T13:21:38.010Z,-486,-451,1202
1785331298020,2026-07-29T13:21:38.020Z,-736,-364,349
1785331298030,2026-07-29T13:21:38.030Z,-736,-364,349
1785331298040,2026-07-29T13:21:38.040Z,-462,2,721
1785331298050,2026-07-29T13:21:38.050Z,-419,17,1199
1785331298060,2026-07-29T13:21:38.060Z,-419,17,1199
1785331298070,2026-07-29T13:21:38.070Z,-228,-230,1272
1785331298080,2026-07-29T13:21:38.080Z,-489,-319,957
1785331298090,2026-07-29T13:21:38.090Z,-489,-319,957
1785331298100,2026-07-29T13:21:38.100Z,-552,-163,734
1785331298110,2026-07-29T13:21:38.110Z,-563,24,867
1785331298120,2026-07-29T13:21:38.120Z,-319,83,1062
1785331298130,2026-07-29T13:21:38.130Z,-639,23,998
1785331298140,2026-07-29T13:21:38.140Z,-17,9,1091
1785331298150,2026-07-29T13:21:38.150Z,-109,-82,988
1785331298160,2026-07-29T13:21:38.160Z,-246,-145,1335
1785331298170,2026-07-29T13:21:38.170Z,-687,-234,1241
1785331298180,2026-07-29T13:21:38.180Z,-370,-294,1150
1785331298190,2026-07-29T13:21:38.190Z,-422,134,961
1785331298200,2026-07-29T13:21:38.200Z,-612,226,591
1785331298210,2026-07-29T13:21:38.210Z,-489,194,561
1785331298220,2026-07-29T13:21:38.220Z,-308,114,1021
1785331298230,2026-07-29T13:21:38.230Z,-308,114,1021
1785331298240,2026-07-29T13:21:38.240Z,-662,57,1347
1785331298250,2026-07-29T13:21:38.250Z,-193,-47,1236
1785331298260,2026-07-29T13:21:38.260Z,-107,80,1033
1785331298270,2026-07-29T13:21:38.270Z,-637,29,739
1785331298280,2026-07-29T13:21:38.280Z,-634,139,905
1785331298290,2026-07-29T13:21:38.290Z,-385,183,1081
1785331298300,2026-07-29T13:21:38.300Z,-375,253,982
1785331298310,2026-07-29T13:21:38.310Z,-386,114,806
1785331298320,2026-07-29T13:21:38.320Z,-144,138,1004
1785331298330,2026-07-29T13:21:38.330Z,-565,-46,823
1785331298340,2026-07-29T13:21:38.340Z,-565,-46,823
1785331298350,2026-07-29T13:21:38.350Z,-488,63,1121
1785331298360,2026-07-29T13:21:38.360Z,-401,227,1257
1785331298370,2026-07-29T13:21:38.370Z,-364,285,1040
1785331298380,2026-07-29T13:21:38.380Z,-287,288,835
1785331298390,2026-07-29T13:21:38.390Z,-353,269,779
1785331298400,2026-07-29T13:21:38.400Z,-439,181,1017
1785331298410,2026-07-29T13:21:38.410Z,-172,85,1137
1785331298420,2026-07-29T13:21:38.420Z,-212,-14,1210
1785331298430,2026-07-29T13:21:38.430Z,-378,10,953
1785331298440,2026-07-29T13:21:38.440Z,-548,102,796
1785331298450,2026-07-29T13:21:38.450Z,-225,143,803
1785331298460,2026-07-29T13:21:38.460Z,-103,186,1211
1785331298470,2026-07-29T13:21:38.470Z,-425,45,1190
1785331298480,2026-07-29T13:21:38.480Z,-120,47,1294
1785331298490,2026-07-29T13:21:38.490Z,-296,65,929
1785331298500,2026-07-29T13:21:38.500Z,-317,97,986
1785331298510,2026-07-29T13:21:38.510Z,-387,92,920
1785331298520,2026-07-29T13:21:38.520Z,-289,148,1067
1785331298530,2026-07-29T13:21:38.530Z,-616,56,971
1785331298540,2026-07-29T13:21:38.540Z,-353,51,1019
1785331298550,2026-07-29T13:21:38.550Z,-207,19,998
1785331298560,2026-07-29T13:21:38.560Z,-606,27,809
1785331298570,2026-07-29T13:21:38.570Z,-201,2,1051
1785331298580,2026-07-29T13:21:38.580Z,-327,-58,1171
1785331298590,2026-07-29T13:21:38.590Z,-474,14,1140
1785331298600,2026-07-29T13:21:38.600Z,-286,17,1194
1785331298610,2026-07-29T13:21:38.610Z,-286,17,1194
1785331298620,2026-07-29T13:21:38.620Z,-263,-78,706
1785331298630,2026-07-29T13:21:38.630Z,-403,-29,699
1785331298640,2026-07-29T13:21:38.640Z,-205,-59,787
1785331298650,2026-07-29T13:21:38.650Z,-479,-115,841
1785331298660,2026-07-29T13:21:38.660Z,-411,-144,946
1785331298670,2026-07-29T13:21:38.670Z,-210,-150,1190
1785331298680,2026-07-29T13:21:38.680Z,-365,-156,1159
1785331298690,2026-07-29T13:21:38.690Z,-177,-78,1259
1785331298700,2026-07-29T13:21:38.700Z,-436,23,949
1785331298710,2026-07-29T13:21:38.710Z,-274,16,899
1785331298720,2026-07-29T13:21:38.720Z,-556,-34,848
1785331298730,2026-07-29T13:21:38.730Z,-373,-97,957
1785331298740,2026-07-29T13:21:38.740Z,-356,-203,1137
1785331298750,2026-07-29T13:21:38.750Z,-367,-207,1122
1785331298760,2026-07-29T13:21:38.760Z,-335,-209,1136
1785331298770,2026-07-29T13:21:38.770Z,-185,-209,1073
1785331298780,2026-07-29T13:21:38.780Z,-211,-121,1063
1785331298790,2026-07-29T13:21:38.790Z,-281,-87,1030
1785331298800,2026-07-29T13:21:38.800Z,-281,-87,1030
1785331298810,2026-07-29T13:21:38.810Z,-560,-159,748
1785331298820,2026-07-29T13:21:38.820Z,-426,-239,800
1785331298830,2026-07-29T13:21:38.830Z,-194,-288,923
1785331298840,2026-07-29T13:21:38.840Z,-423,-271,892
1785331298850,2026-07-29T13:21:38.850Z,-191,-218,990
1785331298860,2026-07-29T13:21:38.860Z,-193,-201,1065
1785331298870,2026-07-29T13:21:38.870Z,-338,-187,939
1785331298880,2026-07-29T13:21:38.880Z,-218,-202,972
1785331298890,2026-07-29T13:21:38.890Z,-273,-184,901
1785331298900,2026-07-29T13:21:38.900Z,-428,-212,720
1785331298910,2026-07-29T13:21:38.910Z,-397,-158,826
1785331298920,2026-07-29T13:21:38.920Z,-400,-176,922
1785331298930,2026-07-29T13:21:38.930Z,-450,-254,913
1785331298940,2026-07-29T13:21:38.940Z,-416,-301,973
1785331298950,2026-07-29T13:21:38.950Z,-329,-295,1039
1785331298960,2026-07-29T13:21:38.960Z,-367,-265,920
1785331298970,2026-07-29T13:21:38.970Z,-255,-242,860
1785331298980,2026-07-29T13:21:38.980Z,-328,-173,769
1785331298990,2026-07-29T13:21:38.990Z,-59,-70,865
1785331299000,2026-07-29T13:21:39.000Z,-59,-70,865
1785331299010,2026-07-29T13:21:39.010Z,-59,-70,865
1785331299020,2026-07-29T13:21:39.020Z,-114,-176,1177
1785331299030,2026-07-29T13:21:39.030Z,-214,-196,1330
1785331299040,2026-07-29T13:21:39.040Z,-247,-143,1168
1785331299050,2026-07-29T13:21:39.050Z,-455,-21,874
1785331299060,2026-07-29T13:21:39.060Z,-470,30,676
1785331299070,2026-07-29T13:21:39.070Z,-470,30,676
1785331299080,2026-07-29T13:21:39.080Z,-22,-118,1652
1785331299090,2026-07-29T13:21:39.090Z,-22,-118,1652
1785331299100,2026-07-29T13:21:39.100Z,12,-321,1302
1785331299110,2026-07-29T13:21:39.110Z,-108,-342,984
1785331299120,2026-07-29T13:21:39.120Z,-146,-236,951
1785331299130,2026-07-29T13:21:39.130Z,-358,-201,853
1785331299140,2026-07-29T13:21:39.140Z,-861,-263,347
1785331299150,2026-07-29T13:21:39.150Z,-773,-255,528
1785331299160,2026-07-29T13:21:39.160Z,14,-342,973
1785331299170,2026-07-29T13:21:39.170Z,-6,-424,982
1785331299180,2026-07-29T13:21:39.180Z,73,-387,1457
1785331299190,2026-07-29T13:21:39.190Z,92,-307,1494
1785331299200,2026-07-29T13:21:39.200Z,-108,-95,1188
1785331299210,2026-07-29T13:21:39.210Z,-494,141,797
1785331299220,2026-07-29T13:21:39.220Z,56,34,904
1785331299230,2026-07-29T13:21:39.230Z,357,-96,1123
1785331299240,2026-07-29T13:21:39.240Z,357,-96,1123
1785331299250,2026-07-29T13:21:39.250Z,77,-147,1094
1785331299260,2026-07-29T13:21:39.260Z,-164,-163,809
1785331299270,2026-07-29T13:21:39.270Z,-122,-281,704
1785331299280,2026-07-29T13:21:39.280Z,-442,-310,635
1785331299290,2026-07-29T13:21:39.290Z,-457,-242,853
1785331299300,2026-07-29T13:21:39.300Z,-457,-242,853
1785331299310,2026-07-29T13:21:39.310Z,-276,-273,1320
1785331299320,2026-07-29T13:21:39.320Z,-259,-361,1181
1785331299330,2026-07-29T13:21:39.330Z,-408,-340,787
1785331299340,2026-07-29T13:21:39.340Z,-173,-325,684
1785331299350,2026-07-29T13:21:39.350Z,-178,-202,1013
1785331299360,2026-07-29T13:21:39.360Z,-178,-202,1013
1785331299370,2026-07-29T13:21:39.370Z,-10,-9,1082
1785331299380,2026-07-29T13:21:39.380Z,-10,-9,1082
1785331299390,2026-07-29T13:21:39.390Z,-162,-88,890
1785331299400,2026-07-29T13:21:39.400Z,17,-85,815
1785331299410,2026-07-29T13:21:39.410Z,-240,22,659
1785331299420,2026-07-29T13:21:39.420Z,-311,-149,918
1785331299430,2026-07-29T13:21:39.430Z,-361,-156,1104
1785331299440,2026-07-29T13:21:39.440Z,-148,-151,1331
1785331299450,2026-07-29T13:21:39.450Z,-15,-87,750
1785331299460,2026-07-29T13:21:39.460Z,-15,-87,750
1785331299470,2026-07-29T13:21:39.470Z,-233,-164,655
1785331299480,2026-07-29T13:21:39.480Z,23,-227,819
1785331299490,2026-07-29T13:21:39.490Z,-287,-268,783
1785331299500,2026-07-29T13:21:39.500Z,-252,-135,1065
1785331299510,2026-07-29T13:21:39.510Z,-220,-123,1128
1785331299520,2026-07-29T13:21:39.520Z,-242,-77,1110
1785331299530,2026-07-29T13:21:39.530Z,-192,31,1024
1785331299540,2026-07-29T13:21:39.540Z,-192,31,1024
1785331299550,2026-07-29T13:21:39.550Z,-96,38,915
1785331299560,2026-07-29T13:21:39.560Z,-101,-64,909
1785331299570,2026-07-29T13:21:39.570Z,-101,-64,909
1785331299580,2026-07-29T13:21:39.580Z,-118,23,993
1785331299590,2026-07-29T13:21:39.590Z,-146,-31,998
1785331299600,2026-07-29T13:21:39.600Z,-166,-68,1068
1785331299610,2026-07-29T13:21:39.610Z,-260,-107,958
1785331299620,2026-07-29T13:21:39.620Z,-182,-53,998
1785331299630,2026-07-29T13:21:39.630Z,-276,-110,920
1785331299640,2026-07-29T13:21:39.640Z,-118,-101,1006
1785331299650,2026-07-29T13:21:39.650Z,-296,-30,874
1785331299660,2026-07-29T13:21:39.660Z,-239,-2,941
1785331299670,2026-07-29T13:21:39.670Z,-114,25,1014
1785331299680,2026-07-29T13:21:39.680Z,-153,52,1115
1785331299690,2026-07-29T13:21:39.690Z,-169,9,1175
1785331299700,2026-07-29T13:21:39.700Z,-236,-104,1069
1785331299710,2026-07-29T13:21:39.710Z,-236,-104,1069
1785331299720,2026-07-29T13:21:39.720Z,-240,-40,890
1785331299730,2026-07-29T13:21:39.730Z,-185,-17,882
1785331299740,2026-07-29T13:21:39.740Z,-185,36,905
1785331299750,2026-07-29T13:21:39.750Z,-214,62,941
1785331299760,2026-07-29T13:21:39.760Z,-198,33,947
1785331299770,2026-07-29T13:21:39.770Z,-159,-130,977
1785331299780,2026-07-29T13:21:39.780Z,-199,-173,966
1785331299790,2026-07-29T13:21:39.790Z,-199,-173,966
1785331299800,2026-07-29T13:21:39.800Z,-132,-193,960
1785331299810,2026-07-29T13:21:39.810Z,-31,-120,1030
1785331299820,2026-07-29T13:21:39.820Z,-201,111,900
1785331299830,2026-07-29T13:21:39.830Z,60,78,966
1785331299840,2026-07-29T13:21:39.840Z,-85,49,995
1785331299850,2026-07-29T13:21:39.850Z,73,-3,1151
1785331299860,2026-07-29T13:21:39.860Z,-106,-175,1029
1785331299870,2026-07-29T13:21:39.870Z,-280,-220,1009
1785331299880,2026-07-29T13:21:39.880Z,-8,-145,1145
1785331299890,2026-07-29T13:21:39.890Z,-203,99,901
1785331299900,2026-07-29T13:21:39.900Z,-203,99,901
1785331299910,2026-07-29T13:21:39.910Z,-248,151,1034
1785331299920,2026-07-29T13:21:39.920Z,-123,91,1280
1785331299930,2026-07-29T13:21:39.930Z,-183,-226,1054
1785331299940,2026-07-29T13:21:39.940Z,-338,-322,873
1785331299950,2026-07-29T13:21:39.950Z,-31,-303,962
1785331299960,2026-07-29T13:21:39.960Z,-448,-224,735
1785331299970,2026-07-29T13:21:39.970Z,-312,115,1156
1785331299980,2026-07-29T13:21:39.980Z,-312,115,1156
1785331299990,2026-07-29T13:21:39.990Z,-258,128,1242
1785331300000,2026-07-29T13:21:40.000Z,-373,71,1122
1785331300010,2026-07-29T13:21:40.010Z,-89,30,1173
1785331300020,2026-07-29T13:21:40.020Z,-274,-68,869
1785331300030,2026-07-29T13:21:40.030Z,1,-66,928
1785331300040,2026-07-29T13:21:40.040Z,57,-36,1132
1785331300050,2026-07-29T13:21:40.050Z,57,-36,1132
1785331300060,2026-07-29T13:21:40.060Z,-84,49,938
1785331300070,2026-07-29T13:21:40.070Z,80,19,1010
1785331300080,2026-07-29T13:21:40.080Z,67,2,1036
1785331300090,2026-07-29T13:21:40.090Z,-93,-153,922
1785331300100,2026-07-29T13:21:40.100Z,-93,-153,922
1785331300110,2026-07-29T13:21:40.110Z,-88,-43,959
1785331300120,2026-07-29T13:21:40.120Z,-255,-47,966
1785331300130,2026-07-29T13:21:40.130Z,-114,87,977
1785331300140,2026-07-29T13:21:40.140Z,-185,133,929
1785331300150,2026-07-29T13:21:40.150Z,-246,121,910
1785331300160,2026-07-29T13:21:40.160Z,-217,56,937
1785331300170,2026-07-29T13:21:40.170Z,-139,2,969
1785331300180,2026-07-29T13:21:40.180Z,21,-107,1035
1785331300190,2026-07-29T13:21:40.190Z,-266,-129,875
1785331300200,2026-07-29T13:21:40.200Z,17,-69,1026
1785331300210,2026-07-29T13:21:40.210Z,-6,13,908
1785331300220,2026-07-29T13:21:40.220Z,-158,5,826
1785331300230,2026-07-29T13:21:40.230Z,56,50,928
1785331300240,2026-07-29T13:21:40.240Z,27,4,1043
1785331300250,2026-07-29T13:21:40.250Z,27,4,1043
1785331300260,2026-07-29T13:21:40.260Z,-140,-22,1016
1785331300270,2026-07-29T13:21:40.270Z,-7,-45,991
1785331300280,2026-07-29T13:21:40.280Z,-58,-27,875
1785331300290,2026-07-29T13:21:40.290Z,-32,-18,957
1785331300300,2026-07-29T13:21:40.300Z,-160,13,901
1785331300310,2026-07-29T13:21:40.310Z,91,68,1054
1785331300320,2026-07-29T13:21:40.320Z,-72,78,968
1785331300330,2026-07-29T13:21:40.330Z,-98,-3,881
1785331300340,2026-07-29T13:21:40.340Z,-72,-61,955
1785331300350,2026-07-29T13:21:40.350Z,-72,-61,955
1785331300360,2026-07-29T13:21:40.360Z,-73,-198,1056
1785331300370,2026-07-29T13:21:40.370Z,-3,-144,977
1785331300380,2026-07-29T13:21:40.380Z,53,-97,948
1785331300390,2026-07-29T13:21:40.390Z,-36,-23,929
1785331300400,2026-07-29T13:21:40.400Z,-15,11,896
1785331300410,2026-07-29T13:21:40.410Z,20,32,904
1785331300420,2026-07-29T13:21:40.420Z,-145,36,902
1785331300430,2026-07-29T13:21:40.430Z,-87,8,970
1785331300440,2026-07-29T13:21:40.440Z,-51,-67,1018
1785331300450,2026-07-29T13:21:40.450Z,-157,-147,869
1785331300460,2026-07-29T13:21:40.460Z,-118,-100,850
1785331300470,2026-07-29T13:21:40.470Z,-43,-109,809
1785331300480,2026-07-29T13:21:40.480Z,-43,-109,809
1785331300490,2026-07-29T13:21:40.490Z,-15,-21,926
1785331300500,2026-07-29T13:21:40.500Z,156,-93,1023
1785331300510,2026-07-29T13:21:40.510Z,156,-93,1023
1785331300520,2026-07-29T13:21:40.520Z,130,-122,1005
1785331300530,2026-07-29T13:21:40.530Z,4,-137,845
1785331300540,2026-07-29T13:21:40.540Z,4,-137,845
1785331300550,2026-07-29T13:21:40.550Z,-22,-49,991
1785331300560,2026-07-29T13:21:40.560Z,-22,-49,991
1785331300570,2026-07-29T13:21:40.570Z,-79,-8,1004
1785331300580,2026-07-29T13:21:40.580Z,7,-37,1056
1785331300590,2026-07-29T13:21:40.590Z,7,-37,1056
1785331300600,2026-07-29T13:21:40.600Z,-259,-36,933
1785331300610,2026-07-29T13:21:40.610Z,-162,-92,882
1785331300620,2026-07-29T13:21:40.620Z,130,-81,1068
1785331300630,2026-07-29T13:21:40.630Z,-161,-99,988
1785331300640,2026-07-29T13:21:40.640Z,-97,-37,991
1785331300650,2026-07-29T13:21:40.650Z,-16,-31,1019
1785331300660,2026-07-29T13:21:40.660Z,-132,-22,1053
1785331300670,2026-07-29T13:21:40.670Z,-102,-59,1026
1785331300680,2026-07-29T13:21:40.680Z,-58,-148,1014
1785331300690,2026-07-29T13:21:40.690Z,-60,-128,1039
1785331300700,2026-07-29T13:21:40.700Z,47,-60,1072
1785331300710,2026-07-29T13:21:40.710Z,-5,-39,951
1785331300720,2026-07-29T13:21:40.720Z,126,21,937
1785331300730,2026-07-29T13:21:40.730Z,125,32,1097
1785331300740,2026-07-29T13:21:40.740Z,-145,24,936
1785331300750,2026-07-29T13:21:40.750Z,48,-35,977
1785331300760,2026-07-29T13:21:40.760Z,-144,-63,957
1785331300770,2026-07-29T13:21:40.770Z,-201,-26,938
1785331300780,2026-07-29T13:21:40.780Z,6,-35,1008
1785331300790,2026-07-29T13:21:40.790Z,75,139,1050
1785331300800,2026-07-29T13:21:40.800Z,75,139,1050
1785331300810,2026-07-29T13:21:40.810Z,180,82,1018
1785331300820,2026-07-29T13:21:40.820Z,18,57,890
1785331300830,2026-07-29T13:21:40.830Z,20,-17,936
1785331300840,2026-07-29T13:21:40.840Z,-36,-112,906
1785331300850,2026-07-29T13:21:40.850Z,-34,-150,1001
1785331300860,2026-07-29T13:21:40.860Z,-74,-121,1100
1785331300870,2026-07-29T13:21:40.870Z,-185,29,990
1785331300880,2026-07-29T13:21:40.880Z,-54,128,968
1785331300890,2026-07-29T13:21:40.890Z,24,206,942
1785331300900,2026-07-29T13:21:40.900Z,33,165,954
1785331300910,2026-07-29T13:21:40.910Z,-4,112,1004
1785331300920,2026-07-29T13:21:40.920Z,90,68,1001
1785331300930,2026-07-29T13:21:40.930Z,2,-95,969
1785331300940,2026-07-29T13:21:40.940Z,-15,-84,948
1785331300950,2026-07-29T13:21:40.950Z,-9,-93,990
1785331300960,2026-07-29T13:21:40.960Z,-22,-43,1017
1785331300970,2026-07-29T13:21:40.970Z,72,108,996
1785331300980,2026-07-29T13:21:40.980Z,-59,176,884
1785331300990,2026-07-29T13:21:40.990Z,-21,180,927
1785331301000,2026-07-29T13:21:41.000Z,-32,176,926
1785331301010,2026-07-29T13:21:41.010Z,37,-47,1043
1785331301020,2026-07-29T13:21:41.020Z,37,-47,1043
1785331301030,2026-07-29T13:21:41.030Z,-185,-133,890
1785331301040,2026-07-29T13:21:41.040Z,-173,-56,908
1785331301050,2026-07-29T13:21:41.050Z,-157,239,1019
1785331301060,2026-07-29T13:21:41.060Z,-163,338,1027
1785331301070,2026-07-29T13:21:41.070Z,-180,339,1075
1785331301080,2026-07-29T13:21:41.080Z,-213,299,956
1785331301090,2026-07-29T13:21:41.090Z,-213,299,956
1785331301100,2026-07-29T13:21:41.100Z,-148,224,859
1785331301110,2026-07-29T13:21:41.110Z,-358,229,771
1785331301120,2026-07-29T13:21:41.120Z,-121,269,750
1785331301130,2026-07-29T13:21:41.130Z,-37,749,1605
1785331301140,2026-07-29T13:21:41.140Z,396,181,812
1785331301150,2026-07-29T13:21:41.150Z,-752,240,-93
1785331301160,2026-07-29T13:21:41.160Z,-223,484,574
1785331301170,2026-07-29T13:21:41.170Z,191,249,1016
1785331301180,2026-07-29T13:21:41.180Z,-1553,85,665
1785331301190,2026-07-29T13:21:41.190Z,949,305,1369
1785331301200,2026-07-29T13:21:41.200Z,-721,686,450
1785331301210,2026-07-29T13:21:41.210Z,-649,539,378
1785331301220,2026-07-29T13:21:41.220Z,-620,957,1967
1785331301230,2026-07-29T13:21:41.230Z,-620,957,1967
1785331301240,2026-07-29T13:21:41.240Z,376,1533,1901
1785331301250,2026-07-29T13:21:41.250Z,-406,509,757
1785331301260,2026-07-29T13:21:41.260Z,558,512,625
1785331301270,2026-07-29T13:21:41.270Z,-880,1200,22
1785331301280,2026-07-29T13:21:41.280Z,646,1940,1201
1785331301290,2026-07-29T13:21:41.290Z,646,1940,1201
1785331301300,2026-07-29T13:21:41.300Z,1610,1489,1544
1785331301310,2026-07-29T13:21:41.310Z,-2077,1703,1053
1785331301320,2026-07-29T13:21:41.320Z,1628,1564,1150
1785331301330,2026-07-29T13:21:41.330Z,2115,-12,206
1785331301340,2026-07-29T13:21:41.340Z,-545,480,637
1785331301350,2026-07-29T13:21:41.350Z,-925,-354,939
1785331301360,2026-07-29T13:21:41.360Z,-881,-484,1486
1785331301370,2026-07-29T13:21:41.370Z,-1142,3703,842
1785331301380,2026-07-29T13:21:41.380Z,-3000,3248,-442
1785331301390,2026-07-29T13:21:41.390Z,621,2324,978
1785331301400,2026-07-29T13:21:41.400Z,961,1087,2368
1785331301410,2026-07-29T13:21:41.410Z,-2531,490,96
1785331301420,2026-07-29T13:21:41.420Z,-971,400,1296
1785331301430,2026-07-29T13:21:41.430Z,-427,900,1828
1785331301440,2026-07-29T13:21:41.440Z,-43,1012,962
1785331301450,2026-07-29T13:21:41.450Z,1563,928,1833
1785331301460,2026-07-29T13:21:41.460Z,-550,1029,1502
1785331301470,2026-07-29T13:21:41.470Z,-15,1049,1534
1785331301480,2026-07-29T13:21:41.480Z,-649,795,371
1785331301490,2026-07-29T13:21:41.490Z,-1066,-548,295
1785331301500,2026-07-29T13:21:41.500Z,-461,-706,845
1785331301510,2026-07-29T13:21:41.510Z,13,-81,1099
1785331301520,2026-07-29T13:21:41.520Z,-252,178,414
1785331301530,2026-07-29T13:21:41.530Z,451,-138,758
1785331301540,2026-07-29T13:21:41.540Z,451,-138,758
1785331301550,2026-07-29T13:21:41.550Z,-1146,-390,1362
1785331301560,2026-07-29T13:21:41.560Z,-1163,-233,1591
1785331301570,2026-07-29T13:21:41.570Z,-485,98,1218
1785331301580,2026-07-29T13:21:41.580Z,-348,305,514
1785331301590,2026-07-29T13:21:41.590Z,-348,305,514
1785331301600,2026-07-29T13:21:41.600Z,-99,459,926
1785331301610,2026-07-29T13:21:41.610Z,-579,478,868
1785331301620,2026-07-29T13:21:41.620Z,-596,-91,484
1785331301630,2026-07-29T13:21:41.630Z,-1046,-1939,304
1785331301640,2026-07-29T13:21:41.640Z,-1522,-2174,595
1785331301650,2026-07-29T13:21:41.650Z,79,-497,1008
1785331301660,2026-07-29T13:21:41.660Z,79,-497,1008
1785331301670,2026-07-29T13:21:41.670Z,79,-497,1008
1785331301680,2026-07-29T13:21:41.680Z,4,-231,1133
1785331301690,2026-07-29T13:21:41.690Z,-155,-788,1565
1785331301700,2026-07-29T13:21:41.700Z,-658,-1155,883
1785331301710,2026-07-29T13:21:41.710Z,-1099,-1547,568
1785331301720,2026-07-29T13:21:41.720Z,-923,-1226,1007
1785331301730,2026-07-29T13:21:41.730Z,-581,-291,982
1785331301740,2026-07-29T13:21:41.740Z,-479,177,736
1785331301750,2026-07-29T13:21:41.750Z,-610,502,839
1785331301760,2026-07-29T13:21:41.760Z,-185,361,1290
1785331301770,2026-07-29T13:21:41.770Z,-539,-735,1536
1785331301780,2026-07-29T13:21:41.780Z,-698,-1392,1113
1785331301790,2026-07-29T13:21:41.790Z,-690,-1144,1014
1785331301800,2026-07-29T13:21:41.800Z,-690,-1144,1014
1785331301810,2026-07-29T13:21:41.810Z,-273,-765,565
1785331301820,2026-07-29T13:21:41.820Z,-272,-805,595
1785331301830,2026-07-29T13:21:41.830Z,-318,-383,977
1785331301840,2026-07-29T13:21:41.840Z,-573,341,1369
1785331301850,2026-07-29T13:21:41.850Z,8,-285,1635
1785331301860,2026-07-29T13:21:41.860Z,-569,-283,1023
1785331301870,2026-07-29T13:21:41.870Z,-301,-342,782
1785331301880,2026-07-29T13:21:41.880Z,-287,-461,588
1785331301890,2026-07-29T13:21:41.890Z,-492,-98,679
1785331301900,2026-07-29T13:21:41.900Z,14,405,1173
1785331301910,2026-07-29T13:21:41.910Z,-186,532,1302
1785331301920,2026-07-29T13:21:41.920Z,-801,-19,884
1785331301930,2026-07-29T13:21:41.930Z,-810,54,1167
1785331301940,2026-07-29T13:21:41.940Z,-532,126,1247
1785331301950,2026-07-29T13:21:41.950Z,-612,55,793
1785331301960,2026-07-29T13:21:41.960Z,-427,-58,631
1785331301970,2026-07-29T13:21:41.970Z,-376,-154,595
1785331301980,2026-07-29T13:21:41.980Z,-197,-130,742
1785331301990,2026-07-29T13:21:41.990Z,-91,-67,974
1785331302000,2026-07-29T13:21:42.000Z,-194,444,1741
1785331302010,2026-07-29T13:21:42.010Z,-41,482,407
1785331302020,2026-07-29T13:21:42.020Z,-41,482,407
1785331302030,2026-07-29T13:21:42.030Z,-393,315,-192
1785331302040,2026-07-29T13:21:42.040Z,-878,389,302
1785331302050,2026-07-29T13:21:42.050Z,12,220,1322
1785331302060,2026-07-29T13:21:42.060Z,-145,316,1545
1785331302070,2026-07-29T13:21:42.070Z,283,515,1605
1785331302080,2026-07-29T13:21:42.080Z,-48,530,728
1785331302090,2026-07-29T13:21:42.090Z,-48,530,728
1785331302100,2026-07-29T13:21:42.100Z,-836,924,627
1785331302110,2026-07-29T13:21:42.110Z,-828,724,572
1785331302120,2026-07-29T13:21:42.120Z,-298,559,1219
1785331302130,2026-07-29T13:21:42.130Z,-9,517,1107
1785331302140,2026-07-29T13:21:42.140Z,-414,545,1107
1785331302150,2026-07-29T13:21:42.150Z,450,627,1310
1785331302160,2026-07-29T13:21:42.160Z,-305,353,716
1785331302170,2026-07-29T13:21:42.170Z,-210,328,943
1785331302180,2026-07-29T13:21:42.180Z,-657,240,869
1785331302190,2026-07-29T13:21:42.190Z,-420,-110,917
1785331302200,2026-07-29T13:21:42.200Z,-485,261,1178
1785331302210,2026-07-29T13:21:42.210Z,-725,403,1165
1785331302220,2026-07-29T13:21:42.220Z,-69,725,1183
1785331302230,2026-07-29T13:21:42.230Z,-69,725,1183
1785331302240,2026-07-29T13:21:42.240Z,-586,359,499
1785331302250,2026-07-29T13:21:42.250Z,-516,382,613
1785331302260,2026-07-29T13:21:42.260Z,-812,288,608
1785331302270,2026-07-29T13:21:42.270Z,-342,118,1006
1785331302280,2026-07-29T13:21:42.280Z,-276,269,1302
1785331302290,2026-07-29T13:21:42.290Z,-552,489,1713
1785331302300,2026-07-29T13:21:42.300Z,116,439,1861
1785331302310,2026-07-29T13:21:42.310Z,-489,212,981
1785331302320,2026-07-29T13:21:42.320Z,-523,27,791
1785331302330,2026-07-29T13:21:42.330Z,-665,-170,571
1785331302340,2026-07-29T13:21:42.340Z,-665,-170,571
1785331302350,2026-07-29T13:21:42.350Z,-314,-369,1652
1785331302360,2026-07-29T13:21:42.360Z,-314,-369,1652
1785331302370,2026-07-29T13:21:42.370Z,-80,101,1350
1785331302380,2026-07-29T13:21:42.380Z,-29,-65,773
1785331302390,2026-07-29T13:21:42.390Z,-310,-304,426
1785331302400,2026-07-29T13:21:42.400Z,-712,-483,637
1785331302410,2026-07-29T13:21:42.410Z,-1130,-477,849
1785331302420,2026-07-29T13:21:42.420Z,-556,-208,1472
1785331302430,2026-07-29T13:21:42.430Z,-122,83,1414
1785331302440,2026-07-29T13:21:42.440Z,76,263,1489
1785331302450,2026-07-29T13:21:42.450Z,-25,140,1172
1785331302460,2026-07-29T13:21:42.460Z,-300,9,897
1785331302470,2026-07-29T13:21:42.470Z,-602,-159,519
1785331302480,2026-07-29T13:21:42.480Z,-1296,-486,786
1785331302490,2026-07-29T13:21:42.490Z,-861,-456,1232
1785331302500,2026-07-29T13:21:42.500Z,-41,-115,1202
1785331302510,2026-07-29T13:21:42.510Z,-69,175,1061
1785331302520,2026-07-29T13:21:42.520Z,-75,134,1208
1785331302530,2026-07-29T13:21:42.530Z,13,-44,1336
1785331302540,2026-07-29T13:21:42.540Z,-677,-212,695
1785331302550,2026-07-29T13:21:42.550Z,-978,-416,521
1785331302560,2026-07-29T13:21:42.560Z,-1216,-499,705
1785331302570,2026-07-29T13:21:42.570Z,99,-113,1311
1785331302580,2026-07-29T13:21:42.580Z,311,268,1166
1785331302590,2026-07-29T13:21:42.590Z,-386,363,748
1785331302600,2026-07-29T13:21:42.600Z,266,156,1338
1785331302610,2026-07-29T13:21:42.610Z,266,156,1338
1785331302620,2026-07-29T13:21:42.620Z,-761,49,969
1785331302630,2026-07-29T13:21:42.630Z,-808,-11,915
1785331302640,2026-07-29T13:21:42.640Z,-938,217,430
1785331302650,2026-07-29T13:21:42.650Z,57,331,886
1785331302660,2026-07-29T13:21:42.660Z,-752,289,763
1785331302670,2026-07-29T13:21:42.670Z,-93,304,1724
1785331302680,2026-07-29T13:21:42.680Z,-239,659,1126
1785331302690,2026-07-29T13:21:42.690Z,-836,253,709
1785331302700,2026-07-29T13:21:42.700Z,-865,333,383
1785331302710,2026-07-29T13:21:42.710Z,-865,333,383
1785331302720,2026-07-29T13:21:42.720Z,-371,559,844
1785331302730,2026-07-29T13:21:42.730Z,-621,419,1345
1785331302740,2026-07-29T13:21:42.740Z,-115,511,1820
1785331302750,2026-07-29T13:21:42.750Z,-95,665,1430
1785331302760,2026-07-29T13:21:42.760Z,-432,71,565
1785331302770,2026-07-29T13:21:42.770Z,-715,8,493
1785331302780,2026-07-29T13:21:42.780Z,-747,80,549
1785331302790,2026-07-29T13:21:42.790Z,227,607,1493
1785331302800,2026-07-29T13:21:42.800Z,227,607,1493
1785331302810,2026-07-29T13:21:42.810Z,-17,930,1678
1785331302820,2026-07-29T13:21:42.820Z,-256,920,1164
1785331302830,2026-07-29T13:21:42.830Z,-187,393,625
1785331302840,2026-07-29T13:21:42.840Z,-782,95,727
1785331302850,2026-07-29T13:21:42.850Z,-996,274,854
1785331302860,2026-07-29T13:21:42.860Z,-996,274,854
1785331302870,2026-07-29T13:21:42.870Z,-330,436,1014
1785331302880,2026-07-29T13:21:42.880Z,-229,614,1688
1785331302890,2026-07-29T13:21:42.890Z,-223,528,1734
1785331302900,2026-07-29T13:21:42.900Z,220,403,1392
1785331302910,2026-07-29T13:21:42.910Z,-711,303,201
1785331302920,2026-07-29T13:21:42.920Z,-767,45,511
1785331302930,2026-07-29T13:21:42.930Z,-830,139,649
1785331302940,2026-07-29T13:21:42.940Z,-679,202,797
1785331302950,2026-07-29T13:21:42.950Z,-274,228,1163
1785331302960,2026-07-29T13:21:42.960Z,-690,350,1641
1785331302970,2026-07-29T13:21:42.970Z,286,404,2235
1785331302980,2026-07-29T13:21:42.980Z,286,404,2235
1785331302990,2026-07-29T13:21:42.990Z,-780,273,479
1785331303000,2026-07-29T13:21:43.000Z,-751,-207,616
1785331303010,2026-07-29T13:21:43.010Z,-751,-207,616
1785331303020,2026-07-29T13:21:43.020Z,-985,18,381
1785331303030,2026-07-29T13:21:43.030Z,-660,39,760
1785331303040,2026-07-29T13:21:43.040Z,466,64,2029
1785331303050,2026-07-29T13:21:43.050Z,-145,31,1542
1785331303060,2026-07-29T13:21:43.060Z,-223,-145,1092
1785331303070,2026-07-29T13:21:43.070Z,-64,-182,829
1785331303080,2026-07-29T13:21:43.080Z,-731,-240,583
1785331303090,2026-07-29T13:21:43.090Z,-731,-240,583
1785331303100,2026-07-29T13:21:43.100Z,-386,66,1209
1785331303110,2026-07-29T13:21:43.110Z,-448,145,1262
1785331303120,2026-07-29T13:21:43.120Z,-92,122,1012
1785331303130,2026-07-29T13:21:43.130Z,-375,-70,763
1785331303140,2026-07-29T13:21:43.140Z,-293,-220,745
1785331303150,2026-07-29T13:21:43.150Z,-444,9,1187
1785331303160,2026-07-29T13:21:43.160Z,-848,192,1241
1785331303170,2026-07-29T13:21:43.170Z,-186,142,1596
1785331303180,2026-07-29T13:21:43.180Z,-218,132,1222
1785331303190,2026-07-29T13:21:43.190Z,-652,54,884
1785331303200,2026-07-29T13:21:43.200Z,-248,-25,644
1785331303210,2026-07-29T13:21:43.210Z,-486,-296,934
1785331303220,2026-07-29T13:21:43.220Z,-486,-296,934
1785331303230,2026-07-29T13:21:43.230Z,-168,-372,1172
1785331303240,2026-07-29T13:21:43.240Z,-381,-157,1372
1785331303250,2026-07-29T13:21:43.250Z,-355,23,1235
1785331303260,2026-07-29T13:21:43.260Z,-285,188,1203
1785331303270,2026-07-29T13:21:43.270Z,-134,260,1015
1785331303280,2026-07-29T13:21:43.280Z,-428,17,752
1785331303290,2026-07-29T13:21:43.290Z,-781,-111,597
1785331303300,2026-07-29T13:21:43.300Z,-781,-111,597
1785331303310,2026-07-29T13:21:43.310Z,-786,-124,730
1785331303320,2026-07-29T13:21:43.320Z,-491,152,1069
1785331303330,2026-07-29T13:21:43.330Z,6,261,1522
1785331303340,2026-07-29T13:21:43.340Z,-358,221,1256
1785331303350,2026-07-29T13:21:43.350Z,-311,101,1088
1785331303360,2026-07-29T13:21:43.360Z,-337,59,531
1785331303370,2026-07-29T13:21:43.370Z,-279,7,628
1785331303380,2026-07-29T13:21:43.380Z,-412,-39,736
1785331303390,2026-07-29T13:21:43.390Z,-398,-44,868
1785331303400,2026-07-29T13:21:43.400Z,-420,-27,1153
1785331303410,2026-07-29T13:21:43.410Z,-486,-88,1139
1785331303420,2026-07-29T13:21:43.420Z,-227,-106,1146
1785331303430,2026-07-29T13:21:43.430Z,-384,-69,729
1785331303440,2026-07-29T13:21:43.440Z,-452,-37,699
1785331303450,2026-07-29T13:21:43.450Z,-518,66,722
1785331303460,2026-07-29T13:21:43.460Z,-444,134,754
1785331303470,2026-07-29T13:21:43.470Z,-394,181,979
1785331303480,2026-07-29T13:21:43.480Z,-455,73,1106
1785331303490,2026-07-29T13:21:43.490Z,-558,20,1149
1785331303500,2026-07-29T13:21:43.500Z,-608,133,1075
1785331303510,2026-07-29T13:21:43.510Z,-366,7,858
1785331303520,2026-07-29T13:21:43.520Z,-316,91,778
1785331303530,2026-07-29T13:21:43.530Z,-316,91,778
1785331303540,2026-07-29T13:21:43.540Z,-331,71,871
1785331303550,2026-07-29T13:21:43.550Z,-489,9,1114
1785331303560,2026-07-29T13:21:43.560Z,-431,-42,1127
1785331303570,2026-07-29T13:21:43.570Z,-521,12,1090
1785331303580,2026-07-29T13:21:43.580Z,-404,-91,945
1785331303590,2026-07-29T13:21:43.590Z,-404,-91,945
1785331303600,2026-07-29T13:21:43.600Z,-241,-19,827
1785331303610,2026-07-29T13:21:43.610Z,-521,12,732
1785331303620,2026-07-29T13:21:43.620Z,-416,17,965
1785331303630,2026-07-29T13:21:43.630Z,-483,-76,1261
1785331303640,2026-07-29T13:21:43.640Z,-403,-30,1296
1785331303650,2026-07-29T13:21:43.650Z,-552,73,1073
1785331303660,2026-07-29T13:21:43.660Z,-342,128,965
1785331303670,2026-07-29T13:21:43.670Z,-276,252,895
1785331303680,2026-07-29T13:21:43.680Z,-276,252,895
1785331303690,2026-07-29T13:21:43.690Z,-469,102,1047
1785331303700,2026-07-29T13:21:43.700Z,-519,-27,1153
1785331303710,2026-07-29T13:21:43.710Z,-444,-35,1269
1785331303720,2026-07-29T13:21:43.720Z,-484,14,888
1785331303730,2026-07-29T13:21:43.730Z,-484,14,888
1785331303740,2026-07-29T13:21:43.740Z,-192,107,914
1785331303750,2026-07-29T13:21:43.750Z,-444,176,904
1785331303760,2026-07-29T13:21:43.760Z,-638,105,916
1785331303770,2026-07-29T13:21:43.770Z,-371,56,1188
1785331303780,2026-07-29T13:21:43.780Z,-449,42,1323
1785331303790,2026-07-29T13:21:43.790Z,-465,-52,1069
1785331303800,2026-07-29T13:21:43.800Z,-465,-52,1069
1785331303810,2026-07-29T13:21:43.810Z,-284,109,878
1785331303820,2026-07-29T13:21:43.820Z,-383,236,858
1785331303830,2026-07-29T13:21:43.830Z,-507,142,905
1785331303840,2026-07-29T13:21:43.840Z,-397,128,1053
1785331303850,2026-07-29T13:21:43.850Z,-500,142,1186
1785331303860,2026-07-29T13:21:43.860Z,-277,205,1349
1785331303870,2026-07-29T13:21:43.870Z,-430,117,862
1785331303880,2026-07-29T13:21:43.880Z,-452,171,716
1785331303890,2026-07-29T13:21:43.890Z,-206,244,881
1785331303900,2026-07-29T13:21:43.900Z,-421,256,870
1785331303910,2026-07-29T13:21:43.910Z,-327,139,963
1785331303920,2026-07-29T13:21:43.920Z,-205,70,1304
1785331303930,2026-07-29T13:21:43.930Z,-253,32,1338
1785331303940,2026-07-29T13:21:43.940Z,-206,-6,1241
1785331303950,2026-07-29T13:21:43.950Z,-253,91,802
1785331303960,2026-07-29T13:21:43.960Z,-195,165,768
1785331303970,2026-07-29T13:21:43.970Z,-54,199,931
1785331303980,2026-07-29T13:21:43.980Z,-94,217,1165
1785331303990,2026-07-29T13:21:43.990Z,98,201,1370
1785331304000,2026-07-29T13:21:44.000Z,-19,146,1313
1785331304010,2026-07-29T13:21:44.010Z,-51,58,979
1785331304020,2026-07-29T13:21:44.020Z,-51,58,979
1785331304030,2026-07-29T13:21:44.030Z,-67,162,852
1785331304040,2026-07-29T13:21:44.040Z,210,162,1121
1785331304050,2026-07-29T13:21:44.050Z,119,154,1159
1785331304060,2026-07-29T13:21:44.060Z,284,163,1207
1785331304070,2026-07-29T13:21:44.070Z,275,135,1082
1785331304080,2026-07-29T13:21:44.080Z,298,66,1011
1785331304090,2026-07-29T13:21:44.090Z,298,66,1011
1785331304100,2026-07-29T13:21:44.100Z,182,48,891
1785331304110,2026-07-29T13:21:44.110Z,200,8,1051
1785331304120,2026-07-29T13:21:44.120Z,140,56,1062
1785331304130,2026-07-29T13:21:44.130Z,395,80,953
1785331304140,2026-07-29T13:21:44.140Z,165,93,751
1785331304150,2026-07-29T13:21:44.150Z,250,94,1068
1785331304160,2026-07-29T13:21:44.160Z,-95,54,847
1785331304170,2026-07-29T13:21:44.170Z,155,-5,913
1785331304180,2026-07-29T13:21:44.180Z,204,-46,873
1785331304190,2026-07-29T13:21:44.190Z,-17,-78,693
1785331304200,2026-07-29T13:21:44.200Z,-35,-24,698
1785331304210,2026-07-29T13:21:44.210Z,16,-2,714
1785331304220,2026-07-29T13:21:44.220Z,170,-5,813
1785331304230,2026-07-29T13:21:44.230Z,170,-5,813
1785331304240,2026-07-29T13:21:44.240Z,260,-19,817
1785331304250,2026-07-29T13:21:44.250Z,145,-53,694
1785331304260,2026-07-29T13:21:44.260Z,147,-100,666
1785331304270,2026-07-29T13:21:44.270Z,167,-35,799
1785331304280,2026-07-29T13:21:44.280Z,139,-37,781
1785331304290,2026-07-29T13:21:44.290Z,104,-59,803
1785331304300,2026-07-29T13:21:44.300Z,147,-49,768
1785331304310,2026-07-29T13:21:44.310Z,147,-49,768
1785331304320,2026-07-29T13:21:44.320Z,94,-55,704
1785331304330,2026-07-29T13:21:44.330Z,15,-59,796
1785331304340,2026-07-29T13:21:44.340Z,15,-59,796
1785331304350,2026-07-29T13:21:44.350Z,14,-60,905
1785331304360,2026-07-29T13:21:44.360Z,7,-60,911
1785331304370,2026-07-29T13:21:44.370Z,57,-32,920
1785331304380,2026-07-29T13:21:44.380Z,49,36,894
1785331304390,2026-07-29T13:21:44.390Z,98,24,910
1785331304400,2026-07-29T13:21:44.400Z,133,21,969
1785331304410,2026-07-29T13:21:44.410Z,73,33,950
1785331304420,2026-07-29T13:21:44.420Z,126,41,973
1785331304430,2026-07-29T13:21:44.430Z,109,37,1033
1785331304440,2026-07-29T13:21:44.440Z,73,62,1000
1785331304450,2026-07-29T13:21:44.450Z,52,66,960
1785331304460,2026-07-29T13:21:44.460Z,93,56,1003
1785331304470,2026-07-29T13:21:44.470Z,65,33,1035
1785331304480,2026-07-29T13:21:44.480Z,65,33,1035
1785331304490,2026-07-29T13:21:44.490Z,14,55,1015
1785331304500,2026-07-29T13:21:44.500Z,5,60,1046
1785331304510,2026-07-29T13:21:44.510Z,22,74,1044
1785331304520,2026-07-29T13:21:44.520Z,22,74,1044
1785331304530,2026-07-29T13:21:44.530Z,-32,130,954
1785331304540,2026-07-29T13:21:44.540Z,39,108,1022
1785331304550,2026-07-29T13:21:44.550Z,-43,126,999
1785331304560,2026-07-29T13:21:44.560Z,29,136,1045
1785331304570,2026-07-29T13:21:44.570Z,26,140,1089
1785331304580,2026-07-29T13:21:44.580Z,55,115,1090
1785331304590,2026-07-29T13:21:44.590Z,37,126,1010
1785331304600,2026-07-29T13:21:44.600Z,42,155,939
1785331304610,2026-07-29T13:21:44.610Z,63,118,1005
1785331304620,2026-07-29T13:21:44.620Z,33,122,1013
1785331304630,2026-07-29T13:21:44.630Z,9,122,1011
1785331304640,2026-07-29T13:21:44.640Z,-9,100,1044
1785331304650,2026-07-29T13:21:44.650Z,-7,72,1062
1785331304660,2026-07-29T13:21:44.660Z,-102,108,1002
1785331304670,2026-07-29T13:21:44.670Z,-96,143,1019
1785331304680,2026-07-29T13:21:44.680Z,-48,113,1076
1785331304690,2026-07-29T13:21:44.690Z,-91,132,1056
1785331304700,2026-07-29T13:21:44.700Z,-71,149,1040
1785331304710,2026-07-29T13:21:44.710Z,-95,109,1076
1785331304720,2026-07-29T13:21:44.720Z,-95,109,1076
1785331304730,2026-07-29T13:21:44.730Z,-116,102,1041
1785331304740,2026-07-29T13:21:44.740Z,-93,92,1073
1785331304750,2026-07-29T13:21:44.750Z,-93,92,1073
1785331304760,2026-07-29T13:21:44.760Z,-104,70,1058
1785331304770,2026-07-29T13:21:44.770Z,-72,70,1062
1785331304780,2026-07-29T13:21:44.780Z,-70,65,1074
1785331304790,2026-07-29T13:21:44.790Z,-31,46,1089
1785331304800,2026-07-29T13:21:44.800Z,-31,46,1089
1785331304810,2026-07-29T13:21:44.810Z,21,76,1050
1785331304820,2026-07-29T13:21:44.820Z,34,63,1072
1785331304830,2026-07-29T13:21:44.830Z,51,51,1014
1785331304840,2026-07-29T13:21:44.840Z,50,55,991
1785331304850,2026-07-29T13:21:44.850Z,38,55,1001
1785331304860,2026-07-29T13:21:44.860Z,92,29,1044
1785331304870,2026-07-29T13:21:44.870Z,104,45,992
1785331304880,2026-07-29T13:21:44.880Z,67,56,943
1785331304890,2026-07-29T13:21:44.890Z,75,29,945
1785331304900,2026-07-29T13:21:44.900Z,111,17,943
1785331304910,2026-07-29T13:21:44.910Z,97,24,902
1785331304920,2026-07-29T13:21:44.920Z,91,13,907
1785331304930,2026-07-29T13:21:44.930Z,126,-11,930
1785331304940,2026-07-29T13:21:44.940Z,110,7,884
1785331304950,2026-07-29T13:21:44.950Z,96,16,866
1785331304960,2026-07-29T13:21:44.960Z,99,5,878
1785331304970,2026-07-29T13:21:44.970Z,133,5,874
1785331304980,2026-07-29T13:21:44.980Z,100,5,840
1785331304990,2026-07-29T13:21:44.990Z,111,3,857
1785331305000,2026-07-29T13:21:45.000Z,148,-17,879
1785331305010,2026-07-29T13:21:45.010Z,105,-13,851
1785331305020,2026-07-29T13:21:45.020Z,136,-9,849
1785331305030,2026-07-29T13:21:45.030Z,82,1,830
1785331305040,2026-07-29T13:21:45.040Z,104,-9,867
1785331305050,2026-07-29T13:21:45.050Z,74,5,852
1785331305060,2026-07-29T13:21:45.060Z,80,13,842
1785331305070,2026-07-29T13:21:45.070Z,102,-13,896
1785331305080,2026-07-29T13:21:45.080Z,64,1,893
1785331305090,2026-07-29T13:21:45.090Z,50,24,888
1785331305100,2026-07-29T13:21:45.100Z,59,14,930
1785331305110,2026-07-29T13:21:45.110Z,59,14,930
1785331305120,2026-07-29T13:21:45.120Z,32,46,897
1785331305130,2026-07-29T13:21:45.130Z,52,56,889
1785331305140,2026-07-29T13:21:45.140Z,43,44,911
1785331305150,2026-07-29T13:21:45.150Z,11,35,955
1785331305160,2026-07-29T13:21:45.160Z,21,47,952
1785331305170,2026-07-29T13:21:45.170Z,3,49,954
1785331305180,2026-07-29T13:21:45.180Z,25,29,1010
1785331305190,2026-07-29T13:21:45.190Z,-34,68,964
1785331305200,2026-07-29T13:21:45.200Z,-22,64,985
1785331305210,2026-07-29T13:21:45.210Z,-22,64,985
1785331305220,2026-07-29T13:21:45.220Z,-27,70,1019
1785331305230,2026-07-29T13:21:45.230Z,-27,70,1019
1785331305240,2026-07-29T13:21:45.240Z,-4,82,1009
1785331305250,2026-07-29T13:21:45.250Z,20,61,1077
1785331305260,2026-07-29T13:21:45.260Z,5,76,1056
1785331305270,2026-07-29T13:21:45.270Z,38,104,997
1785331305280,2026-07-29T13:21:45.280Z,46,73,1074
1785331305290,2026-07-29T13:21:45.290Z,46,73,1074
1785331305300,2026-07-29T13:21:45.300Z,34,78,1010
1785331305310,2026-07-29T13:21:45.310Z,34,78,1010
1785331305320,2026-07-29T13:21:45.320Z,28,57,1070
1785331305330,2026-07-29T13:21:45.330Z,-6,66,1038
1785331305340,2026-07-29T13:21:45.340Z,-10,84,984
1785331305350,2026-07-29T13:21:45.350Z,-8,78,994
1785331305360,2026-07-29T13:21:45.360Z,15,66,1040
1785331305370,2026-07-29T13:21:45.370Z,-21,70,1007
1785331305380,2026-07-29T13:21:45.380Z,-6,76,980
1785331305390,2026-07-29T13:21:45.390Z,33,60,1038
1785331305400,2026-07-29T13:21:45.400Z,-1,97,971
1785331305410,2026-07-29T13:21:45.410Z,-1,97,971
1785331305420,2026-07-29T13:21:45.420Z,26,93,986
1785331305430,2026-07-29T13:21:45.430Z,15,78,1008
1785331305440,2026-07-29T13:21:45.440Z,12,78,986
1785331305450,2026-07-29T13:21:45.450Z,32,91,964
1785331305460,2026-07-29T13:21:45.460Z,33,60,1038
1785331305470,2026-07-29T13:21:45.470Z,23,64,1019
1785331305480,2026-07-29T13:21:45.480Z,16,78,973
1785331305490,2026-07-29T13:21:45.490Z,7,89,945
1785331305500,2026-07-29T13:21:45.500Z,17,62,1023
1785331305510,2026-07-29T13:21:45.510Z,-8,66,994
1785331305520,2026-07-29T13:21:45.520Z,49,72,984
1785331305530,2026-07-29T13:21:45.530Z,-12,82,975
1785331305540,2026-07-29T13:21:45.540Z,0,62,1021
1785331305550,2026-07-29T13:21:45.550Z,24,70,990
1785331305560,2026-07-29T13:21:45.560Z,9,76,959
1785331305570,2026-07-29T13:21:45.570Z,9,76,959
1785331305580,2026-07-29T13:21:45.580Z,13,39,998
1785331305590,2026-07-29T13:21:45.590Z,29,47,971
1785331305600,2026-07-29T13:21:45.600Z,35,41,977
1785331305610,2026-07-29T13:21:45.610Z,51,12,1014
1785331305620,2026-07-29T13:21:45.620Z,49,39,974
1785331305630,2026-07-29T13:21:45.630Z,33,51,957
1785331305640,2026-07-29T13:21:45.640Z,62,33,988
1785331305650,2026-07-29T13:21:45.650Z,45,19,987
1785331305660,2026-07-29T13:21:45.660Z,46,40,930
1785331305670,2026-07-29T13:21:45.670Z,69,31,937
1785331305680,2026-07-29T13:21:45.680Z,80,8,964
1785331305690,2026-07-29T13:21:45.690Z,80,8,964
1785331305700,2026-07-29T13:21:45.700Z,71,36,920
1785331305710,2026-07-29T13:21:45.710Z,82,17,951
1785331305720,2026-07-29T13:21:45.720Z,79,8,953
1785331305730,2026-07-29T13:21:45.730Z,65,24,913
1785331305740,2026-07-29T13:21:45.740Z,57,28,888
1785331305750,2026-07-29T13:21:45.750Z,73,18,925
1785331305760,2026-07-29T13:21:45.760Z,73,18,925
1785331305770,2026-07-29T13:21:45.770Z,78,40,901
1785331305780,2026-07-29T13:21:45.780Z,78,26,915
1785331305790,2026-07-29T13:21:45.790Z,50,42,901
1785331305800,2026-07-29T13:21:45.800Z,50,42,901
1785331305810,2026-07-29T13:21:45.810Z,74,42,874
1785331305820,2026-07-29T13:21:45.820Z,78,26,928
1785331305830,2026-07-29T13:21:45.830Z,55,44,917
1785331305840,2026-07-29T13:21:45.840Z,66,50,898
1785331305850,2026-07-29T13:21:45.850Z,66,50,898
1785331305860,2026-07-29T13:21:45.860Z,59,39,963
1785331305870,2026-07-29T13:21:45.870Z,26,56,928
1785331305880,2026-07-29T13:21:45.880Z,47,69,893
1785331305890,2026-07-29T13:21:45.890Z,26,57,901
1785331305900,2026-07-29T13:21:45.900Z,26,62,954
1785331305910,2026-07-29T13:21:45.910Z,20,64,939
1785331305920,2026-07-29T13:21:45.920Z,30,62,951
1785331305930,2026-07-29T13:21:45.930Z,38,43,1003
1785331305940,2026-07-29T13:21:45.940Z,-14,68,969
1785331305950,2026-07-29T13:21:45.950Z,34,76,956
1785331305960,2026-07-29T13:21:45.960Z,-14,82,965
1785331305970,2026-07-29T13:21:45.970Z,30,76,1023
1785331305980,2026-07-29T13:21:45.980Z,7,89,986
1785331305990,2026-07-29T13:21:45.990Z,5,87,1001
1785331306000,2026-07-29T13:21:46.000Z,21,66,1056
1785331306010,2026-07-29T13:21:46.010Z,21,66,1056
1785331306020,2026-07-29T13:21:46.020Z,19,76,1001
1785331306030,2026-07-29T13:21:46.030Z,-19,70,1008
1785331306040,2026-07-29T13:21:46.040Z,9,68,1053
1785331306050,2026-07-29T13:21:46.050Z,4,76,1021
1785331306060,2026-07-29T13:21:46.060Z,-12,72,1011
1785331306070,2026-07-29T13:21:46.070Z,-12,72,1011
1785331306080,2026-07-29T13:21:46.080Z,23,62,1057
1785331306090,2026-07-29T13:21:46.090Z,-10,68,1003
1785331306100,2026-07-29T13:21:46.100Z,-2,68,1009
1785331306110,2026-07-29T13:21:46.110Z,21,64,1041
1785331306120,2026-07-29T13:21:46.120Z,-3,72,1001
1785331306130,2026-07-29T13:21:46.130Z,54,68,991
1785331306140,2026-07-29T13:21:46.140Z,62,41,1047
1785331306150,2026-07-29T13:21:46.150Z,1,49,1015
1785331306160,2026-07-29T13:21:46.160Z,1,49,1015
1785331306170,2026-07-29T13:21:46.170Z,21,64,968
1785331306180,2026-07-29T13:21:46.180Z,24,60,1003
1785331306190,2026-07-29T13:21:46.190Z,-4,62,963
1785331306200,2026-07-29T13:21:46.200Z,57,66,958
1785331306210,2026-07-29T13:21:46.210Z,-5,60,952
1785331306220,2026-07-29T13:21:46.220Z,-4,43,985
1785331306230,2026-07-29T13:21:46.230Z,-4,43,985
1785331306240,2026-07-29T13:21:46.240Z,0,47,940
1785331306250,2026-07-29T13:21:46.250Z,52,29,992
1785331306260,2026-07-29T13:21:46.260Z,36,47,952
1785331306270,2026-07-29T13:21:46.270Z,33,48,932
1785331306280,2026-07-29T13:21:46.280Z,47,41,962
1785331306290,2026-07-29T13:21:46.290Z,47,41,962
1785331306300,2026-07-29T13:21:46.300Z,30,37,949
1785331306310,2026-07-29T13:21:46.310Z,40,41,947
1785331306320,2026-07-29T13:21:46.320Z,38,19,983
1785331306330,2026-07-29T13:21:46.330Z,39,46,935
1785331306340,2026-07-29T13:21:46.340Z,39,46,935
1785331306350,2026-07-29T13:21:46.350Z,16,29,939
1785331306360,2026-07-29T13:21:46.360Z,91,15,998
1785331306370,2026-07-29T13:21:46.370Z,29,25,957
1785331306380,2026-07-29T13:21:46.380Z,51,31,953
1785331306390,2026-07-29T13:21:46.390Z,54,23,991
1785331306400,2026-07-29T13:21:46.400Z,46,39,972
1785331306410,2026-07-29T13:21:46.410Z,46,39,972
1785331306420,2026-07-29T13:21:46.420Z,21,40,928
1785331306430,2026-07-29T13:21:46.430Z,93,29,979
1785331306440,2026-07-29T13:21:46.440Z,31,35,947
1785331306450,2026-07-29T13:21:46.450Z,64,33,948
1785331306460,2026-07-29T13:21:46.460Z,56,13,984
1785331306470,2026-07-29T13:21:46.470Z,50,33,963
1785331306480,2026-07-29T13:21:46.480Z,31,52,923
1785331306490,2026-07-29T13:21:46.490Z,62,61,916
1785331306500,2026-07-29T13:21:46.500Z,95,41,972
1785331306510,2026-07-29T13:21:46.510Z,21,50,933
1785331306520,2026-07-29T13:21:46.520Z,30,40,933
1785331306530,2026-07-29T13:21:46.530Z,30,40,933
1785331306540,2026-07-29T13:21:46.540Z,38,45,956
1785331306550,2026-07-29T13:21:46.550Z,39,63,927
1785331306560,2026-07-29T13:21:46.560Z,37,71,895
1785331306570,2026-07-29T13:21:46.570Z,37,56,936
1785331306580,2026-07-29T13:21:46.580Z,29,68,946
1785331306590,2026-07-29T13:21:46.590Z,58,71,934
1785331306600,2026-07-29T13:21:46.600Z,27,58,950
1785331306610,2026-07-29T13:21:46.610Z,36,83,933
1785331306620,2026-07-29T13:21:46.620Z,36,83,933
1785331306630,2026-07-29T13:21:46.630Z,20,68,964
1785331306640,2026-07-29T13:21:46.640Z,20,68,964
1785331306650,2026-07-29T13:21:46.650Z,20,68,964
1785331306660,2026-07-29T13:21:46.660Z,46,80,940
1785331306670,2026-07-29T13:21:46.670Z,24,58,972
1785331306680,2026-07-29T13:21:46.680Z,49,56,1024
1785331306690,2026-07-29T13:21:46.690Z,3,76,982
1785331306700,2026-07-29T13:21:46.700Z,20,89,951
1785331306710,2026-07-29T13:21:46.710Z,21,68,1000
1785331306720,2026-07-29T13:21:46.720Z,14,87,976
1785331306730,2026-07-29T13:21:46.730Z,14,87,976
1785331306740,2026-07-29T13:21:46.740Z,34,64,1001
1785331306750,2026-07-29T13:21:46.750Z,24,60,1040
1785331306760,2026-07-29T13:21:46.760Z,21,74,1006
1785331306770,2026-07-29T13:21:46.770Z,10,82,970
1785331306780,2026-07-29T13:21:46.780Z,17,66,1027
1785331306790,2026-07-29T13:21:46.790Z,10,78,1024
1785331306800,2026-07-29T13:21:46.800Z,-27,80,969
1785331306810,2026-07-29T13:21:46.810Z,2,66,1003
1785331306820,2026-07-29T13:21:46.820Z,47,66,1055
1785331306830,2026-07-29T13:21:46.830Z,0,74,1006
1785331306840,2026-07-29T13:21:46.840Z,34,74,979
1785331306850,2026-07-29T13:21:46.850Z,42,53,1037
1785331306860,2026-07-29T13:21:46.860Z,12,60,1027
1785331306870,2026-07-29T13:21:46.870Z,-16,58,979
1785331306880,2026-07-29T13:21:46.880Z,24,62,967
1785331306890,2026-07-29T13:21:46.890Z,50,39,1035
1785331306900,2026-07-29T13:21:46.900Z,-5,55,993
1785331306910,2026-07-29T13:21:46.910Z,47,56,983
1785331306920,2026-07-29T13:21:46.920Z,16,58,972
1785331306930,2026-07-29T13:21:46.930Z,12,51,1001
1785331306940,2026-07-29T13:21:46.940Z,-2,63,930
1785331306950,2026-07-29T13:21:46.950Z,-2,63,930
1785331306960,2026-07-29T13:21:46.960Z,-2,63,930
1785331306970,2026-07-29T13:21:46.970Z,26,41,990
1785331306980,2026-07-29T13:21:46.980Z,58,49,965
1785331306990,2026-07-29T13:21:46.990Z,6,45,955
1785331307000,2026-07-29T13:21:47.000Z,83,23,1016
1785331307010,2026-07-29T13:21:47.010Z,20,33,979
1785331307020,2026-07-29T13:21:47.020Z,21,50,920
1785331307030,2026-07-29T13:21:47.030Z,40,33,961
1785331307040,2026-07-29T13:21:47.040Z,41,37,972
1785331307050,2026-07-29T13:21:47.050Z,45,39,947
1785331307060,2026-07-29T13:21:47.060Z,34,31,955
1785331307070,2026-07-29T13:21:47.070Z,54,12,995
1785331307080,2026-07-29T13:21:47.080Z,21,21,968
1785331307090,2026-07-29T13:21:47.090Z,36,38,916
1785331307100,2026-07-29T13:21:47.100Z,24,15,950
1785331307110,2026-07-29T13:21:47.110Z,21,29,942
1785331307120,2026-07-29T13:21:47.120Z,21,29,942
1785331307130,2026-07-29T13:21:47.130Z,32,23,963
1785331307140,2026-07-29T13:21:47.140Z,70,8,1007
1785331307150,2026-07-29T13:21:47.150Z,28,21,972
1785331307160,2026-07-29T13:21:47.160Z,50,33,945
1785331307170,2026-07-29T13:21:47.170Z,41,12,954
1785331307180,2026-07-29T13:21:47.180Z,56,12,966
1785331307190,2026-07-29T13:21:47.190Z,35,25,945
1785331307200,2026-07-29T13:21:47.200Z,53,30,934
1785331307210,2026-07-29T13:21:47.210Z,61,0,998
1785331307220,2026-07-29T13:21:47.220Z,27,19,971
1785331307230,2026-07-29T13:21:47.230Z,42,37,943
1785331307240,2026-07-29T13:21:47.240Z,22,50,918
1785331307250,2026-07-29T13:21:47.250Z,34,39,964
1785331307260,2026-07-29T13:21:47.260Z,31,53,940
1785331307270,2026-07-29T13:21:47.270Z,53,56,929
1785331307280,2026-07-29T13:21:47.280Z,39,33,958
1785331307290,2026-07-29T13:21:47.290Z,26,37,977
1785331307300,2026-07-29T13:21:47.300Z,26,37,977
1785331307310,2026-07-29T13:21:47.310Z,15,57,919
1785331307320,2026-07-29T13:21:47.320Z,47,41,975
1785331307330,2026-07-29T13:21:47.330Z,21,66,952
1785331307340,2026-07-29T13:21:47.340Z,32,66,938
1785331307350,2026-07-29T13:21:47.350Z,32,66,938
1785331307360,2026-07-29T13:21:47.360Z,37,45,1009
1785331307370,2026-07-29T13:21:47.370Z,30,74,950
1785331307380,2026-07-29T13:21:47.380Z,9,83,931
1785331307390,2026-07-29T13:21:47.390Z,29,66,990
1785331307400,2026-07-29T13:21:47.400Z,19,80,992
1785331307410,2026-07-29T13:21:47.410Z,3,93,954
1785331307420,2026-07-29T13:21:47.420Z,8,74,966
1785331307430,2026-07-29T13:21:47.430Z,51,60,1028
1785331307440,2026-07-29T13:21:47.440Z,6,64,1003
1785331307450,2026-07-29T13:21:47.450Z,18,89,959
1785331307460,2026-07-29T13:21:47.460Z,31,78,1021
1785331307470,2026-07-29T13:21:47.470Z,10,97,1009
1785331307480,2026-07-29T13:21:47.480Z,3,97,962
1785331307490,2026-07-29T13:21:47.490Z,37,87,983
1785331307500,2026-07-29T13:21:47.500Z,41,70,1030
1785331307510,2026-07-29T13:21:47.510Z,22,72,1011
1785331307520,2026-07-29T13:21:47.520Z,20,70,970
1785331307530,2026-07-29T13:21:47.530Z,28,70,1022
1785331307540,2026-07-29T13:21:47.540Z,10,80,1015
1785331307550,2026-07-29T13:21:47.550Z,2,97,964
1785331307560,2026-07-29T13:21:47.560Z,11,98,947
1785331307570,2026-07-29T13:21:47.570Z,38,68,1022
1785331307580,2026-07-29T13:21:47.580Z,43,68,1012
1785331307590,2026-07-29T13:21:47.590Z,21,70,963
1785331307600,2026-07-29T13:21:47.600Z,43,72,965
1785331307610,2026-07-29T13:21:47.610Z,29,68,1017
1785331307620,2026-07-29T13:21:47.620Z,-3,76,961
1785331307630,2026-07-29T13:21:47.630Z,19,81,928
1785331307640,2026-07-29T13:21:47.640Z,11,62,951
1785331307650,2026-07-29T13:21:47.650Z,13,55,989
1785331307660,2026-07-29T13:21:47.660Z,46,53,977
1785331307670,2026-07-29T13:21:47.670Z,28,58,955
1785331307680,2026-07-29T13:21:47.680Z,57,53,1006
1785331307690,2026-07-29T13:21:47.690Z,17,70,956
1785331307700,2026-07-29T13:21:47.700Z,26,79,924
1785331307710,2026-07-29T13:21:47.710Z,18,60,946
1785331307720,2026-07-29T13:21:47.720Z,60,45,992
1785331307730,2026-07-29T13:21:47.730Z,42,33,957
1785331307740,2026-07-29T13:21:47.740Z,26,37,952
1785331307750,2026-07-29T13:21:47.750Z,64,25,1000
1785331307760,2026-07-29T13:21:47.760Z,64,25,1000
1785331307770,2026-07-29T13:21:47.770Z,11,59,921
1785331307780,2026-07-29T13:21:47.780Z,11,59,921
1785331307790,2026-07-29T13:21:47.790Z,35,29,981
1785331307800,2026-07-29T13:21:47.800Z,31,33,961
1785331307810,2026-07-29T13:21:47.810Z,37,31,946
1785331307820,2026-07-29T13:21:47.820Z,50,19,998
1785331307830,2026-07-29T13:21:47.830Z,34,35,951
1785331307840,2026-07-29T13:21:47.840Z,34,35,951
1785331307850,2026-07-29T13:21:47.850Z,41,31,954
1785331307860,2026-07-29T13:21:47.860Z,25,23,974
1785331307870,2026-07-29T13:21:47.870Z,47,27,966
1785331307880,2026-07-29T13:21:47.880Z,29,29,939
1785331307890,2026-07-29T13:21:47.890Z,48,12,1001
1785331307900,2026-07-29T13:21:47.900Z,44,25,981
1785331307910,2026-07-29T13:21:47.910Z,24,37,946
1785331307920,2026-07-29T13:21:47.920Z,48,48,935
1785331307930,2026-07-29T13:21:47.930Z,13,29,950
1785331307940,2026-07-29T13:21:47.940Z,13,29,950
1785331307950,2026-07-29T13:21:47.950Z,63,33,950
1785331307960,2026-07-29T13:21:47.960Z,16,39,939
1785331307970,2026-07-29T13:21:47.970Z,36,27,984
1785331307980,2026-07-29T13:21:47.980Z,36,41,956
1785331307990,2026-07-29T13:21:47.990Z,37,49,943
1785331308000,2026-07-29T13:21:48.000Z,25,33,969
1785331308010,2026-07-29T13:21:48.010Z,37,39,968
1785331308020,2026-07-29T13:21:48.020Z,19,45,938
1785331308030,2026-07-29T13:21:48.030Z,19,45,938
1785331308040,2026-07-29T13:21:48.040Z,55,23,1000
1785331308050,2026-07-29T13:21:48.050Z,33,47,966
1785331308060,2026-07-29T13:21:48.060Z,26,58,942
1785331308070,2026-07-29T13:21:48.070Z,34,39,979
1785331308080,2026-07-29T13:21:48.080Z,18,37,998
1785331308090,2026-07-29T13:21:48.090Z,28,62,938
1785331308100,2026-07-29T13:21:48.100Z,28,60,948
1785331308110,2026-07-29T13:21:48.110Z,48,51,1006
1785331308120,2026-07-29T13:21:48.120Z,33,56,999
1785331308130,2026-07-29T13:21:48.130Z,12,70,939
1785331308140,2026-07-29T13:21:48.140Z,50,53,991
1785331308150,2026-07-29T13:21:48.150Z,2,51,1001
1785331308160,2026-07-29T13:21:48.160Z,36,60,984
1785331308170,2026-07-29T13:21:48.170Z,23,64,948
1785331308180,2026-07-29T13:21:48.180Z,36,49,1002
1785331308190,2026-07-29T13:21:48.190Z,32,60,1000
1785331308200,2026-07-29T13:21:48.200Z,20,68,970
1785331308210,2026-07-29T13:21:48.210Z,30,64,1001
1785331308220,2026-07-29T13:21:48.220Z,20,62,1016
1785331308230,2026-07-29T13:21:48.230Z,20,62,1016
1785331308240,2026-07-29T13:21:48.240Z,23,87,938
1785331308250,2026-07-29T13:21:48.250Z,47,64,1008
1785331308260,2026-07-29T13:21:48.260Z,18,70,989
1785331308270,2026-07-29T13:21:48.270Z,35,62,972
1785331308280,2026-07-29T13:21:48.280Z,13,72,956
1785331308290,2026-07-29T13:21:48.290Z,17,60,1018
1785331308300,2026-07-29T13:21:48.300Z,17,60,1018
1785331308310,2026-07-29T13:21:48.310Z,21,84,938
1785331308320,2026-07-29T13:21:48.320Z,11,78,947
1785331308330,2026-07-29T13:21:48.330Z,30,78,995
1785331308340,2026-07-29T13:21:48.340Z,48,72,967
1785331308350,2026-07-29T13:21:48.350Z,18,68,950
1785331308360,2026-07-29T13:21:48.360Z,76,49,1013
1785331308370,2026-07-29T13:21:48.370Z,28,64,976
1785331308380,2026-07-29T13:21:48.380Z,18,71,927
1785331308390,2026-07-29T13:21:48.390Z,37,64,946
1785331308400,2026-07-29T13:21:48.400Z,23,60,978
1785331308410,2026-07-29T13:21:48.410Z,35,70,954
1785331308420,2026-07-29T13:21:48.420Z,51,68,966
1785331308430,2026-07-29T13:21:48.430Z,49,47,1000
1785331308440,2026-07-29T13:21:48.440Z,35,58,1004
1785331308450,2026-07-29T13:21:48.450Z,26,75,919
1785331308460,2026-07-29T13:21:48.460Z,33,58,943
1785331308470,2026-07-29T13:21:48.470Z,38,51,988
1785331308480,2026-07-29T13:21:48.480Z,45,62,948
1785331308490,2026-07-29T13:21:48.490Z,45,62,948
1785331308500,2026-07-29T13:21:48.500Z,76,29,1013
1785331308510,2026-07-29T13:21:48.510Z,30,45,1008
1785331308520,2026-07-29T13:21:48.520Z,20,74,967
1785331308530,2026-07-29T13:21:48.530Z,25,72,960
1785331308540,2026-07-29T13:21:48.540Z,25,72,960
1785331308550,2026-07-29T13:21:48.550Z,19,82,953
1785331308560,2026-07-29T13:21:48.560Z,47,76,937
1785331308570,2026-07-29T13:21:48.570Z,57,25,1001
1785331308580,2026-07-29T13:21:48.580Z,23,37,978
1785331308590,2026-07-29T13:21:48.590Z,23,37,978
1785331308600,2026-07-29T13:21:48.600Z,41,50,936
1785331308610,2026-07-29T13:21:48.610Z,23,25,978
1785331308620,2026-07-29T13:21:48.620Z,6,39,941
1785331308630,2026-07-29T13:21:48.630Z,52,29,946
1785331308640,2026-07-29T13:21:48.640Z,36,-14,984
1785331308650,2026-07-29T13:21:48.650Z,51,4,989
1785331308660,2026-07-29T13:21:48.660Z,31,17,952
1785331308670,2026-07-29T13:21:48.670Z,31,31,940
1785331308680,2026-07-29T13:21:48.680Z,39,19,973
1785331308690,2026-07-29T13:21:48.690Z,44,58,958
1785331308700,2026-07-29T13:21:48.700Z,46,58,943
1785331308710,2026-07-29T13:21:48.710Z,9,41,945
1785331308720,2026-07-29T13:21:48.720Z,55,17,991
1785331308730,2026-07-29T13:21:48.730Z,52,25,983
1785331308740,2026-07-29T13:21:48.740Z,13,13,954
1785331308750,2026-07-29T13:21:48.750Z,39,-2,977
1785331308760,2026-07-29T13:21:48.760Z,26,17,963
1785331308770,2026-07-29T13:21:48.770Z,33,39,948
1785331308780,2026-07-29T13:21:48.780Z,30,23,960
1785331308790,2026-07-29T13:21:48.790Z,56,13,998
1785331308800,2026-07-29T13:21:48.800Z,53,23,976
1785331308810,2026-07-29T13:21:48.810Z,53,23,976
1785331308820,2026-07-29T13:21:48.820Z,43,15,1001
1785331308830,2026-07-29T13:21:48.830Z,53,35,1001
1785331308840,2026-07-29T13:21:48.840Z,34,72,951
1785331308850,2026-07-29T13:21:48.850Z,34,72,951
1785331308860,2026-07-29T13:21:48.860Z,57,56,1015
1785331308870,2026-07-29T13:21:48.870Z,54,64,1009
1785331308880,2026-07-29T13:21:48.880Z,27,72,957
1785331308890,2026-07-29T13:21:48.890Z,43,51,1006
1785331308900,2026-07-29T13:21:48.900Z,44,47,1034
1785331308910,2026-07-29T13:21:48.910Z,11,60,983
1785331308920,2026-07-29T13:21:48.920Z,14,70,948
1785331308930,2026-07-29T13:21:48.930Z,58,60,1018
1785331308940,2026-07-29T13:21:48.940Z,20,62,999
1785331308950,2026-07-29T13:21:48.950Z,27,60,966
1785331308960,2026-07-29T13:21:48.960Z,44,68,963
1785331308970,2026-07-29T13:21:48.970Z,18,55,1015
1785331308980,2026-07-29T13:21:48.980Z,-7,72,974
1785331308990,2026-07-29T13:21:48.990Z,21,80,945
1785331309000,2026-07-29T13:21:49.000Z,13,66,993
1785331309010,2026-07-29T13:21:49.010Z,22,60,963
1785331309020,2026-07-29T13:21:49.020Z,22,60,963
1785331309030,2026-07-29T13:21:49.030Z,22,60,963
1785331309040,2026-07-29T13:21:49.040Z,30,53,1006
1785331309050,2026-07-29T13:21:49.050Z,-1,56,962
1785331309060,2026-07-29T13:21:49.060Z,33,60,957
1785331309070,2026-07-29T13:21:49.070Z,-21,64,952
1785331309080,2026-07-29T13:21:49.080Z,9,51,987
1785331309090,2026-07-29T13:21:49.090Z,17,55,956
1785331309100,2026-07-29T13:21:49.100Z,17,55,956
1785331309110,2026-07-29T13:21:49.110Z,31,29,993
1785331309120,2026-07-29T13:21:49.120Z,-1,53,966
1785331309130,2026-07-29T13:21:49.130Z,16,49,939
1785331309140,2026-07-29T13:21:49.140Z,-5,47,946
1785331309150,2026-07-29T13:21:49.150Z,29,33,994
1785331309160,2026-07-29T13:21:49.160Z,-6,54,924
1785331309170,2026-07-29T13:21:49.170Z,-6,54,924
1785331309180,2026-07-29T13:21:49.180Z,21,47,995
1785331309190,2026-07-29T13:21:49.190Z,21,47,995
1785331309200,2026-07-29T13:21:49.200Z,12,60,971
1785331309210,2026-07-29T13:21:49.210Z,31,45,993
1785331309220,2026-07-29T13:21:49.220Z,31,45,993
1785331309230,2026-07-29T13:21:49.230Z,-1,57,924
1785331309240,2026-07-29T13:21:49.240Z,-1,57,924
1785331309250,2026-07-29T13:21:49.250Z,22,41,965
1785331309260,2026-07-29T13:21:49.260Z,24,39,994
1785331309270,2026-07-29T13:21:49.270Z,36,56,978
1785331309280,2026-07-29T13:21:49.280Z,13,64,959
1785331309290,2026-07-29T13:21:49.290Z,38,51,1007
1785331309300,2026-07-29T13:21:49.300Z,38,51,1007
1785331309310,2026-07-29T13:21:49.310Z,-7,68,947
1785331309320,2026-07-29T13:21:49.320Z,32,64,968
1785331309330,2026-07-29T13:21:49.330Z,53,60,1015
1785331309340,2026-07-29T13:21:49.340Z,34,66,988
1785331309350,2026-07-29T13:21:49.350Z,31,80,948
1785331309360,2026-07-29T13:21:49.360Z,55,58,1016
1785331309370,2026-07-29T13:21:49.370Z,4,62,1000
1785331309380,2026-07-29T13:21:49.380Z,-1,70,957
1785331309390,2026-07-29T13:21:49.390Z,-7,83,921
1785331309400,2026-07-29T13:21:49.400Z,27,74,1007
1785331309410,2026-07-29T13:21:49.410Z,34,82,988
1785331309420,2026-07-29T13:21:49.420Z,12,87,948
1785331309430,2026-07-29T13:21:49.430Z,25,82,954
1785331309440,2026-07-29T13:21:49.440Z,7,62,1007
1785331309450,2026-07-29T13:21:49.450Z,1,62,965
1785331309460,2026-07-29T13:21:49.460Z,13,77,936
1785331309470,2026-07-29T13:21:49.470Z,17,68,961
1785331309480,2026-07-29T13:21:49.480Z,37,76,990
1785331309490,2026-07-29T13:21:49.490Z,20,70,964
1785331309500,2026-07-29T13:21:49.500Z,38,72,962
1785331309510,2026-07-29T13:21:49.510Z,48,51,1010
1785331309520,2026-07-29T13:21:49.520Z,23,45,987
1785331309530,2026-07-29T13:21:49.530Z,23,45,987
1785331309540,2026-07-29T13:21:49.540Z,22,51,956
1785331309550,2026-07-29T13:21:49.550Z,42,31,1012
1785331309560,2026-07-29T13:21:49.560Z,48,31,971
1785331309570,2026-07-29T13:21:49.570Z,45,33,956
1785331309580,2026-07-29T13:21:49.580Z,26,15,977
1785331309590,2026-07-29T13:21:49.590Z,47,4,1026
1785331309600,2026-07-29T13:21:49.600Z,30,27,955
1785331309610,2026-07-29T13:21:49.610Z,18,43,940
1785331309620,2026-07-29T13:21:49.620Z,30,29,995
1785331309630,2026-07-29T13:21:49.630Z,55,39,992
1785331309640,2026-07-29T13:21:49.640Z,40,50,933
1785331309650,2026-07-29T13:21:49.650Z,21,37,968
1785331309660,2026-07-29T13:21:49.660Z,54,25,1008
1785331309670,2026-07-29T13:21:49.670Z,28,33,976
1785331309680,2026-07-29T13:21:49.680Z,11,40,917
1785331309690,2026-07-29T13:21:49.690Z,57,25,982
1785331309700,2026-07-29T13:21:49.700Z,9,41,959
1785331309710,2026-07-29T13:21:49.710Z,68,43,943
1785331309720,2026-07-29T13:21:49.720Z,43,25,969
1785331309730,2026-07-29T13:21:49.730Z,57,29,1006
1785331309740,2026-07-29T13:21:49.740Z,23,41,952
1785331309750,2026-07-29T13:21:49.750Z,76,40,932
1785331309760,2026-07-29T13:21:49.760Z,73,39,983
1785331309770,2026-07-29T13:21:49.770Z,14,51,943
1785331309780,2026-07-29T13:21:49.780Z,91,45,938
1785331309790,2026-07-29T13:21:49.790Z,41,33,940
1785331309800,2026-07-29T13:21:49.800Z,43,41,988
1785331309810,2026-07-29T13:21:49.810Z,83,27,949
1785331309820,2026-07-29T13:21:49.820Z,69,12,963
1785331309830,2026-07-29T13:21:49.830Z,31,33,963
1785331309840,2026-07-29T13:21:49.840Z,31,33,963
1785331309850,2026-07-29T13:21:49.850Z,104,29,976
1785331309860,2026-07-29T13:21:49.860Z,82,19,1015
1785331309870,2026-07-29T13:21:49.870Z,67,17,985
1785331309880,2026-07-29T13:21:49.880Z,137,2,996
1785331309890,2026-07-29T13:21:49.890Z,82,4,1013
1785331309900,2026-07-29T13:21:49.900Z,66,4,975
1785331309910,2026-07-29T13:21:49.910Z,78,0,939
1785331309920,2026-07-29T13:21:49.920Z,90,17,1012
1785331309930,2026-07-29T13:21:49.930Z,49,8,980
1785331309940,2026-07-29T13:21:49.940Z,-32,6,953
1785331309950,2026-07-29T13:21:49.950Z,107,13,1059
1785331309960,2026-07-29T13:21:49.960Z,24,0,980
1785331309970,2026-07-29T13:21:49.970Z,35,-11,918
1785331309980,2026-07-29T13:21:49.980Z,73,12,950
1785331309990,2026-07-29T13:21:49.990Z,107,31,1009
1785331310000,2026-07-29T13:21:50.000Z,94,40,909
1785331310010,2026-07-29T13:21:50.010Z,94,40,909
1785331310020,2026-07-29T13:21:50.020Z,121,56,1021
1785331310030,2026-07-29T13:21:50.030Z,89,37,957
1785331310040,2026-07-29T13:21:50.040Z,79,20,931
1785331310050,2026-07-29T13:21:50.050Z,116,29,999
1785331310060,2026-07-29T13:21:50.060Z,20,24,867
1785331310070,2026-07-29T13:21:50.070Z,100,5,914
1785331310080,2026-07-29T13:21:50.080Z,94,17,1049
1785331310090,2026-07-29T13:21:50.090Z,94,17,1049
1785331310100,2026-07-29T13:21:50.100Z,151,-50,926
1785331310110,2026-07-29T13:21:50.110Z,32,-46,835
1785331310120,2026-07-29T13:21:50.120Z,56,-3,924
1785331310130,2026-07-29T13:21:50.130Z,93,4,994
1785331310140,2026-07-29T13:21:50.140Z,142,29,1031
1785331310150,2026-07-29T13:21:50.150Z,138,60,982
1785331310160,2026-07-29T13:21:50.160Z,156,56,936
1785331310170,2026-07-29T13:21:50.170Z,81,57,886
1785331310180,2026-07-29T13:21:50.180Z,82,77,917
1785331310190,2026-07-29T13:21:50.190Z,83,80,940
1785331310200,2026-07-29T13:21:50.200Z,157,39,987
1785331310210,2026-07-29T13:21:50.210Z,132,53,943
1785331310220,2026-07-29T13:21:50.220Z,92,39,941
1785331310230,2026-07-29T13:21:50.230Z,20,-13,893
1785331310240,2026-07-29T13:21:50.240Z,20,-13,893
1785331310250,2026-07-29T13:21:50.250Z,60,49,962
1785331310260,2026-07-29T13:21:50.260Z,87,27,979
1785331310270,2026-07-29T13:21:50.270Z,100,-2,960
1785331310280,2026-07-29T13:21:50.280Z,45,95,948
1785331310290,2026-07-29T13:21:50.290Z,159,53,973
1785331310300,2026-07-29T13:21:50.300Z,159,53,973
1785331310310,2026-07-29T13:21:50.310Z,123,76,953
1785331310320,2026-07-29T13:21:50.320Z,117,82,994
1785331310330,2026-07-29T13:21:50.330Z,67,41,963
1785331310340,2026-07-29T13:21:50.340Z,92,100,964
1785331310350,2026-07-29T13:21:50.350Z,31,136,953
1785331310360,2026-07-29T13:21:50.360Z,13,42,903
1785331310370,2026-07-29T13:21:50.370Z,91,72,961
1785331310380,2026-07-29T13:21:50.380Z,95,126,958
1785331310390,2026-07-29T13:21:50.390Z,81,74,976
1785331310400,2026-07-29T13:21:50.400Z,59,91,950
1785331310410,2026-07-29T13:21:50.410Z,70,132,963
1785331310420,2026-07-29T13:21:50.420Z,108,70,980
1785331310430,2026-07-29T13:21:50.430Z,108,70,980
1785331310440,2026-07-29T13:21:50.440Z,113,120,988
1785331310450,2026-07-29T13:21:50.450Z,69,64,991
1785331310460,2026-07-29T13:21:50.460Z,136,12,991
1785331310470,2026-07-29T13:21:50.470Z,67,78,956
1785331310480,2026-07-29T13:21:50.480Z,133,43,1015
1785331310490,2026-07-29T13:21:50.490Z,59,15,940
1785331310500,2026-07-29T13:21:50.500Z,76,47,972
1785331310510,2026-07-29T13:21:50.510Z,106,97,1021
1785331310520,2026-07-29T13:21:50.520Z,88,-41,954
1785331310530,2026-07-29T13:21:50.530Z,104,31,980
1785331310540,2026-07-29T13:21:50.540Z,111,80,1045
1785331310550,2026-07-29T13:21:50.550Z,124,0,1033
1785331310560,2026-07-29T13:21:50.560Z,114,17,967
1785331310570,2026-07-29T13:21:50.570Z,83,84,1023
1785331310580,2026-07-29T13:21:50.580Z,74,23,1003
1785331310590,2026-07-29T13:21:50.590Z,39,-19,920
1785331310600,2026-07-29T13:21:50.600Z,64,114,1005
1785331310610,2026-07-29T13:21:50.610Z,114,31,1007
1785331310620,2026-07-29T13:21:50.620Z,-31,-17,881
1785331310630,2026-07-29T13:21:50.630Z,144,25,965
1785331310640,2026-07-29T13:21:50.640Z,76,13,949
1785331310650,2026-07-29T13:21:50.650Z,10,-40,892
1785331310660,2026-07-29T13:21:50.660Z,170,37,965
1785331310670,2026-07-29T13:21:50.670Z,45,93,975
1785331310680,2026-07-29T13:21:50.680Z,-15,-28,873
1785331310690,2026-07-29T13:21:50.690Z,136,21,938
1785331310700,2026-07-29T13:21:50.700Z,63,87,965
1785331310710,2026-07-29T13:21:50.710Z,95,27,957
1785331310720,2026-07-29T13:21:50.720Z,126,49,942
1785331310730,2026-07-29T13:21:50.730Z,66,93,985
1785331310740,2026-07-29T13:21:50.740Z,132,15,1012
1785331310750,2026-07-29T13:21:50.750Z,-12,-27,893
1785331310760,2026-07-29T13:21:50.760Z,94,74,1004
1785331310770,2026-07-29T13:21:50.770Z,74,-12,961
1785331310780,2026-07-29T13:21:50.780Z,3,-60,890
1785331310790,2026-07-29T13:21:50.790Z,62,66,1019
1785331310800,2026-07-29T13:21:50.800Z,62,66,1019
1785331310810,2026-07-29T13:21:50.810Z,-31,-68,904
1785331310820,2026-07-29T13:21:50.820Z,166,17,1031
1785331310830,2026-07-29T13:21:50.830Z,95,58,1052
1785331310840,2026-07-29T13:21:50.840Z,-24,-83,871
1785331310850,2026-07-29T13:21:50.850Z,179,19,1039
1785331310860,2026-07-29T13:21:50.860Z,76,57,1079
1785331310870,2026-07-29T13:21:50.870Z,-24,-79,903
1785331310880,2026-07-29T13:21:50.880Z,208,34,1068
1785331310890,2026-07-29T13:21:50.890Z,116,65,1080
1785331310900,2026-07-29T13:21:50.900Z,75,-57,947
1785331310910,2026-07-29T13:21:50.910Z,3,-79,893
1785331310920,2026-07-29T13:21:50.920Z,60,81,1069
1785331310930,2026-07-29T13:21:50.930Z,97,-31,967
1785331310940,2026-07-29T13:21:50.940Z,11,-48,903
1785331310950,2026-07-29T13:21:50.950Z,232,85,1065
1785331310960,2026-07-29T13:21:50.960Z,56,-15,904
1785331310970,2026-07-29T13:21:50.970Z,-6,-27,871
1785331310980,2026-07-29T13:21:50.980Z,260,116,1038
1785331310990,2026-07-29T13:21:50.990Z,117,134,1026
1785331311000,2026-07-29T13:21:51.000Z,80,-30,915
1785331311010,2026-07-29T13:21:51.010Z,115,136,1007
1785331311020,2026-07-29T13:21:51.020Z,119,173,1009
1785331311030,2026-07-29T13:21:51.030Z,46,-5,910
1785331311040,2026-07-29T13:21:51.040Z,46,-5,910
1785331311050,2026-07-29T13:21:51.050Z,58,181,966
1785331311060,2026-07-29T13:21:51.060Z,90,63,916
1785331311070,2026-07-29T13:21:51.070Z,42,34,895
1785331311080,2026-07-29T13:21:51.080Z,102,184,938
1785331311090,2026-07-29T13:21:51.090Z,102,184,938
1785331311100,2026-07-29T13:21:51.100Z,104,24,906
1785331311110,2026-07-29T13:21:51.110Z,74,173,943
1785331311120,2026-07-29T13:21:51.120Z,56,50,904
1785331311130,2026-07-29T13:21:51.130Z,74,20,928
1785331311140,2026-07-29T13:21:51.140Z,203,136,973
1785331311150,2026-07-29T13:21:51.150Z,95,158,930
1785331311160,2026-07-29T13:21:51.160Z,130,10,988
1785331311170,2026-07-29T13:21:51.170Z,162,118,986
1785331311180,2026-07-29T13:21:51.180Z,101,132,956
1785331311190,2026-07-29T13:21:51.190Z,87,2,951
1785331311200,2026-07-29T13:21:51.200Z,197,134,1035
1785331311210,2026-07-29T13:21:51.210Z,112,145,1012
1785331311220,2026-07-29T13:21:51.220Z,78,6,945
1785331311230,2026-07-29T13:21:51.230Z,65,10,937
1785331311240,2026-07-29T13:21:51.240Z,206,138,1020
1785331311250,2026-07-29T13:21:51.250Z,129,-29,976
1785331311260,2026-07-29T13:21:51.260Z,24,2,966
1785331311270,2026-07-29T13:21:51.270Z,29,82,967
1785331311280,2026-07-29T13:21:51.280Z,82,-51,958
1785331311290,2026-07-29T13:21:51.290Z,101,-26,994
1785331311300,2026-07-29T13:21:51.300Z,141,136,1034
1785331311310,2026-07-29T13:21:51.310Z,32,98,987
1785331311320,2026-07-29T13:21:51.320Z,79,25,998
1785331311330,2026-07-29T13:21:51.330Z,153,143,1018
1785331311340,2026-07-29T13:21:51.340Z,67,91,963
1785331311350,2026-07-29T13:21:51.350Z,147,4,1001
1785331311360,2026-07-29T13:21:51.360Z,187,124,1015
1785331311370,2026-07-29T13:21:51.370Z,114,70,967
1785331311380,2026-07-29T13:21:51.380Z,116,-17,932
1785331311390,2026-07-29T13:21:51.390Z,233,143,988
1785331311400,2026-07-29T13:21:51.400Z,111,77,920
1785331311410,2026-07-29T13:21:51.410Z,74,-19,908
1785331311420,2026-07-29T13:21:51.420Z,150,23,961
1785331311430,2026-07-29T13:21:51.430Z,183,124,987
1785331311440,2026-07-29T13:21:51.440Z,111,-45,941
1785331311450,2026-07-29T13:21:51.450Z,124,25,947
1785331311460,2026-07-29T13:21:51.460Z,197,120,963
1785331311470,2026-07-29T13:21:51.470Z,109,-13,927
1785331311480,2026-07-29T13:21:51.480Z,148,58,956
1785331311490,2026-07-29T13:21:51.490Z,179,143,941
1785331311500,2026-07-29T13:21:51.500Z,62,44,888
1785331311510,2026-07-29T13:21:51.510Z,134,62,954
1785331311520,2026-07-29T13:21:51.520Z,169,109,931
1785331311530,2026-07-29T13:21:51.530Z,3,14,876
1785331311540,2026-07-29T13:21:51.540Z,136,-35,967
1785331311550,2026-07-29T13:21:51.550Z,151,101,923
1785331311560,2026-07-29T13:21:51.560Z,28,20,873
1785331311570,2026-07-29T13:21:51.570Z,162,2,976
1785331311580,2026-07-29T13:21:51.580Z,156,107,898
1785331311590,2026-07-29T13:21:51.590Z,156,107,898
1785331311600,2026-07-29T13:21:51.600Z,144,12,1032
1785331311610,2026-07-29T13:21:51.610Z,166,78,1000
1785331311620,2026-07-29T13:21:51.620Z,65,71,924
1785331311630,2026-07-29T13:21:51.630Z,121,27,998
1785331311640,2026-07-29T13:21:51.640Z,140,121,932
1785331311650,2026-07-29T13:21:51.650Z,14,67,873
1785331311660,2026-07-29T13:21:51.660Z,128,23,962
1785331311670,2026-07-29T13:21:51.670Z,147,100,940
1785331311680,2026-07-29T13:21:51.680Z,52,11,936
1785331311690,2026-07-29T13:21:51.690Z,45,4,1027
1785331311700,2026-07-29T13:21:51.700Z,181,60,1027
1785331311710,2026-07-29T13:21:51.710Z,73,-4,959
1785331311720,2026-07-29T13:21:51.720Z,104,39,992
1785331311730,2026-07-29T13:21:51.730Z,67,95,939
1785331311740,2026-07-29T13:21:51.740Z,11,33,951
1785331311750,2026-07-29T13:21:51.750Z,117,41,989
1785331311760,2026-07-29T13:21:51.760Z,109,31,969
1785331311770,2026-07-29T13:21:51.770Z,62,-24,938
1785331311780,2026-07-29T13:21:51.780Z,115,13,988
1785331311790,2026-07-29T13:21:51.790Z,117,41,1007
1785331311800,2026-07-29T13:21:51.800Z,124,53,1020
1785331311810,2026-07-29T13:21:51.810Z,83,93,977
1785331311820,2026-07-29T13:21:51.820Z,82,51,964
1785331311830,2026-07-29T13:21:51.830Z,92,49,979
1785331311840,2026-07-29T13:21:51.840Z,92,49,979
1785331311850,2026-07-29T13:21:51.850Z,126,-29,1020
1785331311860,2026-07-29T13:21:51.860Z,48,4,1012
1785331311870,2026-07-29T13:21:51.870Z,54,-3,927
1785331311880,2026-07-29T13:21:51.880Z,64,48,921
1785331311890,2026-07-29T13:21:51.890Z,50,91,950
1785331311900,2026-07-29T13:21:51.900Z,78,80,982
1785331311910,2026-07-29T13:21:51.910Z,100,108,1029
1785331311920,2026-07-29T13:21:51.920Z,93,49,1014
1785331311930,2026-07-29T13:21:51.930Z,40,49,976
1785331311940,2026-07-29T13:21:51.940Z,66,53,975
1785331311950,2026-07-29T13:21:51.950Z,81,35,1004
1785331311960,2026-07-29T13:21:51.960Z,85,87,985
1785331311970,2026-07-29T13:21:51.970Z,85,87,985
1785331311980,2026-07-29T13:21:51.980Z,48,56,939
1785331311990,2026-07-29T13:21:51.990Z,72,120,959
