# Source File: event_5672563_fa2a52e3-2d82-455d-8ff3-dbdb28f453da.gsdata
# Data Type:   GS Data
# Record Count: 2100
# Format: dateTime (epoch ms), dateTime (UTC ISO), x, y, z
dateTime,dateTimeISO,x,y,z
1787485580000,2026-08-23T11:46:20.000Z,132,-39,972
1787485580010,2026-08-23T11:46:20.010Z,33,-36,985
1787485580020,2026-08-23T11:46:20.020Z,33,-37,1057
1787485580030,2026-08-23T11:46:20.030Z,115,-56,1057
1787485580040,2026-08-23T11:46:20.040Z,75,-67,1018
1787485580050,2026-08-23T11:46:20.050Z,78,38,953
1787485580060,2026-08-23T11:46:20.060Z,78,38,953
1787485580070,2026-08-23T11:46:20.070Z,61,7,976
1787485580080,2026-08-23T11:46:20.080Z,75,-42,990
1787485580090,2026-08-23T11:46:20.090Z,0,-35,964
1787485580100,2026-08-23T11:46:20.100Z,44,-27,1029
1787485580110,2026-08-23T11:46:20.110Z,133,-17,1071
1787485580120,2026-08-23T11:46:20.120Z,16,-4,996
1787485580130,2026-08-23T11:46:20.130Z,85,24,1028
1787485580140,2026-08-23T11:46:20.140Z,29,56,882
1787485580150,2026-08-23T11:46:20.150Z,99,16,929
1787485580160,2026-08-23T11:46:20.160Z,100,-54,951
1787485580170,2026-08-23T11:46:20.170Z,41,-96,954
1787485580180,2026-08-23T11:46:20.180Z,61,-67,984
1787485580190,2026-08-23T11:46:20.190Z,80,-38,984
1787485580200,2026-08-23T11:46:20.200Z,-51,-30,980
1787485580210,2026-08-23T11:46:20.210Z,96,-13,1073
1787485580220,2026-08-23T11:46:20.220Z,-69,5,917
1787485580230,2026-08-23T11:46:20.230Z,78,-8,1005
1787485580240,2026-08-23T11:46:20.240Z,109,-18,1018
1787485580250,2026-08-23T11:46:20.250Z,53,-53,976
1787485580260,2026-08-23T11:46:20.260Z,90,-67,1019
1787485580270,2026-08-23T11:46:20.270Z,-46,-104,1075
1787485580280,2026-08-23T11:46:20.280Z,-46,-104,1075
1787485580290,2026-08-23T11:46:20.290Z,24,-84,1001
1787485580300,2026-08-23T11:46:20.300Z,-50,-66,955
1787485580310,2026-08-23T11:46:20.310Z,79,-25,1043
1787485580320,2026-08-23T11:46:20.320Z,40,2,1042
1787485580330,2026-08-23T11:46:20.330Z,116,22,1054
1787485580340,2026-08-23T11:46:20.340Z,85,-70,938
1787485580350,2026-08-23T11:46:20.350Z,137,-84,1003
1787485580360,2026-08-23T11:46:20.360Z,25,-104,1071
1787485580370,2026-08-23T11:46:20.370Z,7,-63,1016
1787485580380,2026-08-23T11:46:20.380Z,-70,-72,958
1787485580390,2026-08-23T11:46:20.390Z,48,-91,993
1787485580400,2026-08-23T11:46:20.400Z,-18,-48,934
1787485580410,2026-08-23T11:46:20.410Z,98,-48,1038
1787485580420,2026-08-23T11:46:20.420Z,173,-51,1093
1787485580430,2026-08-23T11:46:20.430Z,171,-46,1152
1787485580440,2026-08-23T11:46:20.440Z,16,-42,1130
1787485580450,2026-08-23T11:46:20.450Z,60,-25,1043
1787485580460,2026-08-23T11:46:20.460Z,-82,-56,867
1787485580470,2026-08-23T11:46:20.470Z,28,-100,848
1787485580480,2026-08-23T11:46:20.480Z,-13,-67,878
1787485580490,2026-08-23T11:46:20.490Z,158,44,1226
1787485580500,2026-08-23T11:46:20.500Z,175,104,1205
1787485580510,2026-08-23T11:46:20.510Z,200,91,1134
1787485580520,2026-08-23T11:46:20.520Z,64,22,1051
1787485580530,2026-08-23T11:46:20.530Z,33,-68,760
1787485580540,2026-08-23T11:46:20.540Z,-68,-144,776
1787485580550,2026-08-23T11:46:20.550Z,92,-179,994
1787485580560,2026-08-23T11:46:20.560Z,73,-139,1035
1787485580570,2026-08-23T11:46:20.570Z,99,70,1213
1787485580580,2026-08-23T11:46:20.580Z,179,142,1141
1787485580590,2026-08-23T11:46:20.590Z,-68,123,945
1787485580600,2026-08-23T11:46:20.600Z,43,77,895
1787485580610,2026-08-23T11:46:20.610Z,99,-90,827
1787485580620,2026-08-23T11:46:20.620Z,-25,-134,900
1787485580630,2026-08-23T11:46:20.630Z,207,-148,1086
1787485580640,2026-08-23T11:46:20.640Z,128,-120,1065
1787485580650,2026-08-23T11:46:20.650Z,132,52,1007
1787485580660,2026-08-23T11:46:20.660Z,79,107,857
1787485580670,2026-08-23T11:46:20.670Z,20,85,843
1787485580680,2026-08-23T11:46:20.680Z,140,21,899
1787485580690,2026-08-23T11:46:20.690Z,72,-38,890
1787485580700,2026-08-23T11:46:20.700Z,128,-60,952
1787485580710,2026-08-23T11:46:20.710Z,60,-78,1005
1787485580720,2026-08-23T11:46:20.720Z,157,-67,980
1787485580730,2026-08-23T11:46:20.730Z,141,-26,894
1787485580740,2026-08-23T11:46:20.740Z,123,30,850
1787485580750,2026-08-23T11:46:20.750Z,206,82,1070
1787485580760,2026-08-23T11:46:20.760Z,206,82,1070
1787485580770,2026-08-23T11:46:20.770Z,-10,-3,946
1787485580780,2026-08-23T11:46:20.780Z,-10,-3,946
1787485580790,2026-08-23T11:46:20.790Z,31,-30,1008
1787485580800,2026-08-23T11:46:20.800Z,83,-43,1033
1787485580810,2026-08-23T11:46:20.810Z,70,-45,1084
1787485580820,2026-08-23T11:46:20.820Z,108,-23,1029
1787485580830,2026-08-23T11:46:20.830Z,-75,-4,976
1787485580840,2026-08-23T11:46:20.840Z,195,61,1146
1787485580850,2026-08-23T11:46:20.850Z,53,99,1026
1787485580860,2026-08-23T11:46:20.860Z,159,103,1038
1787485580870,2026-08-23T11:46:20.870Z,97,81,989
1787485580880,2026-08-23T11:46:20.880Z,71,28,932
1787485580890,2026-08-23T11:46:20.890Z,129,-19,959
1787485580900,2026-08-23T11:46:20.900Z,137,-49,984
1787485580910,2026-08-23T11:46:20.910Z,-23,-84,976
1787485580920,2026-08-23T11:46:20.920Z,35,-56,1053
1787485580930,2026-08-23T11:46:20.930Z,-56,11,1107
1787485580940,2026-08-23T11:46:20.940Z,191,92,1229
1787485580950,2026-08-23T11:46:20.950Z,-65,138,1064
1787485580960,2026-08-23T11:46:20.960Z,72,59,1030
1787485580970,2026-08-23T11:46:20.970Z,61,-17,1039
1787485580980,2026-08-23T11:46:20.980Z,95,-91,1022
1787485580990,2026-08-23T11:46:20.990Z,12,-112,949
1787485581000,2026-08-23T11:46:21.000Z,90,-4,994
1787485581010,2026-08-23T11:46:21.010Z,25,41,1033
1787485581020,2026-08-23T11:46:21.020Z,109,90,1130
1787485581030,2026-08-23T11:46:21.030Z,17,108,1096
1787485581040,2026-08-23T11:46:21.040Z,-27,54,1019
1787485581050,2026-08-23T11:46:21.050Z,4,5,983
1787485581060,2026-08-23T11:46:21.060Z,45,-83,938
1787485581070,2026-08-23T11:46:21.070Z,76,-112,923
1787485581080,2026-08-23T11:46:21.080Z,133,-97,911
1787485581090,2026-08-23T11:46:21.090Z,26,-83,961
1787485581100,2026-08-23T11:46:21.100Z,149,-53,1116
1787485581110,2026-08-23T11:46:21.110Z,55,-3,1033
1787485581120,2026-08-23T11:46:21.120Z,3,25,914
1787485581130,2026-08-23T11:46:21.130Z,-25,43,839
1787485581140,2026-08-23T11:46:21.140Z,2,7,872
1787485581150,2026-08-23T11:46:21.150Z,-1,3,912
1787485581160,2026-08-23T11:46:21.160Z,45,-88,938
1787485581170,2026-08-23T11:46:21.170Z,114,-100,1033
1787485581180,2026-08-23T11:46:21.180Z,120,-121,1002
1787485581190,2026-08-23T11:46:21.190Z,-13,-75,830
1787485581200,2026-08-23T11:46:21.200Z,13,-23,841
1787485581210,2026-08-23T11:46:21.210Z,111,35,890
1787485581220,2026-08-23T11:46:21.220Z,13,70,881
1787485581230,2026-08-23T11:46:21.230Z,267,41,1074
1787485581240,2026-08-23T11:46:21.240Z,125,-14,985
1787485581250,2026-08-23T11:46:21.250Z,47,-130,903
1787485581260,2026-08-23T11:46:21.260Z,47,-130,903
1787485581270,2026-08-23T11:46:21.270Z,-53,-114,833
1787485581280,2026-08-23T11:46:21.280Z,-59,-116,865
1787485581290,2026-08-23T11:46:21.290Z,35,-88,949
1787485581300,2026-08-23T11:46:21.300Z,-78,-18,983
1787485581310,2026-08-23T11:46:21.310Z,134,31,1217
1787485581320,2026-08-23T11:46:21.320Z,24,-10,1089
1787485581330,2026-08-23T11:46:21.330Z,102,-64,1057
1787485581340,2026-08-23T11:46:21.340Z,56,-81,1028
1787485581350,2026-08-23T11:46:21.350Z,122,-55,984
1787485581360,2026-08-23T11:46:21.360Z,73,-45,953
1787485581370,2026-08-23T11:46:21.370Z,128,-42,1011
1787485581380,2026-08-23T11:46:21.380Z,29,-41,1044
1787485581390,2026-08-23T11:46:21.390Z,171,14,1237
1787485581400,2026-08-23T11:46:21.400Z,40,-18,1197
1787485581410,2026-08-23T11:46:21.410Z,143,-44,1166
1787485581420,2026-08-23T11:46:21.420Z,22,-18,1008
1787485581430,2026-08-23T11:46:21.430Z,25,37,853
1787485581440,2026-08-23T11:46:21.440Z,62,29,901
1787485581450,2026-08-23T11:46:21.450Z,99,-19,968
1787485581460,2026-08-23T11:46:21.460Z,10,-59,1083
1787485581470,2026-08-23T11:46:21.470Z,173,-55,1226
1787485581480,2026-08-23T11:46:21.480Z,124,-81,1160
1787485581490,2026-08-23T11:46:21.490Z,158,-79,1059
1787485581500,2026-08-23T11:46:21.500Z,-3,-43,862
1787485581510,2026-08-23T11:46:21.510Z,-21,63,932
1787485581520,2026-08-23T11:46:21.520Z,75,79,1024
1787485581530,2026-08-23T11:46:21.530Z,14,39,1094
1787485581540,2026-08-23T11:46:21.540Z,73,31,1236
1787485581550,2026-08-23T11:46:21.550Z,44,-48,1049
1787485581560,2026-08-23T11:46:21.560Z,-40,-61,919
1787485581570,2026-08-23T11:46:21.570Z,48,-20,878
1787485581580,2026-08-23T11:46:21.580Z,48,-20,878
1787485581590,2026-08-23T11:46:21.590Z,115,27,1006
1787485581600,2026-08-23T11:46:21.600Z,116,38,1036
1787485581610,2026-08-23T11:46:21.610Z,128,-7,1058
1787485581620,2026-08-23T11:46:21.620Z,168,-52,951
1787485581630,2026-08-23T11:46:21.630Z,35,-47,739
1787485581640,2026-08-23T11:46:21.640Z,15,-27,742
1787485581650,2026-08-23T11:46:21.650Z,22,-18,808
1787485581660,2026-08-23T11:46:21.660Z,8,-3,950
1787485581670,2026-08-23T11:46:21.670Z,124,12,1027
1787485581680,2026-08-23T11:46:21.680Z,124,12,1027
1787485581690,2026-08-23T11:46:21.690Z,105,-19,851
1787485581700,2026-08-23T11:46:21.700Z,105,-19,851
1787485581710,2026-08-23T11:46:21.710Z,-41,-17,732
1787485581720,2026-08-23T11:46:21.720Z,-32,-3,887
1787485581730,2026-08-23T11:46:21.730Z,-32,-3,887
1787485581740,2026-08-23T11:46:21.740Z,-23,13,1081
1787485581750,2026-08-23T11:46:21.750Z,-69,-50,1074
1787485581760,2026-08-23T11:46:21.760Z,-69,-50,1074
1787485581770,2026-08-23T11:46:21.770Z,97,-33,1044
1787485581780,2026-08-23T11:46:21.780Z,2,12,836
1787485581790,2026-08-23T11:46:21.790Z,87,31,919
1787485581800,2026-08-23T11:46:21.800Z,87,31,919
1787485581810,2026-08-23T11:46:21.810Z,175,-15,1160
1787485581820,2026-08-23T11:46:21.820Z,175,-15,1160
1787485581830,2026-08-23T11:46:21.830Z,103,-26,1018
1787485581840,2026-08-23T11:46:21.840Z,124,-23,949
1787485581850,2026-08-23T11:46:21.850Z,9,-38,872
1787485581860,2026-08-23T11:46:21.860Z,89,18,940
1787485581870,2026-08-23T11:46:21.870Z,94,20,1044
1787485581880,2026-08-23T11:46:21.880Z,154,-4,1127
1787485581890,2026-08-23T11:46:21.890Z,22,-6,1116
1787485581900,2026-08-23T11:46:21.900Z,49,30,1078
1787485581910,2026-08-23T11:46:21.910Z,26,1,976
1787485581920,2026-08-23T11:46:21.920Z,80,-14,916
1787485581930,2026-08-23T11:46:21.930Z,145,10,962
1787485581940,2026-08-23T11:46:21.940Z,145,10,962
1787485581950,2026-08-23T11:46:21.950Z,155,20,1075
1787485581960,2026-08-23T11:46:21.960Z,252,7,1210
1787485581970,2026-08-23T11:46:21.970Z,77,37,1125
1787485581980,2026-08-23T11:46:21.980Z,6,24,955
1787485581990,2026-08-23T11:46:21.990Z,6,24,955
1787485582000,2026-08-23T11:46:22.000Z,-24,-13,965
1787485582010,2026-08-23T11:46:22.010Z,50,-64,1078
1787485582020,2026-08-23T11:46:22.020Z,70,-63,1021
1787485582030,2026-08-23T11:46:22.030Z,184,-66,1043
1787485582040,2026-08-23T11:46:22.040Z,184,-66,1043
1787485582050,2026-08-23T11:46:22.050Z,111,-26,996
1787485582060,2026-08-23T11:46:22.060Z,-37,8,921
1787485582070,2026-08-23T11:46:22.070Z,2,12,964
1787485582080,2026-08-23T11:46:22.080Z,2,12,964
1787485582090,2026-08-23T11:46:22.090Z,36,20,1039
1787485582100,2026-08-23T11:46:22.100Z,-27,9,887
1787485582110,2026-08-23T11:46:22.110Z,22,-33,955
1787485582120,2026-08-23T11:46:22.120Z,22,-33,955
1787485582130,2026-08-23T11:46:22.130Z,31,-40,979
1787485582140,2026-08-23T11:46:22.140Z,-14,-80,884
1787485582150,2026-08-23T11:46:22.150Z,111,-45,939
1787485582160,2026-08-23T11:46:22.160Z,48,-34,895
1787485582170,2026-08-23T11:46:22.170Z,158,28,930
1787485582180,2026-08-23T11:46:22.180Z,108,29,875
1787485582190,2026-08-23T11:46:22.190Z,118,8,941
1787485582200,2026-08-23T11:46:22.200Z,77,5,977
1787485582210,2026-08-23T11:46:22.210Z,52,-38,992
1787485582220,2026-08-23T11:46:22.220Z,-38,-70,952
1787485582230,2026-08-23T11:46:22.230Z,88,-67,1015
1787485582240,2026-08-23T11:46:22.240Z,-125,-69,991
1787485582250,2026-08-23T11:46:22.250Z,28,-20,1084
1787485582260,2026-08-23T11:46:22.260Z,-6,-14,1083
1787485582270,2026-08-23T11:46:22.270Z,-14,20,1076
1787485582280,2026-08-23T11:46:22.280Z,-14,20,1076
1787485582290,2026-08-23T11:46:22.290Z,76,39,1080
1787485582300,2026-08-23T11:46:22.300Z,156,-4,1086
1787485582310,2026-08-23T11:46:22.310Z,73,-14,1015
1787485582320,2026-08-23T11:46:22.320Z,36,-55,998
1787485582330,2026-08-23T11:46:22.330Z,29,-29,966
1787485582340,2026-08-23T11:46:22.340Z,55,-49,1015
1787485582350,2026-08-23T11:46:22.350Z,147,-45,1085
1787485582360,2026-08-23T11:46:22.360Z,25,-23,1035
1787485582370,2026-08-23T11:46:22.370Z,56,6,969
1787485582380,2026-08-23T11:46:22.380Z,174,6,965
1787485582390,2026-08-23T11:46:22.390Z,101,-26,873
1787485582400,2026-08-23T11:46:22.400Z,118,-55,888
1787485582410,2026-08-23T11:46:22.410Z,145,-34,920
1787485582420,2026-08-23T11:46:22.420Z,91,-38,984
1787485582430,2026-08-23T11:46:22.430Z,215,-16,1100
1787485582440,2026-08-23T11:46:22.440Z,114,-15,1040
1787485582450,2026-08-23T11:46:22.450Z,37,24,939
1787485582460,2026-08-23T11:46:22.460Z,77,47,927
1787485582470,2026-08-23T11:46:22.470Z,32,39,987
1787485582480,2026-08-23T11:46:22.480Z,32,39,987
1787485582490,2026-08-23T11:46:22.490Z,30,9,1004
1787485582500,2026-08-23T11:46:22.500Z,4,-52,1041
1787485582510,2026-08-23T11:46:22.510Z,69,-87,1106
1787485582520,2026-08-23T11:46:22.520Z,108,-100,1031
1787485582530,2026-08-23T11:46:22.530Z,88,-63,878
1787485582540,2026-08-23T11:46:22.540Z,67,-8,908
1787485582550,2026-08-23T11:46:22.550Z,42,38,966
1787485582560,2026-08-23T11:46:22.560Z,61,9,981
1787485582570,2026-08-23T11:46:22.570Z,80,3,985
1787485582580,2026-08-23T11:46:22.580Z,0,-31,960
1787485582590,2026-08-23T11:46:22.590Z,-45,-65,981
1787485582600,2026-08-23T11:46:22.600Z,-48,-55,993
1787485582610,2026-08-23T11:46:22.610Z,98,2,1058
1787485582620,2026-08-23T11:46:22.620Z,98,2,1058
1787485582630,2026-08-23T11:46:22.630Z,-101,-8,981
1787485582640,2026-08-23T11:46:22.640Z,47,-6,974
1787485582650,2026-08-23T11:46:22.650Z,45,-17,950
1787485582660,2026-08-23T11:46:22.660Z,70,-34,979
1787485582670,2026-08-23T11:46:22.670Z,-20,-26,1013
1787485582680,2026-08-23T11:46:22.680Z,-24,-12,1013
1787485582690,2026-08-23T11:46:22.690Z,101,-19,1067
1787485582700,2026-08-23T11:46:22.700Z,77,-31,1046
1787485582710,2026-08-23T11:46:22.710Z,-66,-37,1034
1787485582720,2026-08-23T11:46:22.720Z,5,-26,995
1787485582730,2026-08-23T11:46:22.730Z,175,-21,1036
1787485582740,2026-08-23T11:46:22.740Z,78,-38,1006
1787485582750,2026-08-23T11:46:22.750Z,-23,-49,1008
1787485582760,2026-08-23T11:46:22.760Z,29,-13,1034
1787485582770,2026-08-23T11:46:22.770Z,38,-15,1069
1787485582780,2026-08-23T11:46:22.780Z,106,0,1071
1787485582790,2026-08-23T11:46:22.790Z,-3,2,973
1787485582800,2026-08-23T11:46:22.800Z,130,40,984
1787485582810,2026-08-23T11:46:22.810Z,94,-8,1017
1787485582820,2026-08-23T11:46:22.820Z,188,-42,1090
1787485582830,2026-08-23T11:46:22.830Z,101,-93,992
1787485582840,2026-08-23T11:46:22.840Z,45,-45,851
1787485582850,2026-08-23T11:46:22.850Z,32,-45,830
1787485582860,2026-08-23T11:46:22.860Z,41,-1,905
1787485582870,2026-08-23T11:46:22.870Z,57,29,911
1787485582880,2026-08-23T11:46:22.880Z,217,64,991
1787485582890,2026-08-23T11:46:22.890Z,180,39,978
1787485582900,2026-08-23T11:46:22.900Z,260,18,971
1787485582910,2026-08-23T11:46:22.910Z,139,-18,888
1787485582920,2026-08-23T11:46:22.920Z,126,-46,920
1787485582930,2026-08-23T11:46:22.930Z,72,-58,927
1787485582940,2026-08-23T11:46:22.940Z,53,-90,949
1787485582950,2026-08-23T11:46:22.950Z,-66,-104,950
1787485582960,2026-08-23T11:46:22.960Z,26,-45,928
1787485582970,2026-08-23T11:46:22.970Z,-99,-3,883
1787485582980,2026-08-23T11:46:22.980Z,110,60,1090
1787485582990,2026-08-23T11:46:22.990Z,113,43,1069
1787485583000,2026-08-23T11:46:23.000Z,147,45,1064
1787485583010,2026-08-23T11:46:23.010Z,127,-2,981
1787485583020,2026-08-23T11:46:23.020Z,58,-50,962
1787485583030,2026-08-23T11:46:23.030Z,38,-59,889
1787485583040,2026-08-23T11:46:23.040Z,53,-47,881
1787485583050,2026-08-23T11:46:23.050Z,21,-58,939
1787485583060,2026-08-23T11:46:23.060Z,81,-20,1081
1787485583070,2026-08-23T11:46:23.070Z,65,-3,1036
1787485583080,2026-08-23T11:46:23.080Z,121,-25,966
1787485583090,2026-08-23T11:46:23.090Z,52,-15,940
1787485583100,2026-08-23T11:46:23.100Z,-52,12,923
1787485583110,2026-08-23T11:46:23.110Z,-70,21,909
1787485583120,2026-08-23T11:46:23.120Z,60,-23,937
1787485583130,2026-08-23T11:46:23.130Z,128,-26,1025
1787485583140,2026-08-23T11:46:23.140Z,21,-43,968
1787485583150,2026-08-23T11:46:23.150Z,-8,-30,1026
1787485583160,2026-08-23T11:46:23.160Z,-8,-30,1026
1787485583170,2026-08-23T11:46:23.170Z,100,-15,1036
1787485583180,2026-08-23T11:46:23.180Z,-67,-40,881
1787485583190,2026-08-23T11:46:23.190Z,-43,-1,986
1787485583200,2026-08-23T11:46:23.200Z,52,-15,1072
1787485583210,2026-08-23T11:46:23.210Z,25,-48,1063
1787485583220,2026-08-23T11:46:23.220Z,-60,-90,1061
1787485583230,2026-08-23T11:46:23.230Z,-32,-12,998
1787485583240,2026-08-23T11:46:23.240Z,-28,20,1054
1787485583250,2026-08-23T11:46:23.250Z,162,59,1067
1787485583260,2026-08-23T11:46:23.260Z,167,22,1054
1787485583270,2026-08-23T11:46:23.270Z,7,13,989
1787485583280,2026-08-23T11:46:23.280Z,111,-32,1118
1787485583290,2026-08-23T11:46:23.290Z,51,-101,1025
1787485583300,2026-08-23T11:46:23.300Z,-38,-86,1017
1787485583310,2026-08-23T11:46:23.310Z,-160,-53,911
1787485583320,2026-08-23T11:46:23.320Z,84,-20,985
1787485583330,2026-08-23T11:46:23.330Z,-84,0,961
1787485583340,2026-08-23T11:46:23.340Z,132,9,1196
1787485583350,2026-08-23T11:46:23.350Z,46,-24,1119
1787485583360,2026-08-23T11:46:23.360Z,205,-64,1036
1787485583370,2026-08-23T11:46:23.370Z,21,-69,1002
1787485583380,2026-08-23T11:46:23.380Z,306,-50,1054
1787485583390,2026-08-23T11:46:23.390Z,181,16,968
1787485583400,2026-08-23T11:46:23.400Z,117,13,875
1787485583410,2026-08-23T11:46:23.410Z,2,10,969
1787485583420,2026-08-23T11:46:23.420Z,295,-6,1113
1787485583430,2026-08-23T11:46:23.430Z,383,-8,1129
1787485583440,2026-08-23T11:46:23.440Z,-134,-59,786
1787485583450,2026-08-23T11:46:23.450Z,193,-45,924
1787485583460,2026-08-23T11:46:23.460Z,64,-28,901
1787485583470,2026-08-23T11:46:23.470Z,178,-19,965
1787485583480,2026-08-23T11:46:23.480Z,-35,-24,893
1787485583490,2026-08-23T11:46:23.490Z,233,-14,1112
1787485583500,2026-08-23T11:46:23.500Z,88,-76,983
1787485583510,2026-08-23T11:46:23.510Z,140,-64,855
1787485583520,2026-08-23T11:46:23.520Z,-23,-84,781
1787485583530,2026-08-23T11:46:23.530Z,128,-54,1039
1787485583540,2026-08-23T11:46:23.540Z,144,-32,1090
1787485583550,2026-08-23T11:46:23.550Z,181,-18,1005
1787485583560,2026-08-23T11:46:23.560Z,6,-14,984
1787485583570,2026-08-23T11:46:23.570Z,15,20,1072
1787485583580,2026-08-23T11:46:23.580Z,-90,12,1053
1787485583590,2026-08-23T11:46:23.590Z,66,-24,984
1787485583600,2026-08-23T11:46:23.600Z,-179,-36,1009
1787485583610,2026-08-23T11:46:23.610Z,325,-37,1182
1787485583620,2026-08-23T11:46:23.620Z,197,15,1222
1787485583630,2026-08-23T11:46:23.630Z,149,-6,1003
1787485583640,2026-08-23T11:46:23.640Z,-100,10,930
1787485583650,2026-08-23T11:46:23.650Z,185,29,996
1787485583660,2026-08-23T11:46:23.660Z,332,3,1237
1787485583670,2026-08-23T11:46:23.670Z,-322,-42,904
1787485583680,2026-08-23T11:46:23.680Z,264,-52,1259
1787485583690,2026-08-23T11:46:23.690Z,-89,-92,1045
1787485583700,2026-08-23T11:46:23.700Z,155,-36,1114
1787485583710,2026-08-23T11:46:23.710Z,-187,-61,900
1787485583720,2026-08-23T11:46:23.720Z,385,-56,1146
1787485583730,2026-08-23T11:46:23.730Z,-200,-54,851
1787485583740,2026-08-23T11:46:23.740Z,78,79,1095
1787485583750,2026-08-23T11:46:23.750Z,34,72,1005
1787485583760,2026-08-23T11:46:23.760Z,84,53,1149
1787485583770,2026-08-23T11:46:23.770Z,112,40,1030
1787485583780,2026-08-23T11:46:23.780Z,96,-54,951
1787485583790,2026-08-23T11:46:23.790Z,-49,-67,919
1787485583800,2026-08-23T11:46:23.800Z,254,-60,1068
1787485583810,2026-08-23T11:46:23.810Z,114,-109,997
1787485583820,2026-08-23T11:46:23.820Z,219,-27,930
1787485583830,2026-08-23T11:46:23.830Z,-103,39,867
1787485583840,2026-08-23T11:46:23.840Z,266,65,927
1787485583850,2026-08-23T11:46:23.850Z,123,25,992
1787485583860,2026-08-23T11:46:23.860Z,27,-47,899
1787485583870,2026-08-23T11:46:23.870Z,-30,-65,979
1787485583880,2026-08-23T11:46:23.880Z,386,-89,1079
1787485583890,2026-08-23T11:46:23.890Z,436,-113,1116
1787485583900,2026-08-23T11:46:23.900Z,-162,-39,844
1787485583910,2026-08-23T11:46:23.910Z,272,9,998
1787485583920,2026-08-23T11:46:23.920Z,-62,5,902
1787485583930,2026-08-23T11:46:23.930Z,155,33,1025
1787485583940,2026-08-23T11:46:23.940Z,-169,48,909
1787485583950,2026-08-23T11:46:23.950Z,272,5,1007
1787485583960,2026-08-23T11:46:23.960Z,-216,11,795
1787485583970,2026-08-23T11:46:23.970Z,-35,-54,951
1787485583980,2026-08-23T11:46:23.980Z,299,-39,1046
1787485583990,2026-08-23T11:46:23.990Z,147,-67,982
1787485584000,2026-08-23T11:46:24.000Z,213,19,1005
1787485584010,2026-08-23T11:46:24.010Z,22,28,949
1787485584020,2026-08-23T11:46:24.020Z,128,21,900
1787485584030,2026-08-23T11:46:24.030Z,-68,0,843
1787485584040,2026-08-23T11:46:24.040Z,31,-23,837
1787485584050,2026-08-23T11:46:24.050Z,87,-64,947
1787485584060,2026-08-23T11:46:24.060Z,92,-87,946
1787485584070,2026-08-23T11:46:24.070Z,178,-34,1095
1787485584080,2026-08-23T11:46:24.080Z,140,-40,1021
1787485584090,2026-08-23T11:46:24.090Z,223,96,1107
1787485584100,2026-08-23T11:46:24.100Z,-109,55,929
1787485584110,2026-08-23T11:46:24.110Z,198,48,1008
1787485584120,2026-08-23T11:46:24.120Z,-186,28,832
1787485584130,2026-08-23T11:46:24.130Z,-8,-42,999
1787485584140,2026-08-23T11:46:24.140Z,-16,-39,1054
1787485584150,2026-08-23T11:46:24.150Z,208,-59,1129
1787485584160,2026-08-23T11:46:24.160Z,-168,-58,970
1787485584170,2026-08-23T11:46:24.170Z,-184,7,975
1787485584180,2026-08-23T11:46:24.180Z,217,32,1132
1787485584190,2026-08-23T11:46:24.190Z,55,35,1005
1787485584200,2026-08-23T11:46:24.200Z,-55,3,978
1787485584210,2026-08-23T11:46:24.210Z,69,24,1062
1787485584220,2026-08-23T11:46:24.220Z,-44,-20,1006
1787485584230,2026-08-23T11:46:24.230Z,97,-19,1051
1787485584240,2026-08-23T11:46:24.240Z,8,-52,1052
1787485584250,2026-08-23T11:46:24.250Z,34,-32,1011
1787485584260,2026-08-23T11:46:24.260Z,-47,18,1032
1787485584270,2026-08-23T11:46:24.270Z,223,22,1049
1787485584280,2026-08-23T11:46:24.280Z,186,22,1066
1787485584290,2026-08-23T11:46:24.290Z,-103,32,932
1787485584300,2026-08-23T11:46:24.300Z,80,40,1034
1787485584310,2026-08-23T11:46:24.310Z,95,15,985
1787485584320,2026-08-23T11:46:24.320Z,242,12,1036
1787485584330,2026-08-23T11:46:24.330Z,-152,48,920
1787485584340,2026-08-23T11:46:24.340Z,294,23,996
1787485584350,2026-08-23T11:46:24.350Z,-135,14,822
1787485584360,2026-08-23T11:46:24.360Z,-4,-45,854
1787485584370,2026-08-23T11:46:24.370Z,102,-11,856
1787485584380,2026-08-23T11:46:24.380Z,102,-11,856
1787485584390,2026-08-23T11:46:24.390Z,24,21,984
1787485584400,2026-08-23T11:46:24.400Z,-190,33,891
1787485584410,2026-08-23T11:46:24.410Z,332,41,1038
1787485584420,2026-08-23T11:46:24.420Z,-259,8,753
1787485584430,2026-08-23T11:46:24.430Z,224,28,1056
1787485584440,2026-08-23T11:46:24.440Z,23,-36,997
1787485584450,2026-08-23T11:46:24.450Z,299,-39,1055
1787485584460,2026-08-23T11:46:24.460Z,-222,-27,825
1787485584470,2026-08-23T11:46:24.470Z,-22,60,880
1787485584480,2026-08-23T11:46:24.480Z,111,101,1039
1787485584490,2026-08-23T11:46:24.490Z,214,79,1001
1787485584500,2026-08-23T11:46:24.500Z,-110,53,820
1787485584510,2026-08-23T11:46:24.510Z,204,39,976
1787485584520,2026-08-23T11:46:24.520Z,139,-4,987
1787485584530,2026-08-23T11:46:24.530Z,255,-23,934
1787485584540,2026-08-23T11:46:24.540Z,-48,-47,842
1787485584550,2026-08-23T11:46:24.550Z,283,-45,1007
1787485584560,2026-08-23T11:46:24.560Z,139,51,1077
1787485584570,2026-08-23T11:46:24.570Z,185,62,1014
1787485584580,2026-08-23T11:46:24.580Z,-123,63,954
1787485584590,2026-08-23T11:46:24.590Z,259,41,1052
1787485584600,2026-08-23T11:46:24.600Z,232,15,1090
1787485584610,2026-08-23T11:46:24.610Z,-16,-22,921
1787485584620,2026-08-23T11:46:24.620Z,100,-21,1027
1787485584630,2026-08-23T11:46:24.630Z,134,-66,1047
1787485584640,2026-08-23T11:46:24.640Z,156,12,1155
1787485584650,2026-08-23T11:46:24.650Z,-116,37,1102
1787485584660,2026-08-23T11:46:24.660Z,232,64,1231
1787485584670,2026-08-23T11:46:24.670Z,-190,28,1030
1787485584680,2026-08-23T11:46:24.680Z,-81,6,963
1787485584690,2026-08-23T11:46:24.690Z,11,39,997
1787485584700,2026-08-23T11:46:24.700Z,160,-8,1092
1787485584710,2026-08-23T11:46:24.710Z,-22,-25,1071
1787485584720,2026-08-23T11:46:24.720Z,-39,-31,1144
1787485584730,2026-08-23T11:46:24.730Z,126,2,1159
1787485584740,2026-08-23T11:46:24.740Z,-21,-33,1054
1787485584750,2026-08-23T11:46:24.750Z,25,-8,1019
1787485584760,2026-08-23T11:46:24.760Z,-100,11,974
1787485584770,2026-08-23T11:46:24.770Z,-7,11,1023
1787485584780,2026-08-23T11:46:24.780Z,-7,11,1023
1787485584790,2026-08-23T11:46:24.790Z,99,-40,1081
1787485584800,2026-08-23T11:46:24.800Z,34,-52,974
1787485584810,2026-08-23T11:46:24.810Z,84,-25,943
1787485584820,2026-08-23T11:46:24.820Z,119,-14,888
1787485584830,2026-08-23T11:46:24.830Z,111,-35,932
1787485584840,2026-08-23T11:46:24.840Z,103,-17,921
1787485584850,2026-08-23T11:46:24.850Z,53,-31,929
1787485584860,2026-08-23T11:46:24.860Z,88,-14,982
1787485584870,2026-08-23T11:46:24.870Z,130,-36,985
1787485584880,2026-08-23T11:46:24.880Z,-44,-47,842
1787485584890,2026-08-23T11:46:24.890Z,62,-44,893
1787485584900,2026-08-23T11:46:24.900Z,38,-37,852
1787485584910,2026-08-23T11:46:24.910Z,174,-43,1029
1787485584920,2026-08-23T11:46:24.920Z,85,-21,930
1787485584930,2026-08-23T11:46:24.930Z,59,-29,948
1787485584940,2026-08-23T11:46:24.940Z,149,-7,948
1787485584950,2026-08-23T11:46:24.950Z,145,12,938
1787485584960,2026-08-23T11:46:24.960Z,-8,-5,840
1787485584970,2026-08-23T11:46:24.970Z,133,-45,924
1787485584980,2026-08-23T11:46:24.980Z,58,-63,896
1787485584990,2026-08-23T11:46:24.990Z,162,-43,1040
1787485585000,2026-08-23T11:46:25.000Z,58,0,954
1787485585010,2026-08-23T11:46:25.010Z,100,6,966
1787485585020,2026-08-23T11:46:25.020Z,150,16,941
1787485585030,2026-08-23T11:46:25.030Z,219,39,1016
1787485585040,2026-08-23T11:46:25.040Z,-14,16,921
1787485585050,2026-08-23T11:46:25.050Z,238,-9,1059
1787485585060,2026-08-23T11:46:25.060Z,33,-15,972
1787485585070,2026-08-23T11:46:25.070Z,104,0,1051
1787485585080,2026-08-23T11:46:25.080Z,23,32,945
1787485585090,2026-08-23T11:46:25.090Z,110,13,1006
1787485585100,2026-08-23T11:46:25.100Z,55,4,952
1787485585110,2026-08-23T11:46:25.110Z,47,23,983
1787485585120,2026-08-23T11:46:25.120Z,135,52,1089
1787485585130,2026-08-23T11:46:25.130Z,185,25,1090
1787485585140,2026-08-23T11:46:25.140Z,-36,-18,980
1787485585150,2026-08-23T11:46:25.150Z,-22,-23,1032
1787485585160,2026-08-23T11:46:25.160Z,76,15,1019
1787485585170,2026-08-23T11:46:25.170Z,9,26,1037
1787485585180,2026-08-23T11:46:25.180Z,76,10,1043
1787485585190,2026-08-23T11:46:25.190Z,46,20,1051
1787485585200,2026-08-23T11:46:25.200Z,146,41,1101
1787485585210,2026-08-23T11:46:25.210Z,122,39,1108
1787485585220,2026-08-23T11:46:25.220Z,18,28,1065
1787485585230,2026-08-23T11:46:25.230Z,23,51,1071
1787485585240,2026-08-23T11:46:25.240Z,-101,33,991
1787485585250,2026-08-23T11:46:25.250Z,-101,33,991
1787485585260,2026-08-23T11:46:25.260Z,8,20,1050
1787485585270,2026-08-23T11:46:25.270Z,-25,-6,1001
1787485585280,2026-08-23T11:46:25.280Z,66,40,973
1787485585290,2026-08-23T11:46:25.290Z,66,40,973
1787485585300,2026-08-23T11:46:25.300Z,124,34,1033
1787485585310,2026-08-23T11:46:25.310Z,76,15,974
1787485585320,2026-08-23T11:46:25.320Z,83,10,949
1787485585330,2026-08-23T11:46:25.330Z,30,-15,934
1787485585340,2026-08-23T11:46:25.340Z,161,6,1045
1787485585350,2026-08-23T11:46:25.350Z,20,0,944
1787485585360,2026-08-23T11:46:25.360Z,88,12,952
1787485585370,2026-08-23T11:46:25.370Z,75,31,907
1787485585380,2026-08-23T11:46:25.380Z,163,25,1005
1787485585390,2026-08-23T11:46:25.390Z,16,30,937
1787485585400,2026-08-23T11:46:25.400Z,58,14,940
1787485585410,2026-08-23T11:46:25.410Z,-8,-14,913
1787485585420,2026-08-23T11:46:25.420Z,58,14,970
1787485585430,2026-08-23T11:46:25.430Z,-6,2,929
1787485585440,2026-08-23T11:46:25.440Z,70,-7,864
1787485585450,2026-08-23T11:46:25.450Z,36,-5,852
1787485585460,2026-08-23T11:46:25.460Z,94,7,1001
1787485585470,2026-08-23T11:46:25.470Z,134,-6,912
1787485585480,2026-08-23T11:46:25.480Z,134,-6,912
1787485585490,2026-08-23T11:46:25.490Z,105,-9,935
1787485585500,2026-08-23T11:46:25.500Z,20,7,898
1787485585510,2026-08-23T11:46:25.510Z,121,2,954
1787485585520,2026-08-23T11:46:25.520Z,55,-17,963
1787485585530,2026-08-23T11:46:25.530Z,28,-27,973
1787485585540,2026-08-23T11:46:25.540Z,-29,-3,1036
1787485585550,2026-08-23T11:46:25.550Z,174,41,1071
1787485585560,2026-08-23T11:46:25.560Z,-104,21,919
1787485585570,2026-08-23T11:46:25.570Z,-80,7,1009
1787485585580,2026-08-23T11:46:25.580Z,103,13,1129
1787485585590,2026-08-23T11:46:25.590Z,24,18,1070
1787485585600,2026-08-23T11:46:25.600Z,16,37,1081
1787485585610,2026-08-23T11:46:25.610Z,-93,-10,1023
1787485585620,2026-08-23T11:46:25.620Z,114,5,1130
1787485585630,2026-08-23T11:46:25.630Z,25,12,969
1787485585640,2026-08-23T11:46:25.640Z,-47,11,993
1787485585650,2026-08-23T11:46:25.650Z,8,11,978
1787485585660,2026-08-23T11:46:25.660Z,206,26,1060
1787485585670,2026-08-23T11:46:25.670Z,127,46,1016
1787485585680,2026-08-23T11:46:25.680Z,144,47,1067
1787485585690,2026-08-23T11:46:25.690Z,89,-23,1037
1787485585700,2026-08-23T11:46:25.700Z,88,-71,1009
1787485585710,2026-08-23T11:46:25.710Z,-17,-46,941
1787485585720,2026-08-23T11:46:25.720Z,25,-25,943
1787485585730,2026-08-23T11:46:25.730Z,72,18,1064
1787485585740,2026-08-23T11:46:25.740Z,43,20,1054
1787485585750,2026-08-23T11:46:25.750Z,95,49,1065
1787485585760,2026-08-23T11:46:25.760Z,53,33,988
1787485585770,2026-08-23T11:46:25.770Z,150,-6,1023
1787485585780,2026-08-23T11:46:25.780Z,113,-9,970
1787485585790,2026-08-23T11:46:25.790Z,122,-1,891
1787485585800,2026-08-23T11:46:25.800Z,-51,-28,885
1787485585810,2026-08-23T11:46:25.810Z,79,-8,1019
1787485585820,2026-08-23T11:46:25.820Z,89,-7,1069
1787485585830,2026-08-23T11:46:25.830Z,91,0,961
1787485585840,2026-08-23T11:46:25.840Z,84,-5,938
1787485585850,2026-08-23T11:46:25.850Z,-10,24,941
1787485585860,2026-08-23T11:46:25.860Z,165,29,1014
1787485585870,2026-08-23T11:46:25.870Z,-7,5,872
1787485585880,2026-08-23T11:46:25.880Z,85,-18,1002
1787485585890,2026-08-23T11:46:25.890Z,-43,-14,1004
1787485585900,2026-08-23T11:46:25.900Z,147,-18,1110
1787485585910,2026-08-23T11:46:25.910Z,-35,-12,999
1787485585920,2026-08-23T11:46:25.920Z,122,5,1014
1787485585930,2026-08-23T11:46:25.930Z,50,16,964
1787485585940,2026-08-23T11:46:25.940Z,109,29,1007
1787485585950,2026-08-23T11:46:25.950Z,30,34,973
1787485585960,2026-08-23T11:46:25.960Z,18,-19,958
1787485585970,2026-08-23T11:46:25.970Z,135,24,1030
1787485585980,2026-08-23T11:46:25.980Z,70,41,929
1787485585990,2026-08-23T11:46:25.990Z,70,41,929
1787485586000,2026-08-23T11:46:26.000Z,136,18,924
1787485586010,2026-08-23T11:46:26.010Z,73,-34,987
1787485586020,2026-08-23T11:46:26.020Z,91,-16,1003
1787485586030,2026-08-23T11:46:26.030Z,141,-6,976
1787485586040,2026-08-23T11:46:26.040Z,110,-8,912
1787485586050,2026-08-23T11:46:26.050Z,16,3,877
1787485586060,2026-08-23T11:46:26.060Z,37,3,918
1787485586070,2026-08-23T11:46:26.070Z,10,11,909
1787485586080,2026-08-23T11:46:26.080Z,-33,-22,1005
1787485586090,2026-08-23T11:46:26.090Z,85,-15,1063
1787485586100,2026-08-23T11:46:26.100Z,-8,-6,993
1787485586110,2026-08-23T11:46:26.110Z,-11,-5,958
1787485586120,2026-08-23T11:46:26.120Z,-2,-3,1039
1787485586130,2026-08-23T11:46:26.130Z,119,11,1092
1787485586140,2026-08-23T11:46:26.140Z,-2,8,1034
1787485586150,2026-08-23T11:46:26.150Z,49,4,1064
1787485586160,2026-08-23T11:46:26.160Z,-118,-42,986
1787485586170,2026-08-23T11:46:26.170Z,109,-34,1117
1787485586180,2026-08-23T11:46:26.180Z,-94,-18,1021
1787485586190,2026-08-23T11:46:26.190Z,46,-2,1097
1787485586200,2026-08-23T11:46:26.200Z,46,11,1079
1787485586210,2026-08-23T11:46:26.210Z,226,-1,1074
1787485586220,2026-08-23T11:46:26.220Z,-57,-10,914
1787485586230,2026-08-23T11:46:26.230Z,168,-5,1044
1787485586240,2026-08-23T11:46:26.240Z,101,-40,1122
1787485586250,2026-08-23T11:46:26.250Z,117,-62,1078
1787485586260,2026-08-23T11:46:26.260Z,121,-41,1060
1787485586270,2026-08-23T11:46:26.270Z,121,-41,1060
1787485586280,2026-08-23T11:46:26.280Z,134,22,1065
1787485586290,2026-08-23T11:46:26.290Z,36,25,1024
1787485586300,2026-08-23T11:46:26.300Z,103,18,1039
1787485586310,2026-08-23T11:46:26.310Z,129,-20,1023
1787485586320,2026-08-23T11:46:26.320Z,159,-52,1070
1787485586330,2026-08-23T11:46:26.330Z,95,-55,1016
1787485586340,2026-08-23T11:46:26.340Z,126,-19,960
1787485586350,2026-08-23T11:46:26.350Z,-12,-26,897
1787485586360,2026-08-23T11:46:26.360Z,40,14,947
1787485586370,2026-08-23T11:46:26.370Z,15,2,964
1787485586380,2026-08-23T11:46:26.380Z,162,-10,1025
1787485586390,2026-08-23T11:46:26.390Z,77,-31,933
1787485586400,2026-08-23T11:46:26.400Z,29,-46,922
1787485586410,2026-08-23T11:46:26.410Z,186,-2,999
1787485586420,2026-08-23T11:46:26.420Z,112,12,934
1787485586430,2026-08-23T11:46:26.430Z,136,12,966
1787485586440,2026-08-23T11:46:26.440Z,29,38,930
1787485586450,2026-08-23T11:46:26.450Z,10,-2,962
1787485586460,2026-08-23T11:46:26.460Z,33,-54,972
1787485586470,2026-08-23T11:46:26.470Z,149,-91,1000
1787485586480,2026-08-23T11:46:26.480Z,72,-85,928
1787485586490,2026-08-23T11:46:26.490Z,39,-43,945
1787485586500,2026-08-23T11:46:26.500Z,209,37,994
1787485586510,2026-08-23T11:46:26.510Z,168,35,1022
1787485586520,2026-08-23T11:46:26.520Z,14,52,908
1787485586530,2026-08-23T11:46:26.530Z,26,47,949
1787485586540,2026-08-23T11:46:26.540Z,106,54,974
1787485586550,2026-08-23T11:46:26.550Z,146,-1,1031
1787485586560,2026-08-23T11:46:26.560Z,43,-20,1016
1787485586570,2026-08-23T11:46:26.570Z,119,-35,1043
1787485586580,2026-08-23T11:46:26.580Z,0,-12,915
1787485586590,2026-08-23T11:46:26.590Z,205,-8,1026
1787485586600,2026-08-23T11:46:26.600Z,30,-3,901
1787485586610,2026-08-23T11:46:26.610Z,-5,-10,893
1787485586620,2026-08-23T11:46:26.620Z,134,28,937
1787485586630,2026-08-23T11:46:26.630Z,45,28,1026
1787485586640,2026-08-23T11:46:26.640Z,135,22,1076
1787485586650,2026-08-23T11:46:26.650Z,-2,-9,1052
1787485586660,2026-08-23T11:46:26.660Z,184,8,1065
1787485586670,2026-08-23T11:46:26.670Z,141,-18,1101
1787485586680,2026-08-23T11:46:26.680Z,9,-20,1020
1787485586690,2026-08-23T11:46:26.690Z,25,-16,998
1787485586700,2026-08-23T11:46:26.700Z,24,-15,931
1787485586710,2026-08-23T11:46:26.710Z,52,21,1017
1787485586720,2026-08-23T11:46:26.720Z,42,29,1096
1787485586730,2026-08-23T11:46:26.730Z,82,39,1104
1787485586740,2026-08-23T11:46:26.740Z,36,27,1014
1787485586750,2026-08-23T11:46:26.750Z,86,-20,1003
1787485586760,2026-08-23T11:46:26.760Z,26,-16,985
1787485586770,2026-08-23T11:46:26.770Z,119,-18,1002
1787485586780,2026-08-23T11:46:26.780Z,149,-24,1025
1787485586790,2026-08-23T11:46:26.790Z,-95,-15,960
1787485586800,2026-08-23T11:46:26.800Z,135,9,1115
1787485586810,2026-08-23T11:46:26.810Z,75,-5,1031
1787485586820,2026-08-23T11:46:26.820Z,-57,-11,949
1787485586830,2026-08-23T11:46:26.830Z,-119,-34,915
1787485586840,2026-08-23T11:46:26.840Z,45,-5,1049
1787485586850,2026-08-23T11:46:26.850Z,41,-2,992
1787485586860,2026-08-23T11:46:26.860Z,210,28,1059
1787485586870,2026-08-23T11:46:26.870Z,-83,9,980
1787485586880,2026-08-23T11:46:26.880Z,219,28,1133
1787485586890,2026-08-23T11:46:26.890Z,-27,42,901
1787485586900,2026-08-23T11:46:26.900Z,30,-22,882
1787485586910,2026-08-23T11:46:26.910Z,1,-27,929
1787485586920,2026-08-23T11:46:26.920Z,55,-13,962
1787485586930,2026-08-23T11:46:26.930Z,-49,-9,962
1787485586940,2026-08-23T11:46:26.940Z,69,-15,941
1787485586950,2026-08-23T11:46:26.950Z,-24,-46,887
1787485586960,2026-08-23T11:46:26.960Z,133,-39,954
1787485586970,2026-08-23T11:46:26.970Z,99,12,930
1787485586980,2026-08-23T11:46:26.980Z,109,-6,1008
1787485586990,2026-08-23T11:46:26.990Z,84,5,1017
1787485587000,2026-08-23T11:46:27.000Z,15,11,988
1787485587010,2026-08-23T11:46:27.010Z,50,-6,911
1787485587020,2026-08-23T11:46:27.020Z,112,-3,954
1787485587030,2026-08-23T11:46:27.030Z,29,-50,950
1787485587040,2026-08-23T11:46:27.040Z,85,-51,1007
1787485587050,2026-08-23T11:46:27.050Z,70,-24,981
1787485587060,2026-08-23T11:46:27.060Z,162,27,1091
1787485587070,2026-08-23T11:46:27.070Z,-18,23,1018
1787485587080,2026-08-23T11:46:27.080Z,30,10,968
1787485587090,2026-08-23T11:46:27.090Z,30,10,968
1787485587100,2026-08-23T11:46:27.100Z,166,-1,1074
1787485587110,2026-08-23T11:46:27.110Z,37,-33,1039
1787485587120,2026-08-23T11:46:27.120Z,146,-60,1055
1787485587130,2026-08-23T11:46:27.130Z,110,-56,954
1787485587140,2026-08-23T11:46:27.140Z,197,-20,1087
1787485587150,2026-08-23T11:46:27.150Z,6,2,1077
1787485587160,2026-08-23T11:46:27.160Z,116,5,1122
1787485587170,2026-08-23T11:46:27.170Z,18,12,1039
1787485587180,2026-08-23T11:46:27.180Z,30,21,1009
1787485587190,2026-08-23T11:46:27.190Z,26,-5,1026
1787485587200,2026-08-23T11:46:27.200Z,113,-19,1070
1787485587210,2026-08-23T11:46:27.210Z,91,1,1023
1787485587220,2026-08-23T11:46:27.220Z,127,-37,1056
1787485587230,2026-08-23T11:46:27.230Z,19,1,1084
1787485587240,2026-08-23T11:46:27.240Z,159,14,1136
1787485587250,2026-08-23T11:46:27.250Z,53,10,970
1787485587260,2026-08-23T11:46:27.260Z,63,9,1003
1787485587270,2026-08-23T11:46:27.270Z,63,9,1003
1787485587280,2026-08-23T11:46:27.280Z,69,-5,972
1787485587290,2026-08-23T11:46:27.290Z,69,-5,972
1787485587300,2026-08-23T11:46:27.300Z,123,-4,984
1787485587310,2026-08-23T11:46:27.310Z,43,8,930
1787485587320,2026-08-23T11:46:27.320Z,109,6,955
1787485587330,2026-08-23T11:46:27.330Z,170,15,981
1787485587340,2026-08-23T11:46:27.340Z,-10,-14,893
1787485587350,2026-08-23T11:46:27.350Z,27,-6,992
1787485587360,2026-08-23T11:46:27.360Z,162,12,1063
1787485587370,2026-08-23T11:46:27.370Z,39,7,910
1787485587380,2026-08-23T11:46:27.380Z,158,-13,859
1787485587390,2026-08-23T11:46:27.390Z,1,-4,857
1787485587400,2026-08-23T11:46:27.400Z,153,-11,954
1787485587410,2026-08-23T11:46:27.410Z,181,-28,991
1787485587420,2026-08-23T11:46:27.420Z,4,-73,903
1787485587430,2026-08-23T11:46:27.430Z,98,-45,1005
1787485587440,2026-08-23T11:46:27.440Z,27,-6,1015
1787485587450,2026-08-23T11:46:27.450Z,81,66,999
1787485587460,2026-08-23T11:46:27.460Z,25,75,1005
1787485587470,2026-08-23T11:46:27.470Z,37,19,1008
1787485587480,2026-08-23T11:46:27.480Z,37,19,1008
1787485587490,2026-08-23T11:46:27.490Z,185,-25,1036
1787485587500,2026-08-23T11:46:27.500Z,-1,-75,947
1787485587510,2026-08-23T11:46:27.510Z,72,-82,995
1787485587520,2026-08-23T11:46:27.520Z,32,-48,970
1787485587530,2026-08-23T11:46:27.530Z,75,18,1078
1787485587540,2026-08-23T11:46:27.540Z,47,35,1099
1787485587550,2026-08-23T11:46:27.550Z,55,36,1064
1787485587560,2026-08-23T11:46:27.560Z,-53,-4,1001
1787485587570,2026-08-23T11:46:27.570Z,3,15,998
1787485587580,2026-08-23T11:46:27.580Z,20,-15,1043
1787485587590,2026-08-23T11:46:27.590Z,56,-18,1098
1787485587600,2026-08-23T11:46:27.600Z,4,1,983
1787485587610,2026-08-23T11:46:27.610Z,57,34,1043
1787485587620,2026-08-23T11:46:27.620Z,78,51,1063
1787485587630,2026-08-23T11:46:27.630Z,12,78,1063
1787485587640,2026-08-23T11:46:27.640Z,71,40,1071
1787485587650,2026-08-23T11:46:27.650Z,63,-8,1025
1787485587660,2026-08-23T11:46:27.660Z,17,-51,999
1787485587670,2026-08-23T11:46:27.670Z,46,-44,1030
1787485587680,2026-08-23T11:46:27.680Z,4,-29,950
1787485587690,2026-08-23T11:46:27.690Z,124,-1,1028
1787485587700,2026-08-23T11:46:27.700Z,1,11,988
1787485587710,2026-08-23T11:46:27.710Z,133,53,1038
1787485587720,2026-08-23T11:46:27.720Z,-5,-23,855
1787485587730,2026-08-23T11:46:27.730Z,100,-28,894
1787485587740,2026-08-23T11:46:27.740Z,-105,-67,920
1787485587750,2026-08-23T11:46:27.750Z,138,-52,1149
1787485587760,2026-08-23T11:46:27.760Z,55,-25,1047
1787485587770,2026-08-23T11:46:27.770Z,94,-28,1007
1787485587780,2026-08-23T11:46:27.780Z,22,0,972
1787485587790,2026-08-23T11:46:27.790Z,78,30,964
1787485587800,2026-08-23T11:46:27.800Z,84,21,917
1787485587810,2026-08-23T11:46:27.810Z,104,-1,905
1787485587820,2026-08-23T11:46:27.820Z,-42,-29,924
1787485587830,2026-08-23T11:46:27.830Z,138,-26,1005
1787485587840,2026-08-23T11:46:27.840Z,81,-43,960
1787485587850,2026-08-23T11:46:27.850Z,100,-37,951
1787485587860,2026-08-23T11:46:27.860Z,13,-27,937
1787485587870,2026-08-23T11:46:27.870Z,125,-3,931
1787485587880,2026-08-23T11:46:27.880Z,209,-3,966
1787485587890,2026-08-23T11:46:27.890Z,156,7,910
1787485587900,2026-08-23T11:46:27.900Z,41,-34,914
1787485587910,2026-08-23T11:46:27.910Z,151,-52,959
1787485587920,2026-08-23T11:46:27.920Z,94,-35,970
1787485587930,2026-08-23T11:46:27.930Z,92,-58,965
1787485587940,2026-08-23T11:46:27.940Z,26,-76,977
1787485587950,2026-08-23T11:46:27.950Z,73,-49,1006
1787485587960,2026-08-23T11:46:27.960Z,161,4,1065
1787485587970,2026-08-23T11:46:27.970Z,108,25,1019
1787485587980,2026-08-23T11:46:27.980Z,59,6,1057
1787485587990,2026-08-23T11:46:27.990Z,165,-8,1015
1787485588000,2026-08-23T11:46:28.000Z,48,-9,926
1787485588010,2026-08-23T11:46:28.010Z,122,-15,972
1787485588020,2026-08-23T11:46:28.020Z,37,-23,1027
1787485588030,2026-08-23T11:46:28.030Z,89,-40,1096
1787485588040,2026-08-23T11:46:28.040Z,101,-25,1058
1787485588050,2026-08-23T11:46:28.050Z,69,-17,972
1787485588060,2026-08-23T11:46:28.060Z,127,-26,1018
1787485588070,2026-08-23T11:46:28.070Z,99,-30,986
1787485588080,2026-08-23T11:46:28.080Z,9,-47,987
1787485588090,2026-08-23T11:46:28.090Z,191,-38,1129
1787485588100,2026-08-23T11:46:28.100Z,57,-28,1080
1787485588110,2026-08-23T11:46:28.110Z,94,-39,1027
1787485588120,2026-08-23T11:46:28.120Z,88,25,1012
1787485588130,2026-08-23T11:46:28.130Z,-37,39,986
1787485588140,2026-08-23T11:46:28.140Z,78,41,1068
1787485588150,2026-08-23T11:46:28.150Z,151,5,1012
1787485588160,2026-08-23T11:46:28.160Z,64,-45,983
1787485588170,2026-08-23T11:46:28.170Z,117,-61,989
1787485588180,2026-08-23T11:46:28.180Z,23,-67,983
1787485588190,2026-08-23T11:46:28.190Z,79,-24,991
1787485588200,2026-08-23T11:46:28.200Z,52,-5,963
1787485588210,2026-08-23T11:46:28.210Z,33,23,988
1787485588220,2026-08-23T11:46:28.220Z,62,48,1019
1787485588230,2026-08-23T11:46:28.230Z,155,27,984
1787485588240,2026-08-23T11:46:28.240Z,45,-19,969
1787485588250,2026-08-23T11:46:28.250Z,135,-61,1025
1787485588260,2026-08-23T11:46:28.260Z,87,-68,974
1787485588270,2026-08-23T11:46:28.270Z,114,-33,953
1787485588280,2026-08-23T11:46:28.280Z,53,-20,895
1787485588290,2026-08-23T11:46:28.290Z,-46,-24,911
1787485588300,2026-08-23T11:46:28.300Z,-10,-6,1016
1787485588310,2026-08-23T11:46:28.310Z,102,26,1050
1787485588320,2026-08-23T11:46:28.320Z,-29,-14,1009
1787485588330,2026-08-23T11:46:28.330Z,162,-41,1053
1787485588340,2026-08-23T11:46:28.340Z,12,-45,981
1787485588350,2026-08-23T11:46:28.350Z,59,-26,999
1787485588360,2026-08-23T11:46:28.360Z,93,-12,1012
1787485588370,2026-08-23T11:46:28.370Z,7,-12,991
1787485588380,2026-08-23T11:46:28.380Z,97,18,1043
1787485588390,2026-08-23T11:46:28.390Z,49,53,927
1787485588400,2026-08-23T11:46:28.400Z,73,34,947
1787485588410,2026-08-23T11:46:28.410Z,123,-4,1008
1787485588420,2026-08-23T11:46:28.420Z,60,-20,1009
1787485588430,2026-08-23T11:46:28.430Z,43,-45,931
1787485588440,2026-08-23T11:46:28.440Z,130,-12,994
1787485588450,2026-08-23T11:46:28.450Z,-30,2,948
1787485588460,2026-08-23T11:46:28.460Z,92,6,964
1787485588470,2026-08-23T11:46:28.470Z,69,47,971
1787485588480,2026-08-23T11:46:28.480Z,32,11,1005
1787485588490,2026-08-23T11:46:28.490Z,53,3,1095
1787485588500,2026-08-23T11:46:28.500Z,127,14,1132
1787485588510,2026-08-23T11:46:28.510Z,23,-27,1047
1787485588520,2026-08-23T11:46:28.520Z,-6,-1,1017
1787485588530,2026-08-23T11:46:28.530Z,-46,-6,1005
1787485588540,2026-08-23T11:46:28.540Z,57,10,1047
1787485588550,2026-08-23T11:46:28.550Z,33,56,994
1787485588560,2026-08-23T11:46:28.560Z,35,67,1036
1787485588570,2026-08-23T11:46:28.570Z,105,70,1085
1787485588580,2026-08-23T11:46:28.580Z,49,24,1041
1787485588590,2026-08-23T11:46:28.590Z,58,-6,989
1787485588600,2026-08-23T11:46:28.600Z,10,-14,984
1787485588610,2026-08-23T11:46:28.610Z,-25,-58,968
1787485588620,2026-08-23T11:46:28.620Z,79,-13,967
1787485588630,2026-08-23T11:46:28.630Z,-22,-21,956
1787485588640,2026-08-23T11:46:28.640Z,91,-4,1079
1787485588650,2026-08-23T11:46:28.650Z,18,36,1043
1787485588660,2026-08-23T11:46:28.660Z,61,40,988
1787485588670,2026-08-23T11:46:28.670Z,58,20,923
1787485588680,2026-08-23T11:46:28.680Z,109,31,886
1787485588690,2026-08-23T11:46:28.690Z,-56,-13,842
1787485588700,2026-08-23T11:46:28.700Z,162,15,998
1787485588710,2026-08-23T11:46:28.710Z,86,29,1013
1787485588720,2026-08-23T11:46:28.720Z,127,29,1017
1787485588730,2026-08-23T11:46:28.730Z,22,28,949
1787485588740,2026-08-23T11:46:28.740Z,-11,59,867
1787485588750,2026-08-23T11:46:28.750Z,103,22,925
1787485588760,2026-08-23T11:46:28.760Z,-6,-52,956
1787485588770,2026-08-23T11:46:28.770Z,-6,-52,956
1787485588780,2026-08-23T11:46:28.780Z,108,-12,1015
1787485588790,2026-08-23T11:46:28.790Z,136,21,1024
1787485588800,2026-08-23T11:46:28.800Z,136,21,1024
1787485588810,2026-08-23T11:46:28.810Z,91,39,974
1787485588820,2026-08-23T11:46:28.820Z,51,108,916
1787485588830,2026-08-23T11:46:28.830Z,110,96,991
1787485588840,2026-08-23T11:46:28.840Z,141,93,1034
1787485588850,2026-08-23T11:46:28.850Z,1,16,1036
1787485588860,2026-08-23T11:46:28.860Z,7,-44,1057
1787485588870,2026-08-23T11:46:28.870Z,-27,-55,1125
1787485588880,2026-08-23T11:46:28.880Z,87,-53,1116
1787485588890,2026-08-23T11:46:28.890Z,-32,-46,1035
1787485588900,2026-08-23T11:46:28.900Z,-67,0,941
1787485588910,2026-08-23T11:46:28.910Z,122,45,1071
1787485588920,2026-08-23T11:46:28.920Z,156,92,1108
1787485588930,2026-08-23T11:46:28.930Z,164,89,1168
1787485588940,2026-08-23T11:46:28.940Z,145,62,898
1787485588950,2026-08-23T11:46:28.950Z,61,34,846
1787485588960,2026-08-23T11:46:28.960Z,176,8,924
1787485588970,2026-08-23T11:46:28.970Z,101,-30,916
1787485588980,2026-08-23T11:46:28.980Z,12,-77,944
1787485588990,2026-08-23T11:46:28.990Z,80,-67,1098
1787485589000,2026-08-23T11:46:29.000Z,118,-30,1189
1787485589010,2026-08-23T11:46:29.010Z,106,39,1099
1787485589020,2026-08-23T11:46:29.020Z,10,52,904
1787485589030,2026-08-23T11:46:29.030Z,-34,35,892
1787485589040,2026-08-23T11:46:29.040Z,119,10,970
1787485589050,2026-08-23T11:46:29.050Z,178,-14,1095
1787485589060,2026-08-23T11:46:29.060Z,115,-41,1048
1787485589070,2026-08-23T11:46:29.070Z,105,-35,1055
1787485589080,2026-08-23T11:46:29.080Z,69,4,1055
1787485589090,2026-08-23T11:46:29.090Z,89,92,1018
1787485589100,2026-08-23T11:46:29.100Z,89,92,1018
1787485589110,2026-08-23T11:46:29.110Z,-49,85,944
1787485589120,2026-08-23T11:46:29.120Z,84,80,949
1787485589130,2026-08-23T11:46:29.130Z,68,17,878
1787485589140,2026-08-23T11:46:29.140Z,136,0,934
1787485589150,2026-08-23T11:46:29.150Z,123,-37,931
1787485589160,2026-08-23T11:46:29.160Z,154,-2,975
1787485589170,2026-08-23T11:46:29.170Z,90,6,939
1787485589180,2026-08-23T11:46:29.180Z,189,60,906
1787485589190,2026-08-23T11:46:29.190Z,130,53,973
1787485589200,2026-08-23T11:46:29.200Z,39,60,904
1787485589210,2026-08-23T11:46:29.210Z,56,56,887
1787485589220,2026-08-23T11:46:29.220Z,146,72,873
1787485589230,2026-08-23T11:46:29.230Z,110,24,863
1787485589240,2026-08-23T11:46:29.240Z,49,22,856
1787485589250,2026-08-23T11:46:29.250Z,26,29,1017
1787485589260,2026-08-23T11:46:29.260Z,65,55,1062
1787485589270,2026-08-23T11:46:29.270Z,-31,37,1093
1787485589280,2026-08-23T11:46:29.280Z,78,34,1133
1787485589290,2026-08-23T11:46:29.290Z,39,58,990
1787485589300,2026-08-23T11:46:29.300Z,39,58,990
1787485589310,2026-08-23T11:46:29.310Z,156,72,1018
1787485589320,2026-08-23T11:46:29.320Z,34,45,958
1787485589330,2026-08-23T11:46:29.330Z,83,7,986
1787485589340,2026-08-23T11:46:29.340Z,36,-3,969
1787485589350,2026-08-23T11:46:29.350Z,-8,17,1020
1787485589360,2026-08-23T11:46:29.360Z,1,22,1077
1787485589370,2026-08-23T11:46:29.370Z,-119,91,1037
1787485589380,2026-08-23T11:46:29.380Z,11,108,1082
1787485589390,2026-08-23T11:46:29.390Z,33,88,1095
1787485589400,2026-08-23T11:46:29.400Z,3,48,1091
1787485589410,2026-08-23T11:46:29.410Z,25,-27,1053
1787485589420,2026-08-23T11:46:29.420Z,106,-12,1007
1787485589430,2026-08-23T11:46:29.430Z,58,1,979
1787485589440,2026-08-23T11:46:29.440Z,119,46,983
1787485589450,2026-08-23T11:46:29.450Z,-4,26,952
1787485589460,2026-08-23T11:46:29.460Z,57,50,992
1787485589470,2026-08-23T11:46:29.470Z,49,61,1036
1787485589480,2026-08-23T11:46:29.480Z,162,54,1124
1787485589490,2026-08-23T11:46:29.490Z,51,60,1005
1787485589500,2026-08-23T11:46:29.500Z,57,84,919
1787485589510,2026-08-23T11:46:29.510Z,-62,107,923
1787485589520,2026-08-23T11:46:29.520Z,56,83,987
1787485589530,2026-08-23T11:46:29.530Z,67,-2,994
1787485589540,2026-08-23T11:46:29.540Z,72,-58,955
1787485589550,2026-08-23T11:46:29.550Z,126,-44,1020
1787485589560,2026-08-23T11:46:29.560Z,51,23,1014
1787485589570,2026-08-23T11:46:29.570Z,145,52,998
1787485589580,2026-08-23T11:46:29.580Z,-53,81,849
1787485589590,2026-08-23T11:46:29.590Z,53,81,978
1787485589600,2026-08-23T11:46:29.600Z,24,69,1030
1787485589610,2026-08-23T11:46:29.610Z,111,29,1018
1787485589620,2026-08-23T11:46:29.620Z,-69,0,931
1787485589630,2026-08-23T11:46:29.630Z,260,-17,958
1787485589640,2026-08-23T11:46:29.640Z,239,14,972
1787485589650,2026-08-23T11:46:29.650Z,76,18,830
1787485589660,2026-08-23T11:46:29.660Z,121,25,975
1787485589670,2026-08-23T11:46:29.670Z,-141,5,876
1787485589680,2026-08-23T11:46:29.680Z,292,42,982
1787485589690,2026-08-23T11:46:29.690Z,-197,39,756
1787485589700,2026-08-23T11:46:29.700Z,174,37,977
1787485589710,2026-08-23T11:46:29.710Z,42,-7,823
1787485589720,2026-08-23T11:46:29.720Z,236,-103,870
1787485589730,2026-08-23T11:46:29.730Z,-114,-113,770
1787485589740,2026-08-23T11:46:29.740Z,352,-101,1000
1787485589750,2026-08-23T11:46:29.750Z,-94,-89,855
1787485589760,2026-08-23T11:46:29.760Z,28,43,945
1787485589770,2026-08-23T11:46:29.770Z,-71,133,1008
1787485589780,2026-08-23T11:46:29.780Z,165,171,1025
1787485589790,2026-08-23T11:46:29.790Z,-163,172,995
1787485589800,2026-08-23T11:46:29.800Z,-170,28,1072
1787485589810,2026-08-23T11:46:29.810Z,133,-22,1233
1787485589820,2026-08-23T11:46:29.820Z,-156,-93,1088
1787485589830,2026-08-23T11:46:29.830Z,34,-98,1174
1787485589840,2026-08-23T11:46:29.840Z,-107,-41,1171
1787485589850,2026-08-23T11:46:29.850Z,78,6,1178
1787485589860,2026-08-23T11:46:29.860Z,-193,67,1063
1787485589870,2026-08-23T11:46:29.870Z,-120,209,1059
1787485589880,2026-08-23T11:46:29.880Z,213,242,1199
1787485589890,2026-08-23T11:46:29.890Z,-33,212,1037
1787485589900,2026-08-23T11:46:29.900Z,101,218,1163
1787485589910,2026-08-23T11:46:29.910Z,-43,219,1517
1787485589920,2026-08-23T11:46:29.920Z,244,209,1470
1787485589930,2026-08-23T11:46:29.930Z,-638,281,1519
1787485589940,2026-08-23T11:46:29.940Z,598,345,1790
1787485589950,2026-08-23T11:46:29.950Z,567,519,1431
1787485589960,2026-08-23T11:46:29.960Z,-472,121,1152
1787485589970,2026-08-23T11:46:29.970Z,-661,118,783
1787485589980,2026-08-23T11:46:29.980Z,792,-27,1458
1787485589990,2026-08-23T11:46:29.990Z,792,-27,1458
1787485590000,2026-08-23T11:46:30.000Z,-2212,-297,823
1787485590010,2026-08-23T11:46:30.010Z,2903,-641,1531
1787485590020,2026-08-23T11:46:30.020Z,-1494,-617,-598
1787485590030,2026-08-23T11:46:30.030Z,1627,-1083,1050
1787485590040,2026-08-23T11:46:30.040Z,-778,1559,-402
1787485590050,2026-08-23T11:46:30.050Z,-865,1622,-1080
1787485590060,2026-08-23T11:46:30.060Z,835,-127,2120
1787485590070,2026-08-23T11:46:30.070Z,1641,1969,2499
1787485590080,2026-08-23T11:46:30.080Z,-3133,1676,232
1787485590090,2026-08-23T11:46:30.090Z,237,970,119
1787485590100,2026-08-23T11:46:30.100Z,245,1294,992
1787485590110,2026-08-23T11:46:30.110Z,467,-638,-353
1787485590120,2026-08-23T11:46:30.120Z,-782,-1074,818
1787485590130,2026-08-23T11:46:30.130Z,2849,-1548,1877
1787485590140,2026-08-23T11:46:30.140Z,-277,-1349,1239
1787485590150,2026-08-23T11:46:30.150Z,-2142,-1474,-37
1787485590160,2026-08-23T11:46:30.160Z,383,-103,87
1787485590170,2026-08-23T11:46:30.170Z,-2015,638,31
1787485590180,2026-08-23T11:46:30.180Z,2176,461,1469
1787485590190,2026-08-23T11:46:30.190Z,-2819,899,1365
1787485590200,2026-08-23T11:46:30.200Z,1086,3059,3398
1787485590210,2026-08-23T11:46:30.210Z,-311,1014,2113
1787485590220,2026-08-23T11:46:30.220Z,-450,1145,492
1787485590230,2026-08-23T11:46:30.230Z,-570,-294,-148
1787485590240,2026-08-23T11:46:30.240Z,1675,-1012,1379
1787485590250,2026-08-23T11:46:30.250Z,-2652,354,-92
1787485590260,2026-08-23T11:46:30.260Z,-3232,-650,512
1787485590270,2026-08-23T11:46:30.270Z,2291,-95,1109
1787485590280,2026-08-23T11:46:30.280Z,-2864,-440,1245
1787485590290,2026-08-23T11:46:30.290Z,-1033,-274,-190
1787485590300,2026-08-23T11:46:30.300Z,-355,-84,-131
1787485590310,2026-08-23T11:46:30.310Z,695,223,629
1787485590320,2026-08-23T11:46:30.320Z,-211,1885,650
1787485590330,2026-08-23T11:46:30.330Z,-1456,171,2489
1787485590340,2026-08-23T11:46:30.340Z,-2335,1184,190
1787485590350,2026-08-23T11:46:30.350Z,-1093,1464,676
1787485590360,2026-08-23T11:46:30.360Z,1344,442,1417
1787485590370,2026-08-23T11:46:30.370Z,240,2059,947
1787485590380,2026-08-23T11:46:30.380Z,-3246,1450,1885
1787485590390,2026-08-23T11:46:30.390Z,-454,1576,1545
1787485590400,2026-08-23T11:46:30.400Z,1652,-183,-1282
1787485590410,2026-08-23T11:46:30.410Z,-3623,-2664,-1709
1787485590420,2026-08-23T11:46:30.420Z,3562,-2186,1923
1787485590430,2026-08-23T11:46:30.430Z,1542,-3955,2185
1787485590440,2026-08-23T11:46:30.440Z,-2844,-2104,1132
1787485590450,2026-08-23T11:46:30.450Z,1705,-3714,1321
1787485590460,2026-08-23T11:46:30.460Z,-924,3895,3204
1787485590470,2026-08-23T11:46:30.470Z,-1200,2005,1758
1787485590480,2026-08-23T11:46:30.480Z,-2197,3449,1133
1787485590490,2026-08-23T11:46:30.490Z,-2197,3449,1133
1787485590500,2026-08-23T11:46:30.500Z,-86,2164,1162
1787485590510,2026-08-23T11:46:30.510Z,1777,1808,1785
1787485590520,2026-08-23T11:46:30.520Z,-2390,-2641,117
1787485590530,2026-08-23T11:46:30.530Z,2409,-3039,1472
1787485590540,2026-08-23T11:46:30.540Z,-3841,-3810,1223
1787485590550,2026-08-23T11:46:30.550Z,-2001,-3453,-156
1787485590560,2026-08-23T11:46:30.560Z,-2557,-1710,2670
1787485590570,2026-08-23T11:46:30.570Z,399,120,4223
1787485590580,2026-08-23T11:46:30.580Z,-620,2762,2374
1787485590590,2026-08-23T11:46:30.590Z,-1675,1072,65
1787485590600,2026-08-23T11:46:30.600Z,1757,1608,2526
1787485590610,2026-08-23T11:46:30.610Z,-1742,1580,-829
1787485590620,2026-08-23T11:46:30.620Z,2646,362,-280
1787485590630,2026-08-23T11:46:30.630Z,-1568,-172,-53
1787485590640,2026-08-23T11:46:30.640Z,-291,-3939,3134
1787485590650,2026-08-23T11:46:30.650Z,1432,-1644,-6
1787485590660,2026-08-23T11:46:30.660Z,-4846,-1849,845
1787485590670,2026-08-23T11:46:30.670Z,428,-1090,909
1787485590680,2026-08-23T11:46:30.680Z,-2779,-1656,1006
1787485590690,2026-08-23T11:46:30.690Z,7,-2521,-1796
1787485590700,2026-08-23T11:46:30.700Z,-3041,-2798,-431
1787485590710,2026-08-23T11:46:30.710Z,4224,-2450,559
1787485590720,2026-08-23T11:46:30.720Z,1150,-1054,-1157
1787485590730,2026-08-23T11:46:30.730Z,777,-1139,889
1787485590740,2026-08-23T11:46:30.740Z,-657,1639,-1160
1787485590750,2026-08-23T11:46:30.750Z,-2735,-586,1231
1787485590760,2026-08-23T11:46:30.760Z,-2404,264,1568
1787485590770,2026-08-23T11:46:30.770Z,750,1995,3921
1787485590780,2026-08-23T11:46:30.780Z,-874,3692,2279
1787485590790,2026-08-23T11:46:30.790Z,-2228,-3157,-569
1787485590800,2026-08-23T11:46:30.800Z,3173,-1006,-1239
1787485590810,2026-08-23T11:46:30.810Z,349,-2250,-531
1787485590820,2026-08-23T11:46:30.820Z,2374,-1970,-832
1787485590830,2026-08-23T11:46:30.830Z,443,-2336,-660
1787485590840,2026-08-23T11:46:30.840Z,2314,-3011,-578
1787485590850,2026-08-23T11:46:30.850Z,212,-1482,-583
1787485590860,2026-08-23T11:46:30.860Z,-3544,607,-118
1787485590870,2026-08-23T11:46:30.870Z,-847,602,1574
1787485590880,2026-08-23T11:46:30.880Z,-2159,1919,978
1787485590890,2026-08-23T11:46:30.890Z,2438,1272,2006
1787485590900,2026-08-23T11:46:30.900Z,-1149,1572,2646
1787485590910,2026-08-23T11:46:30.910Z,2834,1943,2568
1787485590920,2026-08-23T11:46:30.920Z,-2719,2271,-1002
1787485590930,2026-08-23T11:46:30.930Z,1358,379,341
1787485590940,2026-08-23T11:46:30.940Z,-3806,-1768,-62
1787485590950,2026-08-23T11:46:30.950Z,591,-1359,141
1787485590960,2026-08-23T11:46:30.960Z,591,-1359,141
1787485590970,2026-08-23T11:46:30.970Z,-2624,-2139,88
1787485590980,2026-08-23T11:46:30.980Z,-2326,-1008,3051
1787485590990,2026-08-23T11:46:30.990Z,17,-1995,2954
1787485591000,2026-08-23T11:46:31.000Z,-1770,2985,-448
1787485591010,2026-08-23T11:46:31.010Z,3366,828,2270
1787485591020,2026-08-23T11:46:31.020Z,1410,966,2266
1787485591030,2026-08-23T11:46:31.030Z,1410,966,2266
1787485591040,2026-08-23T11:46:31.040Z,-2313,1260,586
1787485591050,2026-08-23T11:46:31.050Z,2376,554,2305
1787485591060,2026-08-23T11:46:31.060Z,-3648,-489,-376
1787485591070,2026-08-23T11:46:31.070Z,-989,343,1561
1787485591080,2026-08-23T11:46:31.080Z,402,-565,1240
1787485591090,2026-08-23T11:46:31.090Z,402,-565,1240
1787485591100,2026-08-23T11:46:31.100Z,-880,-1782,-2
1787485591110,2026-08-23T11:46:31.110Z,-2469,-200,332
1787485591120,2026-08-23T11:46:31.120Z,-3325,-1005,725
1787485591130,2026-08-23T11:46:31.130Z,-235,-1063,1188
1787485591140,2026-08-23T11:46:31.140Z,492,-841,390
1787485591150,2026-08-23T11:46:31.150Z,-1519,-512,1082
1787485591160,2026-08-23T11:46:31.160Z,-1896,-1486,1060
1787485591170,2026-08-23T11:46:31.170Z,-1531,-304,1666
1787485591180,2026-08-23T11:46:31.180Z,1090,-131,1497
1787485591190,2026-08-23T11:46:31.190Z,-3049,647,114
1787485591200,2026-08-23T11:46:31.200Z,-1959,-341,392
1787485591210,2026-08-23T11:46:31.210Z,2370,-891,1101
1787485591220,2026-08-23T11:46:31.220Z,-2537,-359,227
1787485591230,2026-08-23T11:46:31.230Z,2383,-325,1680
1787485591240,2026-08-23T11:46:31.240Z,-620,-98,4173
1787485591250,2026-08-23T11:46:31.250Z,1476,780,3233
1787485591260,2026-08-23T11:46:31.260Z,-3737,-1628,313
1787485591270,2026-08-23T11:46:31.270Z,-774,-215,712
1787485591280,2026-08-23T11:46:31.280Z,1090,-5,2002
1787485591290,2026-08-23T11:46:31.290Z,-1337,-490,-64
1787485591300,2026-08-23T11:46:31.300Z,-3320,-618,1115
1787485591310,2026-08-23T11:46:31.310Z,-386,-1021,1637
1787485591320,2026-08-23T11:46:31.320Z,1494,-16,764
1787485591330,2026-08-23T11:46:31.330Z,-1068,-386,-1149
1787485591340,2026-08-23T11:46:31.340Z,-169,-739,1892
1787485591350,2026-08-23T11:46:31.350Z,-169,-739,1892
1787485591360,2026-08-23T11:46:31.360Z,-2907,-1060,2085
1787485591370,2026-08-23T11:46:31.370Z,1421,-527,2110
1787485591380,2026-08-23T11:46:31.380Z,-2530,-1443,355
1787485591390,2026-08-23T11:46:31.390Z,2221,-192,1379
1787485591400,2026-08-23T11:46:31.400Z,-575,-59,-1371
1787485591410,2026-08-23T11:46:31.410Z,-609,-231,-832
1787485591420,2026-08-23T11:46:31.420Z,-609,-231,-832
1787485591430,2026-08-23T11:46:31.430Z,-318,1019,436
1787485591440,2026-08-23T11:46:31.440Z,-13,1134,2310
1787485591450,2026-08-23T11:46:31.450Z,-124,826,562
1787485591460,2026-08-23T11:46:31.460Z,-3092,142,823
1787485591470,2026-08-23T11:46:31.470Z,-2280,684,-58
1787485591480,2026-08-23T11:46:31.480Z,-364,-241,1875
1787485591490,2026-08-23T11:46:31.490Z,-2552,-1436,1852
1787485591500,2026-08-23T11:46:31.500Z,-111,-1816,2546
1787485591510,2026-08-23T11:46:31.510Z,1641,897,1238
1787485591520,2026-08-23T11:46:31.520Z,2459,-380,2978
1787485591530,2026-08-23T11:46:31.530Z,-1845,-578,1149
1787485591540,2026-08-23T11:46:31.540Z,-1081,-21,2193
1787485591550,2026-08-23T11:46:31.550Z,-1619,267,1718
1787485591560,2026-08-23T11:46:31.560Z,-766,203,1700
1787485591570,2026-08-23T11:46:31.570Z,-2853,1064,216
1787485591580,2026-08-23T11:46:31.580Z,143,1069,1117
1787485591590,2026-08-23T11:46:31.590Z,-1986,1115,-666
1787485591600,2026-08-23T11:46:31.600Z,1553,-683,1196
1787485591610,2026-08-23T11:46:31.610Z,2999,-1610,316
1787485591620,2026-08-23T11:46:31.620Z,-2108,-1051,-1261
1787485591630,2026-08-23T11:46:31.630Z,1364,-1053,-358
1787485591640,2026-08-23T11:46:31.640Z,367,-226,296
1787485591650,2026-08-23T11:46:31.650Z,-443,614,-475
1787485591660,2026-08-23T11:46:31.660Z,-155,614,48
1787485591670,2026-08-23T11:46:31.670Z,-51,581,1242
1787485591680,2026-08-23T11:46:31.680Z,-1263,1642,-140
1787485591690,2026-08-23T11:46:31.690Z,-4032,902,1011
1787485591700,2026-08-23T11:46:31.700Z,-639,512,-395
1787485591710,2026-08-23T11:46:31.710Z,-959,434,26
1787485591720,2026-08-23T11:46:31.720Z,-1186,-477,78
1787485591730,2026-08-23T11:46:31.730Z,-1463,-1712,3292
1787485591740,2026-08-23T11:46:31.740Z,1369,-1589,2590
1787485591750,2026-08-23T11:46:31.750Z,-836,-2200,-1302
1787485591760,2026-08-23T11:46:31.760Z,-2453,-2027,173
1787485591770,2026-08-23T11:46:31.770Z,3600,-84,149
1787485591780,2026-08-23T11:46:31.780Z,859,90,-1182
1787485591790,2026-08-23T11:46:31.790Z,2618,1989,-297
1787485591800,2026-08-23T11:46:31.800Z,2618,1989,-297
1787485591810,2026-08-23T11:46:31.810Z,1210,2546,-1192
1787485591820,2026-08-23T11:46:31.820Z,33,1548,-1193
1787485591830,2026-08-23T11:46:31.830Z,3003,1016,550
1787485591840,2026-08-23T11:46:31.840Z,969,141,791
1787485591850,2026-08-23T11:46:31.850Z,969,141,791
1787485591860,2026-08-23T11:46:31.860Z,-2111,1219,-450
1787485591870,2026-08-23T11:46:31.870Z,-2111,1219,-450
1787485591880,2026-08-23T11:46:31.880Z,-2352,-206,-113
1787485591890,2026-08-23T11:46:31.890Z,3577,-323,1552
1787485591900,2026-08-23T11:46:31.900Z,-1965,-404,-812
1787485591910,2026-08-23T11:46:31.910Z,-787,-442,322
1787485591920,2026-08-23T11:46:31.920Z,1917,262,533
1787485591930,2026-08-23T11:46:31.930Z,-2565,-832,-492
1787485591940,2026-08-23T11:46:31.940Z,655,550,2114
1787485591950,2026-08-23T11:46:31.950Z,1168,777,1443
1787485591960,2026-08-23T11:46:31.960Z,616,2172,356
1787485591970,2026-08-23T11:46:31.970Z,-3218,-438,1682
1787485591980,2026-08-23T11:46:31.980Z,-3218,-438,1682
1787485591990,2026-08-23T11:46:31.990Z,-2660,-1897,-443
1787485592000,2026-08-23T11:46:32.000Z,-1507,-241,-627
1787485592010,2026-08-23T11:46:32.010Z,1072,439,-2314
1787485592020,2026-08-23T11:46:32.020Z,-202,859,271
1787485592030,2026-08-23T11:46:32.030Z,-2482,-2692,2522
1787485592040,2026-08-23T11:46:32.040Z,3339,423,603
1787485592050,2026-08-23T11:46:32.050Z,-2856,10,-1188
1787485592060,2026-08-23T11:46:32.060Z,2800,1851,-917
1787485592070,2026-08-23T11:46:32.070Z,2716,-262,-1455
1787485592080,2026-08-23T11:46:32.080Z,-2611,-1336,609
1787485592090,2026-08-23T11:46:32.090Z,-90,-1260,1585
1787485592100,2026-08-23T11:46:32.100Z,-259,-1021,674
1787485592110,2026-08-23T11:46:32.110Z,-1416,-1176,-310
1787485592120,2026-08-23T11:46:32.120Z,-901,-907,-524
1787485592130,2026-08-23T11:46:32.130Z,-1114,210,-416
1787485592140,2026-08-23T11:46:32.140Z,-2280,2132,136
1787485592150,2026-08-23T11:46:32.150Z,-4517,846,297
1787485592160,2026-08-23T11:46:32.160Z,-768,-327,453
1787485592170,2026-08-23T11:46:32.170Z,-2150,-925,75
1787485592180,2026-08-23T11:46:32.180Z,-1477,-685,-215
1787485592190,2026-08-23T11:46:32.190Z,3639,-287,845
1787485592200,2026-08-23T11:46:32.200Z,-745,830,-1158
1787485592210,2026-08-23T11:46:32.210Z,2497,659,454
1787485592220,2026-08-23T11:46:32.220Z,816,123,1673
1787485592230,2026-08-23T11:46:32.230Z,-605,587,1175
1787485592240,2026-08-23T11:46:32.240Z,-1290,582,1533
1787485592250,2026-08-23T11:46:32.250Z,-1290,582,1533
1787485592260,2026-08-23T11:46:32.260Z,-3937,272,322
1787485592270,2026-08-23T11:46:32.270Z,-2889,2578,2028
1787485592280,2026-08-23T11:46:32.280Z,-704,2073,2235
1787485592290,2026-08-23T11:46:32.290Z,-534,6,2271
1787485592300,2026-08-23T11:46:32.300Z,-1163,2175,2365
1787485592310,2026-08-23T11:46:32.310Z,-905,2468,3052
1787485592320,2026-08-23T11:46:32.320Z,-1767,2658,2914
1787485592330,2026-08-23T11:46:32.330Z,-1649,2510,3489
1787485592340,2026-08-23T11:46:32.340Z,-826,808,2674
1787485592350,2026-08-23T11:46:32.350Z,1303,727,3039
1787485592360,2026-08-23T11:46:32.360Z,-1832,5,1980
1787485592370,2026-08-23T11:46:32.370Z,-1784,862,2772
1787485592380,2026-08-23T11:46:32.380Z,-642,875,2032
1787485592390,2026-08-23T11:46:32.390Z,-4307,426,555
1787485592400,2026-08-23T11:46:32.400Z,-1664,-791,2208
1787485592410,2026-08-23T11:46:32.410Z,214,-97,2939
1787485592420,2026-08-23T11:46:32.420Z,-90,-582,1951
1787485592430,2026-08-23T11:46:32.430Z,-347,-858,2296
1787485592440,2026-08-23T11:46:32.440Z,1448,-132,1626
1787485592450,2026-08-23T11:46:32.450Z,-1633,-706,980
1787485592460,2026-08-23T11:46:32.460Z,-1672,753,2128
1787485592470,2026-08-23T11:46:32.470Z,-2877,384,1389
1787485592480,2026-08-23T11:46:32.480Z,-2877,384,1389
1787485592490,2026-08-23T11:46:32.490Z,-1536,1147,511
1787485592500,2026-08-23T11:46:32.500Z,2791,256,1324
1787485592510,2026-08-23T11:46:32.510Z,2791,256,1324
1787485592520,2026-08-23T11:46:32.520Z,-2078,-1395,-1607
1787485592530,2026-08-23T11:46:32.530Z,-183,-1291,924
1787485592540,2026-08-23T11:46:32.540Z,364,-904,1387
1787485592550,2026-08-23T11:46:32.550Z,-1695,-1199,965
1787485592560,2026-08-23T11:46:32.560Z,-682,-617,1147
1787485592570,2026-08-23T11:46:32.570Z,-777,-558,-269
1787485592580,2026-08-23T11:46:32.580Z,-1153,-806,-319
1787485592590,2026-08-23T11:46:32.590Z,-9,-610,917
1787485592600,2026-08-23T11:46:32.600Z,881,-626,1471
1787485592610,2026-08-23T11:46:32.610Z,-164,447,168
1787485592620,2026-08-23T11:46:32.620Z,-785,1120,-1114
1787485592630,2026-08-23T11:46:32.630Z,-760,647,-692
1787485592640,2026-08-23T11:46:32.640Z,1681,1291,635
1787485592650,2026-08-23T11:46:32.650Z,938,1187,1104
1787485592660,2026-08-23T11:46:32.660Z,-853,565,19
1787485592670,2026-08-23T11:46:32.670Z,-380,-246,127
1787485592680,2026-08-23T11:46:32.680Z,160,-643,213
1787485592690,2026-08-23T11:46:32.690Z,-1300,-806,-16
1787485592700,2026-08-23T11:46:32.700Z,-1285,-1387,376
1787485592710,2026-08-23T11:46:32.710Z,-403,-948,825
1787485592720,2026-08-23T11:46:32.720Z,-508,-738,701
1787485592730,2026-08-23T11:46:32.730Z,-802,-180,489
1787485592740,2026-08-23T11:46:32.740Z,25,618,745
1787485592750,2026-08-23T11:46:32.750Z,457,467,1003
1787485592760,2026-08-23T11:46:32.760Z,-819,-469,44
1787485592770,2026-08-23T11:46:32.770Z,-230,-679,222
1787485592780,2026-08-23T11:46:32.780Z,-64,-708,213
1787485592790,2026-08-23T11:46:32.790Z,-331,-1030,212
1787485592800,2026-08-23T11:46:32.800Z,-264,-723,609
1787485592810,2026-08-23T11:46:32.810Z,-278,-313,781
1787485592820,2026-08-23T11:46:32.820Z,-151,-51,317
1787485592830,2026-08-23T11:46:32.830Z,-540,182,-612
1787485592840,2026-08-23T11:46:32.840Z,-1886,-264,-395
1787485592850,2026-08-23T11:46:32.850Z,38,-81,1047
1787485592860,2026-08-23T11:46:32.860Z,-215,-426,937
1787485592870,2026-08-23T11:46:32.870Z,-849,-225,806
1787485592880,2026-08-23T11:46:32.880Z,101,227,224
1787485592890,2026-08-23T11:46:32.890Z,-700,557,-19
1787485592900,2026-08-23T11:46:32.900Z,-361,-290,-52
1787485592910,2026-08-23T11:46:32.910Z,385,831,46
1787485592920,2026-08-23T11:46:32.920Z,591,16,-242
1787485592930,2026-08-23T11:46:32.930Z,-333,-2,302
1787485592940,2026-08-23T11:46:32.940Z,-476,-564,-373
1787485592950,2026-08-23T11:46:32.950Z,-476,-564,-373
1787485592960,2026-08-23T11:46:32.960Z,-496,18,-275
1787485592970,2026-08-23T11:46:32.970Z,-553,672,68
1787485592980,2026-08-23T11:46:32.980Z,848,54,389
1787485592990,2026-08-23T11:46:32.990Z,848,54,389
1787485593000,2026-08-23T11:46:33.000Z,-364,46,56
1787485593010,2026-08-23T11:46:33.010Z,-173,185,717
1787485593020,2026-08-23T11:46:33.020Z,-262,-90,974
1787485593030,2026-08-23T11:46:33.030Z,-336,-143,1037
1787485593040,2026-08-23T11:46:33.040Z,-572,-771,263
1787485593050,2026-08-23T11:46:33.050Z,6,-519,277
1787485593060,2026-08-23T11:46:33.060Z,-1077,-541,342
1787485593070,2026-08-23T11:46:33.070Z,-865,88,1092
1787485593080,2026-08-23T11:46:33.080Z,-1052,282,1044
1787485593090,2026-08-23T11:46:33.090Z,-843,45,1051
1787485593100,2026-08-23T11:46:33.100Z,-747,258,1152
1787485593110,2026-08-23T11:46:33.110Z,-688,508,1342
1787485593120,2026-08-23T11:46:33.120Z,-818,284,1465
1787485593130,2026-08-23T11:46:33.130Z,-555,196,1628
1787485593140,2026-08-23T11:46:33.140Z,-969,288,1378
1787485593150,2026-08-23T11:46:33.150Z,-607,258,1356
1787485593160,2026-08-23T11:46:33.160Z,-880,187,1597
1787485593170,2026-08-23T11:46:33.170Z,-807,-64,1387
1787485593180,2026-08-23T11:46:33.180Z,-831,-19,1377
1787485593190,2026-08-23T11:46:33.190Z,-546,7,1689
1787485593200,2026-08-23T11:46:33.200Z,-811,97,1485
1787485593210,2026-08-23T11:46:33.210Z,-962,104,1410
1787485593220,2026-08-23T11:46:33.220Z,-843,17,1417
1787485593230,2026-08-23T11:46:33.230Z,-895,-138,1335
1787485593240,2026-08-23T11:46:33.240Z,-831,47,1159
1787485593250,2026-08-23T11:46:33.250Z,-612,311,826
1787485593260,2026-08-23T11:46:33.260Z,-612,311,826
1787485593270,2026-08-23T11:46:33.270Z,-480,256,936
1787485593280,2026-08-23T11:46:33.280Z,-430,178,1313
1787485593290,2026-08-23T11:46:33.290Z,-510,347,1407
1787485593300,2026-08-23T11:46:33.300Z,-288,244,1084
1787485593310,2026-08-23T11:46:33.310Z,-864,-102,1053
1787485593320,2026-08-23T11:46:33.320Z,-304,-85,1191
1787485593330,2026-08-23T11:46:33.330Z,-961,-89,991
1787485593340,2026-08-23T11:46:33.340Z,-533,-337,1042
1787485593350,2026-08-23T11:46:33.350Z,-213,153,905
1787485593360,2026-08-23T11:46:33.360Z,-387,350,722
1787485593370,2026-08-23T11:46:33.370Z,-463,308,701
1787485593380,2026-08-23T11:46:33.380Z,63,516,849
1787485593390,2026-08-23T11:46:33.390Z,-62,343,878
1787485593400,2026-08-23T11:46:33.400Z,-380,303,942
1787485593410,2026-08-23T11:46:33.410Z,-162,240,868
1787485593420,2026-08-23T11:46:33.420Z,-745,218,616
1787485593430,2026-08-23T11:46:33.430Z,-794,660,1120
1787485593440,2026-08-23T11:46:33.440Z,-847,1039,1026
1787485593450,2026-08-23T11:46:33.450Z,-445,1056,644
1787485593460,2026-08-23T11:46:33.460Z,-813,835,550
1787485593470,2026-08-23T11:46:33.470Z,-372,1119,1094
1787485593480,2026-08-23T11:46:33.480Z,-589,1170,984
1787485593490,2026-08-23T11:46:33.490Z,-932,1117,770
1787485593500,2026-08-23T11:46:33.500Z,-839,1271,806
1787485593510,2026-08-23T11:46:33.510Z,-360,997,902
1787485593520,2026-08-23T11:46:33.520Z,-428,1021,640
1787485593530,2026-08-23T11:46:33.530Z,-705,786,435
1787485593540,2026-08-23T11:46:33.540Z,-705,786,435
1787485593550,2026-08-23T11:46:33.550Z,-614,1065,668
1787485593560,2026-08-23T11:46:33.560Z,-765,1207,394
1787485593570,2026-08-23T11:46:33.570Z,-259,1287,425
1787485593580,2026-08-23T11:46:33.580Z,-616,1323,241
1787485593590,2026-08-23T11:46:33.590Z,-392,1208,707
1787485593600,2026-08-23T11:46:33.600Z,-551,1005,494
1787485593610,2026-08-23T11:46:33.610Z,-879,976,327
1787485593620,2026-08-23T11:46:33.620Z,-565,1065,670
1787485593630,2026-08-23T11:46:33.630Z,-677,1125,643
1787485593640,2026-08-23T11:46:33.640Z,-723,1111,560
1787485593650,2026-08-23T11:46:33.650Z,-585,1135,742
1787485593660,2026-08-23T11:46:33.660Z,-758,1321,770
1787485593670,2026-08-23T11:46:33.670Z,19,1358,861
1787485593680,2026-08-23T11:46:33.680Z,-743,1349,626
1787485593690,2026-08-23T11:46:33.690Z,-717,1315,775
1787485593700,2026-08-23T11:46:33.700Z,-426,1191,1181
1787485593710,2026-08-23T11:46:33.710Z,-602,1260,1103
1787485593720,2026-08-23T11:46:33.720Z,-915,1435,1192
1787485593730,2026-08-23T11:46:33.730Z,-382,1639,1338
1787485593740,2026-08-23T11:46:33.740Z,-940,1212,776
1787485593750,2026-08-23T11:46:33.750Z,-921,1303,1072
1787485593760,2026-08-23T11:46:33.760Z,-801,787,1354
1787485593770,2026-08-23T11:46:33.770Z,-801,787,1354
1787485593780,2026-08-23T11:46:33.780Z,-678,1084,1250
1787485593790,2026-08-23T11:46:33.790Z,-815,1181,1075
1787485593800,2026-08-23T11:46:33.800Z,-852,963,890
1787485593810,2026-08-23T11:46:33.810Z,-468,888,899
1787485593820,2026-08-23T11:46:33.820Z,-459,752,679
1787485593830,2026-08-23T11:46:33.830Z,-169,675,726
1787485593840,2026-08-23T11:46:33.840Z,-475,517,577
1787485593850,2026-08-23T11:46:33.850Z,-567,611,697
1787485593860,2026-08-23T11:46:33.860Z,-254,661,734
1787485593870,2026-08-23T11:46:33.870Z,-912,658,438
1787485593880,2026-08-23T11:46:33.880Z,-571,646,581
1787485593890,2026-08-23T11:46:33.890Z,-435,643,612
1787485593900,2026-08-23T11:46:33.900Z,-670,176,365
1787485593910,2026-08-23T11:46:33.910Z,-237,126,724
1787485593920,2026-08-23T11:46:33.920Z,-362,164,969
1787485593930,2026-08-23T11:46:33.930Z,229,441,1037
1787485593940,2026-08-23T11:46:33.940Z,-750,502,902
1787485593950,2026-08-23T11:46:33.950Z,-25,628,1055
1787485593960,2026-08-23T11:46:33.960Z,-691,626,781
1787485593970,2026-08-23T11:46:33.970Z,-364,310,901
1787485593980,2026-08-23T11:46:33.980Z,-555,354,616
1787485593990,2026-08-23T11:46:33.990Z,-422,198,775
1787485594000,2026-08-23T11:46:34.000Z,-611,-187,700
1787485594010,2026-08-23T11:46:34.010Z,-226,-41,517
1787485594020,2026-08-23T11:46:34.020Z,-382,15,391
1787485594030,2026-08-23T11:46:34.030Z,-76,-60,512
1787485594040,2026-08-23T11:46:34.040Z,-242,-147,502
1787485594050,2026-08-23T11:46:34.050Z,-89,126,713
1787485594060,2026-08-23T11:46:34.060Z,-293,169,650
1787485594070,2026-08-23T11:46:34.070Z,-590,252,833
1787485594080,2026-08-23T11:46:34.080Z,-116,408,1240
1787485594090,2026-08-23T11:46:34.090Z,-1064,275,904
1787485594100,2026-08-23T11:46:34.100Z,-373,894,1409
1787485594110,2026-08-23T11:46:34.110Z,-825,547,1439
1787485594120,2026-08-23T11:46:34.120Z,-394,422,1462
1787485594130,2026-08-23T11:46:34.130Z,-853,15,910
1787485594140,2026-08-23T11:46:34.140Z,-182,29,980
1787485594150,2026-08-23T11:46:34.150Z,-715,106,677
1787485594160,2026-08-23T11:46:34.160Z,-100,266,947
1787485594170,2026-08-23T11:46:34.170Z,-128,250,726
1787485594180,2026-08-23T11:46:34.180Z,-461,233,632
1787485594190,2026-08-23T11:46:34.190Z,-544,247,781
1787485594200,2026-08-23T11:46:34.200Z,-504,447,932
1787485594210,2026-08-23T11:46:34.210Z,-412,617,986
1787485594220,2026-08-23T11:46:34.220Z,-838,657,850
1787485594230,2026-08-23T11:46:34.230Z,-622,747,1120
1787485594240,2026-08-23T11:46:34.240Z,261,743,797
1787485594250,2026-08-23T11:46:34.250Z,-283,747,675
1787485594260,2026-08-23T11:46:34.260Z,-288,581,590
1787485594270,2026-08-23T11:46:34.270Z,-789,538,688
1787485594280,2026-08-23T11:46:34.280Z,-632,306,868
1787485594290,2026-08-23T11:46:34.290Z,6,399,972
1787485594300,2026-08-23T11:46:34.300Z,-1347,323,640
1787485594310,2026-08-23T11:46:34.310Z,-1120,433,1179
1787485594320,2026-08-23T11:46:34.320Z,-91,582,1288
1787485594330,2026-08-23T11:46:34.330Z,-612,468,643
1787485594340,2026-08-23T11:46:34.340Z,-462,682,703
1787485594350,2026-08-23T11:46:34.350Z,-507,493,887
1787485594360,2026-08-23T11:46:34.360Z,-95,751,882
1787485594370,2026-08-23T11:46:34.370Z,-158,1020,578
1787485594380,2026-08-23T11:46:34.380Z,-153,861,382
1787485594390,2026-08-23T11:46:34.390Z,-874,655,269
1787485594400,2026-08-23T11:46:34.400Z,-207,530,754
1787485594410,2026-08-23T11:46:34.410Z,-60,688,1183
1787485594420,2026-08-23T11:46:34.420Z,-307,503,821
1787485594430,2026-08-23T11:46:34.430Z,-675,380,517
1787485594440,2026-08-23T11:46:34.440Z,-421,349,888
1787485594450,2026-08-23T11:46:34.450Z,-25,524,747
1787485594460,2026-08-23T11:46:34.460Z,-865,287,319
1787485594470,2026-08-23T11:46:34.470Z,419,776,891
1787485594480,2026-08-23T11:46:34.480Z,219,934,283
1787485594490,2026-08-23T11:46:34.490Z,-625,691,96
1787485594500,2026-08-23T11:46:34.500Z,190,744,709
1787485594510,2026-08-23T11:46:34.510Z,175,1007,642
1787485594520,2026-08-23T11:46:34.520Z,-315,919,653
1787485594530,2026-08-23T11:46:34.530Z,-439,819,744
1787485594540,2026-08-23T11:46:34.540Z,-88,732,833
1787485594550,2026-08-23T11:46:34.550Z,-431,657,415
1787485594560,2026-08-23T11:46:34.560Z,93,460,735
1787485594570,2026-08-23T11:46:34.570Z,12,449,508
1787485594580,2026-08-23T11:46:34.580Z,-300,627,416
1787485594590,2026-08-23T11:46:34.590Z,271,684,697
1787485594600,2026-08-23T11:46:34.600Z,319,1106,736
1787485594610,2026-08-23T11:46:34.610Z,-440,1206,450
1787485594620,2026-08-23T11:46:34.620Z,-95,1265,705
1787485594630,2026-08-23T11:46:34.630Z,-409,1166,614
1787485594640,2026-08-23T11:46:34.640Z,-495,864,856
1787485594650,2026-08-23T11:46:34.650Z,312,790,723
1787485594660,2026-08-23T11:46:34.660Z,-1223,615,336
1787485594670,2026-08-23T11:46:34.670Z,232,592,1070
1787485594680,2026-08-23T11:46:34.680Z,-247,433,312
1787485594690,2026-08-23T11:46:34.690Z,-502,310,271
1787485594700,2026-08-23T11:46:34.700Z,-631,298,482
1787485594710,2026-08-23T11:46:34.710Z,441,440,800
1787485594720,2026-08-23T11:46:34.720Z,-163,508,490
1787485594730,2026-08-23T11:46:34.730Z,101,543,505
1787485594740,2026-08-23T11:46:34.740Z,-229,641,524
1787485594750,2026-08-23T11:46:34.750Z,256,720,632
1787485594760,2026-08-23T11:46:34.760Z,-91,445,393
1787485594770,2026-08-23T11:46:34.770Z,-91,445,393
1787485594780,2026-08-23T11:46:34.780Z,-24,434,463
1787485594790,2026-08-23T11:46:34.790Z,169,456,396
1787485594800,2026-08-23T11:46:34.800Z,72,527,770
1787485594810,2026-08-23T11:46:34.810Z,-223,616,178
1787485594820,2026-08-23T11:46:34.820Z,-223,616,178
1787485594830,2026-08-23T11:46:34.830Z,-538,608,98
1787485594840,2026-08-23T11:46:34.840Z,121,605,588
1787485594850,2026-08-23T11:46:34.850Z,-198,511,316
1787485594860,2026-08-23T11:46:34.860Z,-264,339,572
1787485594870,2026-08-23T11:46:34.870Z,420,429,428
1787485594880,2026-08-23T11:46:34.880Z,-526,416,559
1787485594890,2026-08-23T11:46:34.890Z,179,365,1127
1787485594900,2026-08-23T11:46:34.900Z,-245,575,622
1787485594910,2026-08-23T11:46:34.910Z,-736,514,338
1787485594920,2026-08-23T11:46:34.920Z,-245,471,484
1787485594930,2026-08-23T11:46:34.930Z,-43,764,587
1787485594940,2026-08-23T11:46:34.940Z,-405,582,414
1787485594950,2026-08-23T11:46:34.950Z,373,244,802
1787485594960,2026-08-23T11:46:34.960Z,-215,198,495
1787485594970,2026-08-23T11:46:34.970Z,-805,283,192
1787485594980,2026-08-23T11:46:34.980Z,-581,280,713
1787485594990,2026-08-23T11:46:34.990Z,-9,696,697
1787485595000,2026-08-23T11:46:35.000Z,-548,343,340
1787485595010,2026-08-23T11:46:35.010Z,-331,465,1188
1787485595020,2026-08-23T11:46:35.020Z,-183,484,831
1787485595030,2026-08-23T11:46:35.030Z,-354,766,683
1787485595040,2026-08-23T11:46:35.040Z,-138,566,692
1787485595050,2026-08-23T11:46:35.050Z,-204,625,505
1787485595060,2026-08-23T11:46:35.060Z,-457,789,234
1787485595070,2026-08-23T11:46:35.070Z,-423,700,885
1787485595080,2026-08-23T11:46:35.080Z,454,549,1032
1787485595090,2026-08-23T11:46:35.090Z,-795,453,338
1787485595100,2026-08-23T11:46:35.100Z,-249,585,769
1787485595110,2026-08-23T11:46:35.110Z,-185,524,617
1787485595120,2026-08-23T11:46:35.120Z,-835,627,331
1787485595130,2026-08-23T11:46:35.130Z,-1087,927,587
1787485595140,2026-08-23T11:46:35.140Z,-461,748,827
1787485595150,2026-08-23T11:46:35.150Z,-1132,1162,114
1787485595160,2026-08-23T11:46:35.160Z,-516,1458,818
1787485595170,2026-08-23T11:46:35.170Z,-642,1246,1178
1787485595180,2026-08-23T11:46:35.180Z,76,1007,841
1787485595190,2026-08-23T11:46:35.190Z,-58,850,914
1787485595200,2026-08-23T11:46:35.200Z,-1885,702,548
1787485595210,2026-08-23T11:46:35.210Z,-1885,702,548
1787485595220,2026-08-23T11:46:35.220Z,1098,833,1145
1787485595230,2026-08-23T11:46:35.230Z,22,944,823
1787485595240,2026-08-23T11:46:35.240Z,-724,1005,417
1787485595250,2026-08-23T11:46:35.250Z,-757,1147,425
1787485595260,2026-08-23T11:46:35.260Z,-282,1515,776
1787485595270,2026-08-23T11:46:35.270Z,-274,1369,748
1787485595280,2026-08-23T11:46:35.280Z,-703,1507,468
1787485595290,2026-08-23T11:46:35.290Z,-397,1682,585
1787485595300,2026-08-23T11:46:35.300Z,-535,1438,504
1787485595310,2026-08-23T11:46:35.310Z,320,1130,1029
1787485595320,2026-08-23T11:46:35.320Z,-632,980,638
1787485595330,2026-08-23T11:46:35.330Z,-508,1216,893
1787485595340,2026-08-23T11:46:35.340Z,652,1042,896
1787485595350,2026-08-23T11:46:35.350Z,752,1135,303
1787485595360,2026-08-23T11:46:35.360Z,-530,716,-238
1787485595370,2026-08-23T11:46:35.370Z,451,1054,535
1787485595380,2026-08-23T11:46:35.380Z,-1129,809,168
1787485595390,2026-08-23T11:46:35.390Z,-304,1235,185
1787485595400,2026-08-23T11:46:35.400Z,-752,1152,-229
1787485595410,2026-08-23T11:46:35.410Z,-471,1428,91
1787485595420,2026-08-23T11:46:35.420Z,-142,1549,481
1787485595430,2026-08-23T11:46:35.430Z,-1081,1645,-70
1787485595440,2026-08-23T11:46:35.440Z,-451,1531,14
1787485595450,2026-08-23T11:46:35.450Z,-656,1284,-32
1787485595460,2026-08-23T11:46:35.460Z,-253,567,97
1787485595470,2026-08-23T11:46:35.470Z,-557,679,-104
1787485595480,2026-08-23T11:46:35.480Z,-490,442,6
1787485595490,2026-08-23T11:46:35.490Z,-459,367,-105
1787485595500,2026-08-23T11:46:35.500Z,-384,319,-76
1787485595510,2026-08-23T11:46:35.510Z,-244,486,-164
1787485595520,2026-08-23T11:46:35.520Z,45,581,-138
1787485595530,2026-08-23T11:46:35.530Z,-282,729,-246
1787485595540,2026-08-23T11:46:35.540Z,188,812,-149
1787485595550,2026-08-23T11:46:35.550Z,-21,1062,-218
1787485595560,2026-08-23T11:46:35.560Z,-63,1038,-30
1787485595570,2026-08-23T11:46:35.570Z,-79,909,58
1787485595580,2026-08-23T11:46:35.580Z,-222,685,-88
1787485595590,2026-08-23T11:46:35.590Z,-121,547,-195
1787485595600,2026-08-23T11:46:35.600Z,-196,633,-103
1787485595610,2026-08-23T11:46:35.610Z,-212,497,-25
1787485595620,2026-08-23T11:46:35.620Z,-307,564,-211
1787485595630,2026-08-23T11:46:35.630Z,-499,572,-314
1787485595640,2026-08-23T11:46:35.640Z,-256,565,-109
1787485595650,2026-08-23T11:46:35.650Z,-278,624,-78
1787485595660,2026-08-23T11:46:35.660Z,-58,733,-106
1787485595670,2026-08-23T11:46:35.670Z,-356,656,-313
1787485595680,2026-08-23T11:46:35.680Z,26,681,-5
1787485595690,2026-08-23T11:46:35.690Z,-113,705,157
1787485595700,2026-08-23T11:46:35.700Z,-141,648,-124
1787485595710,2026-08-23T11:46:35.710Z,-206,754,-379
1787485595720,2026-08-23T11:46:35.720Z,-231,757,-305
1787485595730,2026-08-23T11:46:35.730Z,13,619,10
1787485595740,2026-08-23T11:46:35.740Z,-249,532,-154
1787485595750,2026-08-23T11:46:35.750Z,-87,529,-219
1787485595760,2026-08-23T11:46:35.760Z,-65,404,-71
1787485595770,2026-08-23T11:46:35.770Z,-65,404,-71
1787485595780,2026-08-23T11:46:35.780Z,-120,444,-121
1787485595790,2026-08-23T11:46:35.790Z,-264,425,-298
1787485595800,2026-08-23T11:46:35.800Z,-90,538,-146
1787485595810,2026-08-23T11:46:35.810Z,-138,231,16
1787485595820,2026-08-23T11:46:35.820Z,-43,304,60
1787485595830,2026-08-23T11:46:35.830Z,-641,220,424
1787485595840,2026-08-23T11:46:35.840Z,-1224,96,-152
1787485595850,2026-08-23T11:46:35.850Z,1763,284,-60
1787485595860,2026-08-23T11:46:35.860Z,-501,-2,-740
1787485595870,2026-08-23T11:46:35.870Z,-868,-158,-27
1787485595880,2026-08-23T11:46:35.880Z,885,95,642
1787485595890,2026-08-23T11:46:35.890Z,-105,-124,-232
1787485595900,2026-08-23T11:46:35.900Z,-1183,-310,-682
1787485595910,2026-08-23T11:46:35.910Z,-672,-737,-345
1787485595920,2026-08-23T11:46:35.920Z,1100,-604,-208
1787485595930,2026-08-23T11:46:35.930Z,-881,-597,-882
1787485595940,2026-08-23T11:46:35.940Z,-598,-1268,-242
1787485595950,2026-08-23T11:46:35.950Z,503,-800,-300
1787485595960,2026-08-23T11:46:35.960Z,-2003,-1310,-1355
1787485595970,2026-08-23T11:46:35.970Z,-865,-769,-746
1787485595980,2026-08-23T11:46:35.980Z,-820,-579,-584
1787485595990,2026-08-23T11:46:35.990Z,500,-1591,-106
1787485596000,2026-08-23T11:46:36.000Z,664,1907,-2381
1787485596010,2026-08-23T11:46:36.010Z,-1400,2511,-1406
1787485596020,2026-08-23T11:46:36.020Z,-1400,2511,-1406
1787485596030,2026-08-23T11:46:36.030Z,-1894,1390,-350
1787485596040,2026-08-23T11:46:36.040Z,-1894,1390,-350
1787485596050,2026-08-23T11:46:36.050Z,346,2051,302
1787485596060,2026-08-23T11:46:36.060Z,832,3545,1289
1787485596070,2026-08-23T11:46:36.070Z,-2860,3316,203
1787485596080,2026-08-23T11:46:36.080Z,1248,2723,989
1787485596090,2026-08-23T11:46:36.090Z,-2599,3508,-447
1787485596100,2026-08-23T11:46:36.100Z,30,1776,198
1787485596110,2026-08-23T11:46:36.110Z,1059,-81,435
1787485596120,2026-08-23T11:46:36.120Z,397,1948,-216
1787485596130,2026-08-23T11:46:36.130Z,-934,1972,418
1787485596140,2026-08-23T11:46:36.140Z,-1646,921,677
1787485596150,2026-08-23T11:46:36.150Z,-456,1189,-729
1787485596160,2026-08-23T11:46:36.160Z,-3794,-112,-1023
1787485596170,2026-08-23T11:46:36.170Z,366,167,524
1787485596180,2026-08-23T11:46:36.180Z,346,-538,-24
1787485596190,2026-08-23T11:46:36.190Z,-633,-825,-740
1787485596200,2026-08-23T11:46:36.200Z,-635,-699,-544
1787485596210,2026-08-23T11:46:36.210Z,635,-345,34
1787485596220,2026-08-23T11:46:36.220Z,-1850,990,-1957
1787485596230,2026-08-23T11:46:36.230Z,-1850,990,-1957
1787485596240,2026-08-23T11:46:36.240Z,731,599,-619
1787485596250,2026-08-23T11:46:36.250Z,958,1592,-372
1787485596260,2026-08-23T11:46:36.260Z,2385,1627,-700
1787485596270,2026-08-23T11:46:36.270Z,2385,1627,-700
1787485596280,2026-08-23T11:46:36.280Z,2158,612,536
1787485596290,2026-08-23T11:46:36.290Z,-593,1247,-775
1787485596300,2026-08-23T11:46:36.300Z,-631,1240,-530
1787485596310,2026-08-23T11:46:36.310Z,736,257,-78
1787485596320,2026-08-23T11:46:36.320Z,-1860,-261,-997
1787485596330,2026-08-23T11:46:36.330Z,-316,-145,-1083
1787485596340,2026-08-23T11:46:36.340Z,715,585,366
1787485596350,2026-08-23T11:46:36.350Z,60,-523,46
1787485596360,2026-08-23T11:46:36.360Z,706,-148,-305
1787485596370,2026-08-23T11:46:36.370Z,-483,341,-1918
1787485596380,2026-08-23T11:46:36.380Z,-565,-229,-1868
1787485596390,2026-08-23T11:46:36.390Z,1146,-137,255
1787485596400,2026-08-23T11:46:36.400Z,-465,665,-1070
1787485596410,2026-08-23T11:46:36.410Z,2291,1076,309
1787485596420,2026-08-23T11:46:36.420Z,-105,2449,-1129
1787485596430,2026-08-23T11:46:36.430Z,-268,2480,-437
1787485596440,2026-08-23T11:46:36.440Z,-50,1341,-1315
1787485596450,2026-08-23T11:46:36.450Z,1491,1729,-1325
1787485596460,2026-08-23T11:46:36.460Z,-130,343,-1350
1787485596470,2026-08-23T11:46:36.470Z,-813,-156,-488
1787485596480,2026-08-23T11:46:36.480Z,618,-612,-26
1787485596490,2026-08-23T11:46:36.490Z,-923,1032,-1899
1787485596500,2026-08-23T11:46:36.500Z,1680,2094,-1566
1787485596510,2026-08-23T11:46:36.510Z,-2384,1960,-2187
1787485596520,2026-08-23T11:46:36.520Z,292,1785,-101
1787485596530,2026-08-23T11:46:36.530Z,-2308,1793,-1387
1787485596540,2026-08-23T11:46:36.540Z,1933,2117,-731
1787485596550,2026-08-23T11:46:36.550Z,-2376,2005,-1542
1787485596560,2026-08-23T11:46:36.560Z,-351,1773,-667
1787485596570,2026-08-23T11:46:36.570Z,273,1050,-626
1787485596580,2026-08-23T11:46:36.580Z,-1860,-286,-1159
1787485596590,2026-08-23T11:46:36.590Z,1550,316,-1040
1787485596600,2026-08-23T11:46:36.600Z,-986,162,-1082
1787485596610,2026-08-23T11:46:36.610Z,737,-213,152
1787485596620,2026-08-23T11:46:36.620Z,1091,-59,-716
1787485596630,2026-08-23T11:46:36.630Z,-1761,1023,-1863
1787485596640,2026-08-23T11:46:36.640Z,-486,438,-931
1787485596650,2026-08-23T11:46:36.650Z,-251,971,-79
1787485596660,2026-08-23T11:46:36.660Z,-127,1201,-421
1787485596670,2026-08-23T11:46:36.670Z,785,1143,-1111
1787485596680,2026-08-23T11:46:36.680Z,53,475,-1145
1787485596690,2026-08-23T11:46:36.690Z,1374,1093,-869
1787485596700,2026-08-23T11:46:36.700Z,-385,391,-1052
1787485596710,2026-08-23T11:46:36.710Z,85,315,-394
1787485596720,2026-08-23T11:46:36.720Z,-30,941,-1179
1787485596730,2026-08-23T11:46:36.730Z,-947,1062,-886
1787485596740,2026-08-23T11:46:36.740Z,829,281,331
1787485596750,2026-08-23T11:46:36.750Z,-2097,-587,-779
1787485596760,2026-08-23T11:46:36.760Z,2134,626,-44
1787485596770,2026-08-23T11:46:36.770Z,-1695,890,-1284
1787485596780,2026-08-23T11:46:36.780Z,211,-67,-643
1787485596790,2026-08-23T11:46:36.790Z,1374,1327,275
1787485596800,2026-08-23T11:46:36.800Z,-1232,518,-1117
1787485596810,2026-08-23T11:46:36.810Z,-603,782,-536
1787485596820,2026-08-23T11:46:36.820Z,-474,619,-414
1787485596830,2026-08-23T11:46:36.830Z,-263,601,-388
1787485596840,2026-08-23T11:46:36.840Z,-144,42,-498
1787485596850,2026-08-23T11:46:36.850Z,41,1023,-366
1787485596860,2026-08-23T11:46:36.860Z,-1674,1687,-1215
1787485596870,2026-08-23T11:46:36.870Z,-1916,248,-1139
1787485596880,2026-08-23T11:46:36.880Z,-2578,756,-2092
1787485596890,2026-08-23T11:46:36.890Z,2073,702,587
1787485596900,2026-08-23T11:46:36.900Z,-359,220,-503
1787485596910,2026-08-23T11:46:36.910Z,-98,996,-392
1787485596920,2026-08-23T11:46:36.920Z,114,-127,-664
1787485596930,2026-08-23T11:46:36.930Z,230,519,-508
1787485596940,2026-08-23T11:46:36.940Z,-1110,718,106
1787485596950,2026-08-23T11:46:36.950Z,-1375,997,-830
1787485596960,2026-08-23T11:46:36.960Z,181,1112,11
1787485596970,2026-08-23T11:46:36.970Z,1052,899,15
1787485596980,2026-08-23T11:46:36.980Z,1052,899,15
1787485596990,2026-08-23T11:46:36.990Z,-1553,549,-302
1787485597000,2026-08-23T11:46:37.000Z,1462,699,645
1787485597010,2026-08-23T11:46:37.010Z,3785,477,890
1787485597020,2026-08-23T11:46:37.020Z,3785,477,890
1787485597030,2026-08-23T11:46:37.030Z,3156,-39,-733
1787485597040,2026-08-23T11:46:37.040Z,-1074,140,-976
1787485597050,2026-08-23T11:46:37.050Z,-1909,-1124,-1159
1787485597060,2026-08-23T11:46:37.060Z,-1103,242,102
1787485597070,2026-08-23T11:46:37.070Z,-2449,431,-532
1787485597080,2026-08-23T11:46:37.080Z,-791,675,-1837
1787485597090,2026-08-23T11:46:37.090Z,-2272,377,-1081
1787485597100,2026-08-23T11:46:37.100Z,-2633,142,-373
1787485597110,2026-08-23T11:46:37.110Z,-2675,555,-987
1787485597120,2026-08-23T11:46:37.120Z,-1703,446,-1672
1787485597130,2026-08-23T11:46:37.130Z,-1916,528,-469
1787485597140,2026-08-23T11:46:37.140Z,920,1181,-167
1787485597150,2026-08-23T11:46:37.150Z,746,1140,758
1787485597160,2026-08-23T11:46:37.160Z,-637,1098,-609
1787485597170,2026-08-23T11:46:37.170Z,-793,240,-546
1787485597180,2026-08-23T11:46:37.180Z,240,945,-962
1787485597190,2026-08-23T11:46:37.190Z,-1966,277,-825
1787485597200,2026-08-23T11:46:37.200Z,-354,303,-542
1787485597210,2026-08-23T11:46:37.210Z,-1707,628,-1180
1787485597220,2026-08-23T11:46:37.220Z,-1401,743,-840
1787485597230,2026-08-23T11:46:37.230Z,1093,568,673
1787485597240,2026-08-23T11:46:37.240Z,265,1132,380
1787485597250,2026-08-23T11:46:37.250Z,-927,536,-568
1787485597260,2026-08-23T11:46:37.260Z,-2570,739,-855
1787485597270,2026-08-23T11:46:37.270Z,-483,-365,-486
1787485597280,2026-08-23T11:46:37.280Z,-2254,832,-956
1787485597290,2026-08-23T11:46:37.290Z,-864,807,-728
1787485597300,2026-08-23T11:46:37.300Z,-530,590,-295
1787485597310,2026-08-23T11:46:37.310Z,-551,349,-161
1787485597320,2026-08-23T11:46:37.320Z,-101,184,251
1787485597330,2026-08-23T11:46:37.330Z,-387,473,-356
1787485597340,2026-08-23T11:46:37.340Z,-1087,180,-832
1787485597350,2026-08-23T11:46:37.350Z,-1848,960,-2482
1787485597360,2026-08-23T11:46:37.360Z,-1311,-263,-781
1787485597370,2026-08-23T11:46:37.370Z,-1635,228,-164
1787485597380,2026-08-23T11:46:37.380Z,-225,727,-649
1787485597390,2026-08-23T11:46:37.390Z,-545,465,-143
1787485597400,2026-08-23T11:46:37.400Z,177,1095,-117
1787485597410,2026-08-23T11:46:37.410Z,-1163,434,-657
1787485597420,2026-08-23T11:46:37.420Z,-1248,356,-158
1787485597430,2026-08-23T11:46:37.430Z,-1369,507,-614
1787485597440,2026-08-23T11:46:37.440Z,-1421,637,-919
1787485597450,2026-08-23T11:46:37.450Z,-1161,453,-873
1787485597460,2026-08-23T11:46:37.460Z,-1520,-2,-840
1787485597470,2026-08-23T11:46:37.470Z,-1320,23,-1053
1787485597480,2026-08-23T11:46:37.480Z,-650,415,-858
1787485597490,2026-08-23T11:46:37.490Z,-2054,309,-1090
1787485597500,2026-08-23T11:46:37.500Z,-668,477,-282
1787485597510,2026-08-23T11:46:37.510Z,-2042,524,-1010
1787485597520,2026-08-23T11:46:37.520Z,-991,995,-1151
1787485597530,2026-08-23T11:46:37.530Z,-1871,888,-949
1787485597540,2026-08-23T11:46:37.540Z,-1394,522,-590
1787485597550,2026-08-23T11:46:37.550Z,-487,792,-411
1787485597560,2026-08-23T11:46:37.560Z,-543,-9,-37
1787485597570,2026-08-23T11:46:37.570Z,42,591,-247
1787485597580,2026-08-23T11:46:37.580Z,-1360,231,-381
1787485597590,2026-08-23T11:46:37.590Z,-1164,549,-866
1787485597600,2026-08-23T11:46:37.600Z,-1545,755,-947
1787485597610,2026-08-23T11:46:37.610Z,-1420,85,-308
1787485597620,2026-08-23T11:46:37.620Z,-711,500,-477
1787485597630,2026-08-23T11:46:37.630Z,-1973,182,-1049
1787485597640,2026-08-23T11:46:37.640Z,-194,143,-307
1787485597650,2026-08-23T11:46:37.650Z,-1077,372,-637
1787485597660,2026-08-23T11:46:37.660Z,-1165,150,-779
1787485597670,2026-08-23T11:46:37.670Z,-618,582,-653
1787485597680,2026-08-23T11:46:37.680Z,-665,1054,-923
1787485597690,2026-08-23T11:46:37.690Z,-945,486,-562
1787485597700,2026-08-23T11:46:37.700Z,-1543,207,-594
1787485597710,2026-08-23T11:46:37.710Z,-804,722,-112
1787485597720,2026-08-23T11:46:37.720Z,268,749,-243
1787485597730,2026-08-23T11:46:37.730Z,-676,310,-259
1787485597740,2026-08-23T11:46:37.740Z,-1131,517,-724
1787485597750,2026-08-23T11:46:37.750Z,-527,765,-567
1787485597760,2026-08-23T11:46:37.760Z,-1420,300,-387
1787485597770,2026-08-23T11:46:37.770Z,-1537,310,-826
1787485597780,2026-08-23T11:46:37.780Z,-1236,311,-588
1787485597790,2026-08-23T11:46:37.790Z,-1039,535,-541
1787485597800,2026-08-23T11:46:37.800Z,-458,497,-96
1787485597810,2026-08-23T11:46:37.810Z,-844,403,-233
1787485597820,2026-08-23T11:46:37.820Z,-805,504,-366
1787485597830,2026-08-23T11:46:37.830Z,-47,786,-222
1787485597840,2026-08-23T11:46:37.840Z,-1232,184,-162
1787485597850,2026-08-23T11:46:37.850Z,-1235,155,-656
1787485597860,2026-08-23T11:46:37.860Z,-1929,542,-1009
1787485597870,2026-08-23T11:46:37.870Z,-1143,600,-413
1787485597880,2026-08-23T11:46:37.880Z,-986,552,-601
1787485597890,2026-08-23T11:46:37.890Z,-197,617,99
1787485597900,2026-08-23T11:46:37.900Z,-197,617,99
1787485597910,2026-08-23T11:46:37.910Z,-602,481,-61
1787485597920,2026-08-23T11:46:37.920Z,-1008,479,-345
1787485597930,2026-08-23T11:46:37.930Z,-524,584,-226
1787485597940,2026-08-23T11:46:37.940Z,-671,493,-196
1787485597950,2026-08-23T11:46:37.950Z,-760,321,-282
1787485597960,2026-08-23T11:46:37.960Z,-585,272,-251
1787485597970,2026-08-23T11:46:37.970Z,-668,313,-288
1787485597980,2026-08-23T11:46:37.980Z,-804,361,-334
1787485597990,2026-08-23T11:46:37.990Z,-715,470,-332
1787485598000,2026-08-23T11:46:38.000Z,-774,432,-254
1787485598010,2026-08-23T11:46:38.010Z,-667,465,-248
1787485598020,2026-08-23T11:46:38.020Z,-803,554,-348
1787485598030,2026-08-23T11:46:38.030Z,-803,554,-348
1787485598040,2026-08-23T11:46:38.040Z,-706,519,-262
1787485598050,2026-08-23T11:46:38.050Z,-838,470,-318
1787485598060,2026-08-23T11:46:38.060Z,-814,484,-383
1787485598070,2026-08-23T11:46:38.070Z,-710,505,-343
1787485598080,2026-08-23T11:46:38.080Z,-760,444,-337
1787485598090,2026-08-23T11:46:38.090Z,-839,505,-417
1787485598100,2026-08-23T11:46:38.100Z,-824,538,-379
1787485598110,2026-08-23T11:46:38.110Z,-675,531,-313
1787485598120,2026-08-23T11:46:38.120Z,-833,459,-482
1787485598130,2026-08-23T11:46:38.130Z,-1084,487,-417
1787485598140,2026-08-23T11:46:38.140Z,-509,545,-440
1787485598150,2026-08-23T11:46:38.150Z,-231,248,-130
1787485598160,2026-08-23T11:46:38.160Z,-1515,507,-742
1787485598170,2026-08-23T11:46:38.170Z,-901,660,-525
1787485598180,2026-08-23T11:46:38.180Z,-256,609,-120
1787485598190,2026-08-23T11:46:38.190Z,-787,383,-285
1787485598200,2026-08-23T11:46:38.200Z,-1079,502,-597
1787485598210,2026-08-23T11:46:38.210Z,-784,624,-480
1787485598220,2026-08-23T11:46:38.220Z,-668,503,-336
1787485598230,2026-08-23T11:46:38.230Z,-924,386,-422
1787485598240,2026-08-23T11:46:38.240Z,-747,566,-422
1787485598250,2026-08-23T11:46:38.250Z,-566,480,-263
1787485598260,2026-08-23T11:46:38.260Z,-843,364,-346
1787485598270,2026-08-23T11:46:38.270Z,-1073,432,-532
1787485598280,2026-08-23T11:46:38.280Z,-706,528,-357
1787485598290,2026-08-23T11:46:38.290Z,-742,408,-376
1787485598300,2026-08-23T11:46:38.300Z,-961,402,-483
1787485598310,2026-08-23T11:46:38.310Z,-973,525,-540
1787485598320,2026-08-23T11:46:38.320Z,-574,447,-286
1787485598330,2026-08-23T11:46:38.330Z,-935,381,-481
1787485598340,2026-08-23T11:46:38.340Z,-1055,457,-569
1787485598350,2026-08-23T11:46:38.350Z,-733,562,-420
1787485598360,2026-08-23T11:46:38.360Z,-740,409,-320
1787485598370,2026-08-23T11:46:38.370Z,-916,429,-426
1787485598380,2026-08-23T11:46:38.380Z,-889,545,-408
1787485598390,2026-08-23T11:46:38.390Z,-675,619,-303
1787485598400,2026-08-23T11:46:38.400Z,-792,357,-307
1787485598410,2026-08-23T11:46:38.410Z,-967,438,-432
1787485598420,2026-08-23T11:46:38.420Z,-705,559,-344
1787485598430,2026-08-23T11:46:38.430Z,-573,525,-223
1787485598440,2026-08-23T11:46:38.440Z,-1030,432,-485
1787485598450,2026-08-23T11:46:38.450Z,-875,549,-424
1787485598460,2026-08-23T11:46:38.460Z,-625,436,-269
1787485598470,2026-08-23T11:46:38.470Z,-891,374,-401
1787485598480,2026-08-23T11:46:38.480Z,-1000,489,-521
1787485598490,2026-08-23T11:46:38.490Z,-817,580,-419
1787485598500,2026-08-23T11:46:38.500Z,-552,530,-283
1787485598510,2026-08-23T11:46:38.510Z,-1037,415,-532
1787485598520,2026-08-23T11:46:38.520Z,-929,527,-514
1787485598530,2026-08-23T11:46:38.530Z,-623,573,-349
1787485598540,2026-08-23T11:46:38.540Z,-881,391,-413
1787485598550,2026-08-23T11:46:38.550Z,-926,465,-487
1787485598560,2026-08-23T11:46:38.560Z,-723,542,-369
1787485598570,2026-08-23T11:46:38.570Z,-615,498,-283
1787485598580,2026-08-23T11:46:38.580Z,-887,384,-440
1787485598590,2026-08-23T11:46:38.590Z,-857,542,-457
1787485598600,2026-08-23T11:46:38.600Z,-669,568,-331
1787485598610,2026-08-23T11:46:38.610Z,-650,448,-303
1787485598620,2026-08-23T11:46:38.620Z,-962,385,-498
1787485598630,2026-08-23T11:46:38.630Z,-726,559,-401
1787485598640,2026-08-23T11:46:38.640Z,-546,532,-246
1787485598650,2026-08-23T11:46:38.650Z,-882,390,-411
1787485598660,2026-08-23T11:46:38.660Z,-1022,421,-544
1787485598670,2026-08-23T11:46:38.670Z,-611,553,-301
1787485598680,2026-08-23T11:46:38.680Z,-661,449,-280
1787485598690,2026-08-23T11:46:38.690Z,-919,401,-424
1787485598700,2026-08-23T11:46:38.700Z,-924,496,-469
1787485598710,2026-08-23T11:46:38.710Z,-602,517,-247
1787485598720,2026-08-23T11:46:38.720Z,-771,403,-319
1787485598730,2026-08-23T11:46:38.730Z,-1047,435,-498
1787485598740,2026-08-23T11:46:38.740Z,-874,554,-474
1787485598750,2026-08-23T11:46:38.750Z,-791,431,-306
1787485598760,2026-08-23T11:46:38.760Z,-1014,412,-480
1787485598770,2026-08-23T11:46:38.770Z,-908,490,-498
1787485598780,2026-08-23T11:46:38.780Z,-683,542,-356
1787485598790,2026-08-23T11:46:38.790Z,-766,400,-389
1787485598800,2026-08-23T11:46:38.800Z,-945,438,-519
1787485598810,2026-08-23T11:46:38.810Z,-814,513,-431
1787485598820,2026-08-23T11:46:38.820Z,-726,450,-300
1787485598830,2026-08-23T11:46:38.830Z,-977,406,-454
1787485598840,2026-08-23T11:46:38.840Z,-911,492,-500
1787485598850,2026-08-23T11:46:38.850Z,-712,533,-339
1787485598860,2026-08-23T11:46:38.860Z,-820,405,-400
1787485598870,2026-08-23T11:46:38.870Z,-1029,460,-537
1787485598880,2026-08-23T11:46:38.880Z,-802,533,-422
1787485598890,2026-08-23T11:46:38.890Z,-603,540,-289
1787485598900,2026-08-23T11:46:38.900Z,-995,405,-510
1787485598910,2026-08-23T11:46:38.910Z,-975,509,-529
1787485598920,2026-08-23T11:46:38.920Z,-655,568,-314
1787485598930,2026-08-23T11:46:38.930Z,-516,492,-248
1787485598940,2026-08-23T11:46:38.940Z,-1095,426,-588
1787485598950,2026-08-23T11:46:38.950Z,-820,543,-425
1787485598960,2026-08-23T11:46:38.960Z,-497,566,-218
1787485598970,2026-08-23T11:46:38.970Z,-1020,392,-482
1787485598980,2026-08-23T11:46:38.980Z,-820,501,-429
1787485598990,2026-08-23T11:46:38.990Z,-650,557,-318
1787485599000,2026-08-23T11:46:39.000Z,-700,494,-279
1787485599010,2026-08-23T11:46:39.010Z,-1036,414,-467
1787485599020,2026-08-23T11:46:39.020Z,-604,535,-298
1787485599030,2026-08-23T11:46:39.030Z,-629,490,-290
1787485599040,2026-08-23T11:46:39.040Z,-849,405,-405
1787485599050,2026-08-23T11:46:39.050Z,-893,534,-476
1787485599060,2026-08-23T11:46:39.060Z,-625,544,-290
1787485599070,2026-08-23T11:46:39.070Z,-607,459,-261
1787485599080,2026-08-23T11:46:39.080Z,-841,392,-396
1787485599090,2026-08-23T11:46:39.090Z,-959,459,-502
1787485599100,2026-08-23T11:46:39.100Z,-532,518,-226
1787485599110,2026-08-23T11:46:39.110Z,-829,404,-391
1787485599120,2026-08-23T11:46:39.120Z,-1052,425,-539
1787485599130,2026-08-23T11:46:39.130Z,-907,532,-471
1787485599140,2026-08-23T11:46:39.140Z,-628,463,-278
1787485599150,2026-08-23T11:46:39.150Z,-978,366,-492
1787485599160,2026-08-23T11:46:39.160Z,-1026,462,-555
1787485599170,2026-08-23T11:46:39.170Z,-814,555,-432
1787485599180,2026-08-23T11:46:39.180Z,-853,398,-381
1787485599190,2026-08-23T11:46:39.190Z,-999,433,-497
1787485599200,2026-08-23T11:46:39.200Z,-795,527,-404
1787485599210,2026-08-23T11:46:39.210Z,-624,550,-292
1787485599220,2026-08-23T11:46:39.220Z,-952,383,-481
1787485599230,2026-08-23T11:46:39.230Z,-947,497,-521
1787485599240,2026-08-23T11:46:39.240Z,-584,506,-266
1787485599250,2026-08-23T11:46:39.250Z,-836,400,-384
1787485599260,2026-08-23T11:46:39.260Z,-992,442,-511
1787485599270,2026-08-23T11:46:39.270Z,-771,523,-403
1787485599280,2026-08-23T11:46:39.280Z,-639,546,-280
1787485599290,2026-08-23T11:46:39.290Z,-947,404,-461
1787485599300,2026-08-23T11:46:39.300Z,-933,508,-491
1787485599310,2026-08-23T11:46:39.310Z,-679,539,-331
1787485599320,2026-08-23T11:46:39.320Z,-609,500,-276
1787485599330,2026-08-23T11:46:39.330Z,-1008,454,-509
1787485599340,2026-08-23T11:46:39.340Z,-797,539,-400
1787485599350,2026-08-23T11:46:39.350Z,-593,544,-275
1787485599360,2026-08-23T11:46:39.360Z,-704,409,-300
1787485599370,2026-08-23T11:46:39.370Z,-905,500,-499
1787485599380,2026-08-23T11:46:39.380Z,-670,557,-332
1787485599390,2026-08-23T11:46:39.390Z,-618,493,-235
1787485599400,2026-08-23T11:46:39.400Z,-939,407,-420
1787485599410,2026-08-23T11:46:39.410Z,-716,518,-370
1787485599420,2026-08-23T11:46:39.420Z,-670,516,-322
1787485599430,2026-08-23T11:46:39.430Z,-848,415,-402
1787485599440,2026-08-23T11:46:39.440Z,-1009,454,-534
1787485599450,2026-08-23T11:46:39.450Z,-637,533,-323
1787485599460,2026-08-23T11:46:39.460Z,-643,452,-308
1787485599470,2026-08-23T11:46:39.470Z,-935,479,-511
1787485599480,2026-08-23T11:46:39.480Z,-935,479,-511
1787485599490,2026-08-23T11:46:39.490Z,-601,519,-255
1787485599500,2026-08-23T11:46:39.500Z,-831,408,-361
1787485599510,2026-08-23T11:46:39.510Z,-978,453,-490
1787485599520,2026-08-23T11:46:39.520Z,-785,529,-401
1787485599530,2026-08-23T11:46:39.530Z,-709,466,-301
1787485599540,2026-08-23T11:46:39.540Z,-952,404,-479
1787485599550,2026-08-23T11:46:39.550Z,-954,487,-519
1787485599560,2026-08-23T11:46:39.560Z,-736,526,-375
1787485599570,2026-08-23T11:46:39.570Z,-825,403,-407
1787485599580,2026-08-23T11:46:39.580Z,-1041,441,-562
1787485599590,2026-08-23T11:46:39.590Z,-791,516,-454
1787485599600,2026-08-23T11:46:39.600Z,-569,530,-288
1787485599610,2026-08-23T11:46:39.610Z,-953,414,-475
1787485599620,2026-08-23T11:46:39.620Z,-829,485,-428
1787485599630,2026-08-23T11:46:39.630Z,-662,532,-294
1787485599640,2026-08-23T11:46:39.640Z,-672,488,-266
1787485599650,2026-08-23T11:46:39.650Z,-934,484,-481
1787485599660,2026-08-23T11:46:39.660Z,-745,538,-350
1787485599670,2026-08-23T11:46:39.670Z,-686,534,-294
1787485599680,2026-08-23T11:46:39.680Z,-820,447,-375
1787485599690,2026-08-23T11:46:39.690Z,-835,505,-443
1787485599700,2026-08-23T11:46:39.700Z,-629,527,-307
1787485599710,2026-08-23T11:46:39.710Z,-672,464,-327
1787485599720,2026-08-23T11:46:39.720Z,-1007,468,-538
1787485599730,2026-08-23T11:46:39.730Z,-787,546,-393
1787485599740,2026-08-23T11:46:39.740Z,-533,530,-250
1787485599750,2026-08-23T11:46:39.750Z,-756,394,-355
1787485599760,2026-08-23T11:46:39.760Z,-878,518,-454
1787485599770,2026-08-23T11:46:39.770Z,-625,569,-291
1787485599780,2026-08-23T11:46:39.780Z,-629,461,-258
1787485599790,2026-08-23T11:46:39.790Z,-1004,373,-485
1787485599800,2026-08-23T11:46:39.800Z,-693,563,-354
1787485599810,2026-08-23T11:46:39.810Z,-656,529,-305
1787485599820,2026-08-23T11:46:39.820Z,-901,405,-404
1787485599830,2026-08-23T11:46:39.830Z,-975,443,-486
1787485599840,2026-08-23T11:46:39.840Z,-625,539,-324
1787485599850,2026-08-23T11:46:39.850Z,-760,417,-342
1787485599860,2026-08-23T11:46:39.860Z,-972,412,-501
1787485599870,2026-08-23T11:46:39.870Z,-826,521,-448
1787485599880,2026-08-23T11:46:39.880Z,-699,474,-321
1787485599890,2026-08-23T11:46:39.890Z,-854,405,-414
1787485599900,2026-08-23T11:46:39.900Z,-921,465,-479
1787485599910,2026-08-23T11:46:39.910Z,-761,522,-383
1787485599920,2026-08-23T11:46:39.920Z,-755,433,-329
1787485599930,2026-08-23T11:46:39.930Z,-987,426,-478
1787485599940,2026-08-23T11:46:39.940Z,-851,509,-451
1787485599950,2026-08-23T11:46:39.950Z,-698,543,-325
1787485599960,2026-08-23T11:46:39.960Z,-888,405,-435
1787485599970,2026-08-23T11:46:39.970Z,-964,482,-495
1787485599980,2026-08-23T11:46:39.980Z,-793,530,-394
1787485599990,2026-08-23T11:46:39.990Z,-578,532,-274
1787485600000,2026-08-23T11:46:40.000Z,-976,412,-497
1787485600010,2026-08-23T11:46:40.010Z,-870,502,-482
1787485600020,2026-08-23T11:46:40.020Z,-704,551,-339
1787485600030,2026-08-23T11:46:40.030Z,-658,483,-297
1787485600040,2026-08-23T11:46:40.040Z,-940,465,-495
1787485600050,2026-08-23T11:46:40.050Z,-803,527,-405
1787485600060,2026-08-23T11:46:40.060Z,-616,531,-312
1787485600070,2026-08-23T11:46:40.070Z,-751,414,-355
1787485600080,2026-08-23T11:46:40.080Z,-854,507,-440
1787485600090,2026-08-23T11:46:40.090Z,-649,559,-299
1787485600100,2026-08-23T11:46:40.100Z,-695,477,-317
1787485600110,2026-08-23T11:46:40.110Z,-952,388,-442
1787485600120,2026-08-23T11:46:40.120Z,-753,546,-363
1787485600130,2026-08-23T11:46:40.130Z,-613,528,-268
1787485600140,2026-08-23T11:46:40.140Z,-794,398,-370
1787485600150,2026-08-23T11:46:40.150Z,-815,517,-426
1787485600160,2026-08-23T11:46:40.160Z,-627,556,-291
1787485600170,2026-08-23T11:46:40.170Z,-671,458,-309
1787485600180,2026-08-23T11:46:40.180Z,-970,385,-482
1787485600190,2026-08-23T11:46:40.190Z,-954,477,-525
1787485600200,2026-08-23T11:46:40.200Z,-546,529,-237
1787485600210,2026-08-23T11:46:40.210Z,-846,387,-382
1787485600220,2026-08-23T11:46:40.220Z,-1015,425,-529
1787485600230,2026-08-23T11:46:40.230Z,-610,571,-290
1787485600240,2026-08-23T11:46:40.240Z,-720,452,-308
1787485600250,2026-08-23T11:46:40.250Z,-998,402,-496
1787485600260,2026-08-23T11:46:40.260Z,-908,488,-492
1787485600270,2026-08-23T11:46:40.270Z,-612,514,-271
1787485600280,2026-08-23T11:46:40.280Z,-855,393,-401
1787485600290,2026-08-23T11:46:40.290Z,-989,446,-524
1787485600300,2026-08-23T11:46:40.300Z,-754,524,-384
1787485600310,2026-08-23T11:46:40.310Z,-785,432,-355
1787485600320,2026-08-23T11:46:40.320Z,-955,410,-492
1787485600330,2026-08-23T11:46:40.330Z,-854,496,-461
1787485600340,2026-08-23T11:46:40.340Z,-702,551,-336
1787485600350,2026-08-23T11:46:40.350Z,-842,397,-419
1787485600360,2026-08-23T11:46:40.360Z,-1010,436,-523
1787485600370,2026-08-23T11:46:40.370Z,-756,534,-381
1787485600380,2026-08-23T11:46:40.380Z,-562,554,-246
1787485600390,2026-08-23T11:46:40.390Z,-1019,399,-511
1787485600400,2026-08-23T11:46:40.400Z,-900,502,-465
1787485600410,2026-08-23T11:46:40.410Z,-662,566,-303
1787485600420,2026-08-23T11:46:40.420Z,-592,486,-273
1787485600430,2026-08-23T11:46:40.430Z,-1080,447,-570
1787485600440,2026-08-23T11:46:40.440Z,-731,560,-382
1787485600450,2026-08-23T11:46:40.450Z,-487,557,-240
1787485600460,2026-08-23T11:46:40.460Z,-830,392,-374
1787485600470,2026-08-23T11:46:40.470Z,-833,517,-426
1787485600480,2026-08-23T11:46:40.480Z,-606,569,-288
1787485600490,2026-08-23T11:46:40.490Z,-659,461,-290
1787485600500,2026-08-23T11:46:40.500Z,-934,490,-493
1787485600510,2026-08-23T11:46:40.510Z,-707,561,-361
1787485600520,2026-08-23T11:46:40.520Z,-641,516,-296
1787485600530,2026-08-23T11:46:40.530Z,-871,393,-406
1787485600540,2026-08-23T11:46:40.540Z,-808,529,-438
1787485600550,2026-08-23T11:46:40.550Z,-644,547,-308
1787485600560,2026-08-23T11:46:40.560Z,-704,435,-325
1787485600570,2026-08-23T11:46:40.570Z,-949,400,-471
1787485600580,2026-08-23T11:46:40.580Z,-903,494,-469
1787485600590,2026-08-23T11:46:40.590Z,-564,507,-241
1787485600600,2026-08-23T11:46:40.600Z,-861,389,-392
1787485600610,2026-08-23T11:46:40.610Z,-1017,452,-513
1787485600620,2026-08-23T11:46:40.620Z,-624,553,-297
1787485600630,2026-08-23T11:46:40.630Z,-753,434,-352
1787485600640,2026-08-23T11:46:40.640Z,-964,394,-493
1787485600650,2026-08-23T11:46:40.650Z,-938,497,-508
1787485600660,2026-08-23T11:46:40.660Z,-550,498,-260
1787485600670,2026-08-23T11:46:40.670Z,-884,367,-412
1787485600680,2026-08-23T11:46:40.680Z,-1026,452,-521
1787485600690,2026-08-23T11:46:40.690Z,-750,544,-397
1787485600700,2026-08-23T11:46:40.700Z,-783,415,-336
1787485600710,2026-08-23T11:46:40.710Z,-994,418,-488
1787485600720,2026-08-23T11:46:40.720Z,-701,553,-333
1787485600730,2026-08-23T11:46:40.730Z,-701,553,-333
1787485600740,2026-08-23T11:46:40.740Z,-875,388,-430
1787485600750,2026-08-23T11:46:40.750Z,-948,473,-502
1787485600760,2026-08-23T11:46:40.760Z,-617,536,-293
1787485600770,2026-08-23T11:46:40.770Z,-617,536,-293
1787485600780,2026-08-23T11:46:40.780Z,-978,418,-489
1787485600790,2026-08-23T11:46:40.790Z,-874,506,-467
1787485600800,2026-08-23T11:46:40.800Z,-638,559,-303
1787485600810,2026-08-23T11:46:40.810Z,-624,477,-263
1787485600820,2026-08-23T11:46:40.820Z,-950,466,-509
1787485600830,2026-08-23T11:46:40.830Z,-717,544,-357
1787485600840,2026-08-23T11:46:40.840Z,-583,542,-255
1787485600850,2026-08-23T11:46:40.850Z,-833,400,-387
1787485600860,2026-08-23T11:46:40.860Z,-840,520,-459
1787485600870,2026-08-23T11:46:40.870Z,-605,565,-290
1787485600880,2026-08-23T11:46:40.880Z,-719,458,-306
1787485600890,2026-08-23T11:46:40.890Z,-983,400,-469
1787485600900,2026-08-23T11:46:40.900Z,-662,543,-326
1787485600910,2026-08-23T11:46:40.910Z,-613,512,-265
1787485600920,2026-08-23T11:46:40.920Z,-872,397,-399
1787485600930,2026-08-23T11:46:40.930Z,-995,454,-540
1787485600940,2026-08-23T11:46:40.940Z,-653,549,-322
1787485600950,2026-08-23T11:46:40.950Z,-749,454,-336
1787485600960,2026-08-23T11:46:40.960Z,-970,412,-478
1787485600970,2026-08-23T11:46:40.970Z,-858,486,-476
1787485600980,2026-08-23T11:46:40.980Z,-619,498,-279
1787485600990,2026-08-23T11:46:40.990Z,-861,397,-413
